Quality Gate No,Quality gate type,Tracking ID/Tote ID,Audit Location,SM/GTNL/Stack Merge,Product Placed As per Volumetric?,Tote Size,Issue,Samples Studied,Samples Failed,Tote Utilization %,Able to fit in Small Tote?,Auditee Contact/Ops POC,Units Studied,Units Failed,Remarks,Actual Product FSN/Actual Loc id/Bin Id
,OB Audit,B0S1SUGK,Staging Area,,Yes,,Missing,1,1,,,,121,109,Short,
,OB Audit,B0QTT7AW,Staging Area,,Yes,,Missing,1,1,,,,40,34,Short,
,OB Audit,B0T2FLSI,Staging Area,,Yes,,No Issue,1,0,,,,4,0,No Issue,
,OB Audit,B0T2BJVG,Staging Area,,Yes,,No Issue,1,0,,,,4,0,No Issue,
,OB Audit,B0T2BJTS,Staging Area,,Yes,,No Issue,1,0,,,,14,0,No Issue,
,OB Audit,B0T2FLOM,Staging Area,,Yes,,No Issue,1,0,,,,7,0,No Issue,
,OB Audit,B0T2FLWE,Staging Area,,Yes,,No Issue,1,0,,,,1,0,No Issue,
,OB Audit,B0SZM2TW,Staging Area,,Yes,,No Issue,1,0,,,,14,0,No Issue,
,OB Audit,B0T2BJV6,Staging Area,,Yes,,No Issue,1,0,,,,55,0,No Issue,
,OB Audit,B0T2FLRY,Staging Area,,Yes,,No Issue,1,0,,,,8,0,No Issue,
,OB Audit,B0T2BJW0,Staging Area,,Yes,,No Issue,1,0,,,,8,0,No Issue,
,OB Audit,B0T2FLQK,Staging Area,,Yes,,No Issue,1,0,,,,2,0,No Issue,
,OB Audit,B0T2BKAG,Staging Area,,Yes,,No Issue,1,0,,,,52,0,No Issue,
,OB Audit,B0T2BKA6,Staging Area,,Yes,,No Issue,1,0,,,,10,0,No Issue,
,OB Audit,B0T2FLTM,Staging Area,,Yes,,No Issue,1,0,,,,9,0,No Issue,
,OB Audit,B0T2BKBA,Staging Area,,Yes,,No Issue,1,0,,,,5,0,No Issue,
,OB Audit,B0T2BJVQ,Staging Area,,Yes,,No Issue,1,0,,,,5,0,No Issue,
,OB Audit,B0SZM2V0,Staging Area,,Yes,,No Issue,1,0,,,,27,0,No Issue,
,OB Audit,B0T2FLQ0,Staging Area,,Yes,,No Issue,1,0,,,,2,0,No Issue,
,OB Audit,B0T2BJSY,Staging Area,,Yes,,No Issue,1,0,,,,13,0,No Issue,
,OB Audit,B0SZM2RO,Staging Area,,Yes,,No Issue,1,0,,,,22,0,No Issue,
,OB Audit,B0T2FLV0,Staging Area,,Yes,,No Issue,1,0,,,,12,0,No Issue,
,OB Audit,B0T2BJSO,Staging Area,,Yes,,No Issue,1,0,,,,9,0,No Issue,
,OB Audit,B0T2FLTW,Staging Area,,Yes,,No Issue,1,0,,,,12,0,No Issue,
,OB Audit,B0T2BK0G,Staging Area,,Yes,,No Issue,1,0,,,,112,0,No Issue,
,OB Audit,B0T2FLVA,Staging Area,,Yes,,No Issue,1,0,,,,1,0,No Issue,
,OB Audit,B0T2FLUQ,Staging Area,,Yes,,No Issue,1,0,,,,7,0,No Issue,
,OB Audit,B0SZM2RY,Staging Area,,Yes,,No Issue,1,0,,,,9,0,No Issue,
,OB Audit,B0SZM2U6,Staging Area,,Yes,,No Issue,1,0,,,,56,0,No Issue,
,OB Audit,B0T2BK3I,Staging Area,,Yes,,No Issue,1,0,,,,47,0,No Issue,
,OB Audit,B0T2BJXY,Staging Area,,Yes,,No Issue,1,0,,,,82,0,No Issue,
,OB Audit,B0SX9Z6W,Staging Area,,Yes,,No Issue,1,0,,,,1,0,No Issue,
,OB Audit,B0T2BKE2,Staging Area,,Yes,,No Issue,1,0,,,,8,0,No Issue,
,OB Audit,B0T2BK56,Staging Area,,Yes,,No Issue,1,0,,,,16,0,No Issue,
,OB Audit,B0T2BK9W,Staging Area,,Yes,,No Issue,1,0,,,,100,0,No Issue,
,OB Audit,B0SZM2UQ,Staging Area,,Yes,,No Issue,1,0,,,,133,0,No Issue,
,OB Audit,B0T2FLU6,Staging Area,,Yes,,No Issue,1,0,,,,9,0,No Issue,
,OB Audit,B0T2BKGA,Staging Area,,Yes,,No Issue,1,0,,,,110,0,No Issue,
,OB Audit,B0T2FLS8,Staging Area,,Yes,,No Issue,1,0,,,,1,0,No Issue,
,OB Audit,B0T2BJSE,Staging Area,,Yes,,No Issue,1,0,,,,10,0,No Issue,
,OB Audit,B0T2FLRE,Staging Area,,Yes,,No Issue,1,0,,,,1,0,No Issue,
,OB Audit,B0T2BJYI,Staging Area,,Yes,,No Issue,1,0,,,,3,0,No Issue,
,OB Audit,B0T2BJXO,Staging Area,,Yes,,No Issue,1,0,,,,100,0,No Issue,
,OB Audit,B0T2BK92,Staging Area,,Yes,,No Issue,1,0,,,,15,0,No Issue,
,OB Audit,B0T2BK4M,Staging Area,,Yes,,No Issue,1,0,,,,100,0,No Issue,
,OB Audit,B0SX9Z5I,Staging Area,,Yes,,No Issue,1,0,,,,250,0,No Issue,
,OB Audit,B0T2BKGU,Staging Area,,Yes,,No Issue,1,0,,,,77,0,No Issue,
,OB Audit,B0T2BK06,Staging Area,,Yes,,No Issue,1,0,,,,101,0,No Issue,
,OB Audit,B0T2BK1U,Staging Area,,Yes,,No Issue,1,0,,,,156,0,No Issue,
,OB Audit,B0T2BJR0,Staging Area,,Yes,,No Issue,1,0,,,,75,0,No Issue,
,OB Audit,B0T2BK6U,Staging Area,,Yes,,No Issue,1,0,,,,79,0,No Issue,
,OB Audit,B0T2BJZW,Staging Area,,Yes,,No Issue,1,0,,,,48,0,No Issue,
,OB Audit,B0T2BK2E,Staging Area,,Yes,,No Issue,1,0,,,,100,0,No Issue,
,OB Audit,B0T2BJRU,Staging Area,,Yes,,No Issue,1,0,,,,250,0,No Issue,
,OB Audit,B0T2BJZ2,Staging Area,,Yes,,No Issue,1,0,,,,2,0,No Issue,
,OB Audit,B0T2BK10,Staging Area,,Yes,,No Issue,1,0,,,,125,0,No Issue,
,OB Audit,B0SZM300,Staging Area,,Yes,,No Issue,1,0,,,,53,0,No Issue,
,OB Audit,B0T2BK42,Staging Area,,Yes,,No Issue,1,0,,,,100,0,No Issue,
,OB Audit,B0T2BJY8,Staging Area,,Yes,,No Issue,1,0,,,,103,0,No Issue,
,OB Audit,B0T2BK4W,Staging Area,,Yes,,No Issue,1,0,,,,100,0,No Issue,
,OB Audit,B0T2BKCY,Staging Area,,Yes,,No Issue,1,0,,,,12,0,No Issue,
,OB Audit,B0T2FM0K,Staging Area,,Yes,,No Issue,1,0,,,,12,0,No Issue,
,OB Audit,B0SZM2I8,Staging Area,,Yes,,No Issue,1,0,,,,2,0,No Issue,
,OB Audit,B0SZM2II,Staging Area,,Yes,,No Issue,1,0,,,,1,0,No Issue,
,OB Audit,B0SZM2H4,Staging Area,,Yes,,No Issue,1,0,,,,2,0,No Issue,
,OB Audit,B0T2BK0Q,Staging Area,,Yes,,No Issue,1,0,,,,103,0,No Issue,
,OB Audit,B0T2FM0A,Staging Area,,Yes,,No Issue,1,0,,,,2,0,No Issue,
,OB Audit,B0SZM2J2,Staging Area,,Yes,,No Issue,1,0,,,,1,0,No Issue,
,OB Audit,B0SZM2GK,Staging Area,,Yes,,No Issue,1,0,,,,3,0,No Issue,
,OB Audit,B0T2BKGK,Staging Area,,Yes,,No Issue,1,0,,,,100,0,No Issue,
,OB Audit,B0SZM2JC,Staging Area,,Yes,,No Issue,1,0,,,,1,0,No Issue,
,OB Audit,B0T2FLZQ,Staging Area,,Yes,,No Issue,1,0,,,,12,0,No Issue,
,OB Audit,B0T2BK1K,Staging Area,,Yes,,No Issue,1,0,,,,2,0,No Issue,
,OB Audit,B0T2BKBK,Staging Area,,Yes,,No Issue,1,0,,,,24,0,No Issue,
,OB Audit,B0T2FLWO,Staging Area,,Yes,,No Issue,1,0,,,,2,0,No Issue,
,OB Audit,B0T2BKHO,Staging Area,,Yes,,No Issue,1,0,,,,69,0,No Issue,
,OB Audit,B0T2BK5Q,Staging Area,,Yes,,No Issue,1,0,,,,100,0,No Issue,
,OB Audit,B0T2BKB0,Staging Area,,Yes,,No Issue,1,0,,,,18,0,No Issue,
,OB Audit,B0SZM30A,Staging Area,,Yes,,No Issue,1,0,,,,106,0,No Issue,
,OB Audit,B0T2FLVU,Staging Area,,Yes,,No Issue,1,0,,,,2,0,No Issue,
,OB Audit,B0SZM2LU,Staging Area,,Yes,,No Issue,1,0,,,,1,0,No Issue,
,OB Audit,B0SMGB4W,Staging Area,,Yes,,No Issue,1,0,,,,1,0,No Issue,
,OB Audit,B0T2BK6A,Staging Area,,Yes,,No Issue,1,0,,,,56,0,No Issue,
,OB Audit,B0T2BKC4,Staging Area,,Yes,,No Issue,1,0,,,,65,0,No Issue,
,OB Audit,B0T2BJYS,Staging Area,,Yes,,No Issue,1,0,,,,30,0,No Issue,
,OB Audit,B0SX9Z3K,Staging Area,,Yes,,No Issue,1,0,,,,46,0,No Issue,
,OB Audit,B0SX9Z58,Staging Area,,Yes,,No Issue,1,0,,,,78,0,No Issue,
,OB Audit,B0T2BKDS,Staging Area,,Yes,,No Issue,1,0,,,,1,0,No Issue,
,OB Audit,B0T2BKFQ,Staging Area,,Yes,,No Issue,1,0,,,,1,0,No Issue,
,OB Audit,B0T2BK4C,Staging Area,,Yes,,No Issue,1,0,,,,84,0,No Issue,
,OB Audit,B0T0PK3Q,Staging Area,,Yes,,No Issue,1,0,,,,61,0,No Issue,
,OB Audit,B0T0PK40,Staging Area,,Yes,,No Issue,1,0,,,,19,0,No Issue,
,OB Audit,B0T0PK40,Staging Area,,Yes,,No Issue,1,0,,,,19,0,No Issue,
,OB Audit,B0T47DMS,Staging Area,,Yes,,No Issue,1,0,,,,39,0,No Issue,
,OB Audit,B0T431VK,Staging Area,,Yes,,No Issue,1,0,,,,105,0,No Issue,
,OB Audit,B0T47DJ6,Staging Area,,Yes,,No Issue,1,0,,,,136,0,No Issue,
,OB Audit,B0T431VU,Staging Area,,Yes,,No Issue,1,0,,,,48,0,No Issue,
,OB Audit,B0T432FUB0T432FU,Staging Area,,Yes,,No Issue,1,0,,,,105,0,No Issue,
,OB Audit,B0T431Y2,Staging Area,,Yes,,No Issue,1,0,,,,100,0,No Issue,
,OB Audit,B0T47DNC,Staging Area,,Yes,,No Issue,1,0,,,,134,0,No Issue,
,OB Audit,B0T0PJUA,Staging Area,,Yes,,No Issue,1,0,,,,33,0,No Issue,
,OB Audit,B0T432GE,Staging Area,,Yes,,No Issue,1,0,,,,177,0,No Issue,
,OB Audit,B0T0PK9U,Staging Area,,Yes,,No Issue,1,0,,,,170,0,No Issue,
,OB Audit,B0T0PJR8,Staging Area,,Yes,,No Issue,1,0,,,,251,0,No Issue,
,OB Audit,B0T0PJPA,Staging Area,,Yes,,No Issue,1,0,,,,254,0,No Issue,
,OB Audit,B0T47DU0,Staging Area,,Yes,,No Issue,1,0,,,,9,0,No Issue,
,OB Audit,B0T47DUK,Staging Area,,Yes,,No Issue,1,0,,,,10,0,No Issue,
,OB Audit,B0T47DV4,Staging Area,,Yes,,No Issue,1,0,,,,12,0,No Issue,
,OB Audit,B0T47DVO,Staging Area,,Yes,,No Issue,1,0,,,,2,0,No Issue,
,OB Audit,B0T432M8,Staging Area,,Yes,,No Issue,1,0,,,,177,0,No Issue,
,OB Audit,B0T47DVY,Staging Area,,Yes,,No Issue,1,0,,,,11,0,No Issue,
,OB Audit,B0T47DKA,Staging Area,,Yes,,No Issue,1,0,,,,3,0,No Issue,
,OB Audit,B0T47DL4,Staging Area,,Yes,,No Issue,1,0,,,,26,0,No Issue,
,OB Audit,B0T47DTG,Staging Area,,Yes,,No Issue,1,0,,,,15,0,No Issue,
,OB Audit,B0T47DLO,Staging Area,,Yes,,No Issue,1,0,,,,10,0,No Issue,
,OB Audit,B0T47DXW,Staging Area,,Yes,,No Issue,1,0,,,,7,0,No Issue,
,OB Audit,B0T0PJVE,Staging Area,,Yes,,No Issue,1,0,,,,167,0,No Issue,
,OB Audit,B0T47DIW,Staging Area,,Yes,,No Issue,1,0,,,,22,0,No Issue,
,OB Audit,B0T47DZA,Staging Area,,Yes,,No Issue,1,0,,,,19,0,No Issue,
,OB Audit,B0T47DM8,Staging Area,,Yes,,No Issue,1,0,,,,20,0,No Issue,
,OB Audit,B0T47DOQ,Staging Area,,Yes,,No Issue,1,0,,,,5,0,No Issue,
,OB Audit,B0T47E0E,Staging Area,,Yes,,No Issue,1,0,,,,6,0,No Issue,
,OB Audit,B0T47DP0,Staging Area,,Yes,,No Issue,1,0,,,,7,0,No Issue,
,OB Audit,B0T432E6,Staging Area,,Yes,,No Issue,1,0,,,,11,0,No Issue,
,OB Audit,B0T0PJV4,Staging Area,,Yes,,No Issue,1,0,,,,116,0,No Issue,
,OB Audit,B0T47E18,Staging Area,,Yes,,No Issue,1,0,,,,16,0,No Issue,
,OB Audit,B0T47DMI,Staging Area,,Yes,,No Issue,1,0,,,,116,0,No Issue,
,OB Audit,B0T431V0,Staging Area,,Yes,,No Issue,1,0,,,,191,0,No Issue,
,OB Audit,B0T0PJPU,Staging Area,,Yes,,No Issue,1,0,,,,53,0,No Issue,
,OB Audit,B0T432BE,Staging Area,,Yes,,No Issue,1,0,,,,100,0,No Issue,
,OB Audit,B0T0PK1I,Staging Area,,Yes,,Excess,1,1,,,,150,1,Excess,
,OB Audit,B0T0PK72,Staging Area,,Yes,,No Issue,1,0,,,,82,0,No Issue,
,OB Audit,B0T4A5BE,Staging Area,,Yes,,No Issue,1,0,,,,100,0,No Issue,
,OB Audit,B0T432CI,Staging Area,,Yes,,No Issue,1,0,,,,12,0,No Issue,
,OB Audit,B0T431ZQ,Staging Area,,Yes,,No Issue,1,0,,,,252,0,No Issue,
,OB Audit,B0T4322S,Staging Area,,Yes,,No Issue,1,0,,,,2,0,No Issue,
,OB Audit,B0T43250,Staging Area,,Yes,,No Issue,1,0,,,,2,0,No Issue,
,OB Audit,B0T431XS,Staging Area,,Yes,,No Issue,1,0,,,,71,0,No Issue,
,OB Audit,B0T2BKD8,Staging Area,,Yes,,No Issue,1,0,,,,17,0,No Issue,
,OB Audit,B0T431WY,Staging Area,,Yes,,No Issue,1,0,,,,180,0,No Issue,
,OB Audit,B0T2BKEW,Staging Area,,Yes,,No Issue,1,0,,,,18,0,No Issue,
,OB Audit,B0T431X8,Staging Area,,Yes,,No Issue,1,0,,,,34,0,No Issue,
,OB Audit,B0T3UQ64,Staging Area,,Yes,,No Issue,1,0,,,,29,0,No Issue,
,OB Audit,B0T4328M,Staging Area,,Yes,,No Issue,1,0,,,,18,0,No Issue,
,OB Audit,B0T0PJLE,Staging Area,,Yes,,No Issue,1,0,,,,30,0,No Issue,
,OB Audit,B0T73HJ8,Staging Area,,Yes,,No Issue,1,0,,,,100,0,No Issue,
,OB Audit,B0T73HD4,Staging Area,,Yes,,No Issue,1,0,,,,29,0,No Issue,
,OB Audit,B0T5VK12,Staging Area,,Yes,,No Issue,1,0,,,,119,0,No Issue,
,OB Audit,B0T5VJ1I,Staging Area,,Yes,,No Issue,1,0,,,,106,0,No Issue,
,OB Audit,B0T5VJA4,Staging Area,,Yes,,No Issue,1,0,,,,126,0,No Issue,
,OB Audit,B0T73H7A,Staging Area,,Yes,,No Issue,1,0,,,,20,0,No Issue,
,OB Audit,B0T73HCA,Staging Area,,Yes,,No Issue,1,0,,,,9,0,No Issue,
,OB Audit,B0T73IX8,Staging Area,,Yes,,No Issue,1,0,,,,326,0,No Issue,
,OB Audit,B0T5VK1W,Staging Area,,Yes,,No Issue,1,0,,,,133,0,No Issue,
,OB Audit,B0T5VIVO,Staging Area,,Yes,,No Issue,1,0,,,,366,0,No Issue,
,OB Audit,B0T5VI6E,Staging Area,,Yes,,No Issue,1,0,,,,84,0,No Issue,
,OB Audit,B0T73KQ8,Staging Area,,Yes,,No Issue,1,0,,,,80,0,No Issue,
,OB Audit,B0T5VI6Y,Staging Area,,Yes,,No Issue,1,0,,,,72,0,No Issue,
,OB Audit,B0T5VI6O,Staging Area,,Yes,,No Issue,1,0,,,,23,0,No Issue,
,OB Audit,B0T5VIZU,Staging Area,,Yes,,No Issue,1,0,,,,132,0,No Issue,
,OB Audit,B0T73HE8,Staging Area,,Yes,,No Issue,1,0,,,,220,0,No Issue,
,OB Audit,B0T73H84,Staging Area,,Yes,,No Issue,1,0,,,,117,0,No Issue,
,OB Audit,B0T73HHU,Staging Area,,Yes,,No Issue,1,0,,,,99,0,No Issue,
,OB Audit,B0T5VIV4,Staging Area,,Yes,,No Issue,1,0,,,,330,0,No Issue,
,OB Audit,B0T73HES,Staging Area,,Yes,,No Issue,1,0,,,,70,0,No Issue,
,OB Audit,B0T73GLW,Staging Area,,Yes,,No Issue,1,0,,,,245,0,No Issue,
,OB Audit,B0T73GLM,Staging Area,,Yes,,No Issue,1,0,,,,173,0,No Issue,
,OB Audit,B0T5VJAO,Staging Area,,Yes,,No Issue,1,0,,,,132,0,No Issue,
,OB Audit,B0T73KP4,Staging Area,,Yes,,No Issue,1,0,,,,325,0,No Issue,
,OB Audit,B0T73JEG,Staging Area,,Yes,,No Issue,1,0,,,,110,0,No Issue,
,OB Audit,B0T5VJR2,Staging Area,,Yes,,No Issue,1,0,,,,16,0,No Issue,
,OB Audit,B0T73KO0,Staging Area,,Yes,,No Issue,1,0,,,,338,0,No Issue,
,OB Audit,B0T73HAC,Staging Area,,Yes,,No Issue,1,0,,,,4,0,No Issue,
,OB Audit,B0T73GL2,Staging Area,,Yes,,No Issue,1,0,,,,255,0,No Issue,
,OB Audit,B0T73HIE,Staging Area,,Yes,,No Issue,1,0,,,,6,0,No Issue,
,OB Audit,B0T5VJ4K,Staging Area,,Yes,,No Issue,1,0,,,,13,0,No Issue,
,OB Audit,B0T5VI1E,Staging Area,,Yes,,No Issue,1,0,,,,134,0,No Issue,
,OB Audit,B0T5VK6C,Staging Area,,Yes,,No Issue,1,0,,,,256,0,No Issue,
,OB Audit,B0T5VK7G,Staging Area,,Yes,,No Issue,1,0,,,,366,0,No Issue,
,OB Audit,B0T5VK58,Staging Area,,Yes,,No Issue,1,0,,,,250,0,No Issue,
,OB Audit,B0T5VJOU,Staging Area,,Yes,,No Issue,1,0,,,,261,0,No Issue,
,OB Audit,B0T5K8MEB0T5K8ME,Staging Area,,Yes,,No Issue,1,0,,,,284,0,No Issue,
,OB Audit,B0T73HIO,Staging Area,,Yes,,No Issue,1,0,,,,19,0,No Issue,
,OB Audit,B0T5K8OM,Staging Area,,Yes,,No Issue,1,0,,,,255,0,No Issue,
,OB Audit,B0T5K8O2,Staging Area,,Yes,,No Issue,1,0,,,,12,0,No Issue,
,OB Audit,B0T73HCU,Staging Area,,Yes,,No Issue,1,0,,,,275,0,No Issue,
,OB Audit,B0T73KKE,Staging Area,,Yes,,No Issue,1,0,,,,5,0,No Issue,
,OB Audit,B0T5VJPE,Staging Area,,Yes,,No Issue,1,0,,,,239,0,No Issue,
,OB Audit,B0T73HGG,Staging Area,,Yes,,No Issue,1,0,,,,186,0,No Issue,
,OB Audit,B0T5K8M4,Staging Area,,Yes,,No Issue,1,0,,,,195,0,No Issue,
,OB Audit,B0T73HBQ,Staging Area,,Yes,,No Issue,1,0,,,,84,0,No Issue,
,OB Audit,B0T73HEI,Staging Area,,Yes,,No Issue,1,0,,,,219,0,No Issue,
,OB Audit,B0T5VI5U,Staging Area,,Yes,,No Issue,1,0,,,,262,0,No Issue,
,OB Audit,B0T5VK44,Staging Area,,Yes,,No Issue,1,0,,,,250,0,No Issue,
,OB Audit,B0T5VJ54,Staging Area,,Yes,,No Issue,1,0,,,,274,0,No Issue,
,OB Audit,B0T5VJ3Q,Staging Area,,Yes,,No Issue,1,0,,,,154,0,No Issue,
,OB Audit,B0T73HRA,Staging Area,,Yes,,No Issue,1,0,,,,225,0,No Issue,
,OB Audit,B0T5K8OC,Staging Area,,Yes,,No Issue,1,0,,,,233,0,No Issue,
,OB Audit,B0T73HFW,Staging Area,,Yes,,No Issue,1,0,,,,211,0,No Issue,
,OB Audit,B0T73HHA,Staging Area,,Yes,,No Issue,1,0,,,,314,0,No Issue,
,OB Audit,B0T73H98,Staging Area,,Yes,,No Issue,1,0,,,,230,0,No Issue,
,OB Audit,B0T73JB4,Staging Area,,Yes,,No Issue,1,0,,,,36,0,No Issue,
,OB Audit,B0T5K8N8,Staging Area,,Yes,,No Issue,1,0,,,,251,0,No Issue,
,OB Audit,B0T73HAM,Staging Area,,Yes,,No Issue,1,0,,,,222,0,No Issue,
,OB Audit,B0T73HB6,Staging Area,,Yes,,No Issue,1,0,,,,270,0,No Issue,
,OB Audit,B0T73JN2,Staging Area,,Yes,,No Issue,1,0,,,,94,0,No Issue,
,OB Audit,B0T5VK76,Staging Area,,Yes,,No Issue,1,0,,,,244,0,No Issue,
,OB Audit,B0T73JD2,Staging Area,,Yes,,No Issue,1,0,,,,147,0,No Issue,
,OB Audit,B0T73JR8,Staging Area,,Yes,,No Issue,1,0,,,,251,0,No Issue,
,OB Audit,B0T73HDE,Staging Area,,Yes,,No Issue,1,0,,,,184,0,No Issue,
,OB Audit,B0T73JSC,Staging Area,,Yes,,No Issue,1,0,,,,115,0,No Issue,
,OB Audit,B0T5VJEU,Staging Area,,Yes,,No Issue,1,0,,,,152,0,No Issue,
,OB Audit,B0T5VJVI,Staging Area,,Yes,,No Issue,1,0,,,,275,0,No Issue,
,OB Audit,B0T73HCK,Staging Area,,Yes,,No Issue,1,0,,,,330,0,No Issue,
,OB Audit,B0T73IOC,Staging Area,,Yes,,No Issue,1,0,,,,187,0,No Issue,
,OB Audit,B0T73IQ0,Staging Area,,Yes,,No Issue,1,0,,,,4,0,No Issue,
,OB Audit,B0T5VK1C,Staging Area,,Yes,,No Issue,1,0,,,,250,0,No Issue,
,OB Audit,B0T73IKQ,Staging Area,,Yes,,No Issue,1,0,,,,259,0,No Issue,
,OB Audit,B0T73IPG,Staging Area,,Yes,,No Issue,1,0,,,,140,0,No Issue,
,OB Audit,B0T73J6E,Staging Area,,Yes,,No Issue,1,0,,,,107,0,No Issue,
,OB Audit,B0T5VJ72,Staging Area,,Yes,,No Issue,1,0,,,,238,0,No Issue,
,OB Audit,B0T73IME,Staging Area,,Yes,,No Issue,1,0,,,,313,0,No Issue,
,OB Audit,B0T73HWU,Staging Area,,Yes,,No Issue,1,0,,,,44,0,No Issue,
,OB Audit,B0T73HZW,Staging Area,,Yes,,No Issue,1,0,,,,34,0,No Issue,
,OB Audit,B0T73JBE,Staging Area,,Yes,,No Issue,1,0,,,,127,0,No Issue,
,OB Audit,B0T73IJM,Staging Area,,Yes,,No Issue,1,0,,,,241,0,No Issue,
,OB Audit,B0T5VK2Q,Staging Area,,Yes,,No Issue,1,0,,,,219,0,No Issue,
,OB Audit,B0T73I38,Staging Area,,Yes,,No Issue,1,0,,,,6,0,No Issue,
,OB Audit,B0T5VJD6,Staging Area,,Yes,,No Issue,1,0,,,,284,0,No Issue,
,OB Audit,B0T5VIY6,Staging Area,,Yes,,No Issue,1,0,,,,287,0,No Issue,
,OB Audit,B0T5VHZQ,Staging Area,,Yes,,No Issue,1,0,,,,227,0,No Issue,
,OB Audit,B0T73I1K,Staging Area,,Yes,,No Issue,1,0,,,,15,0,No Issue,
,OB Audit,B0T73I0G,Staging Area,,Yes,,No Issue,1,0,,,,13,0,No Issue,
,OB Audit,B0T5VJ36,Staging Area,,Yes,,No Issue,1,0,,,,108,0,No Issue,
,OB Audit,B0T73HIY,Staging Area,,Yes,,No Issue,1,0,,,,48,0,No Issue,
,OB Audit,B0T73H1Q,Staging Area,,Yes,,No Issue,1,0,,,,15,0,No Issue,
,OB Audit,B0T5VJCM,Staging Area,,Yes,,No Issue,1,0,,,,348,0,No Issue,
,OB Audit,B0T73HWA,Staging Area,,Yes,,No Issue,1,0,,,,45,0,No Issue,
,OB Audit,B0T73I10,Staging Area,,Yes,,No Issue,1,0,,,,43,0,No Issue,
,OB Audit,B0T73HNE,Staging Area,,Yes,,No Issue,1,0,,,,22,0,No Issue,
,OB Audit,B0T73HAW,Staging Area,,Yes,,No Issue,1,0,,,,4,0,No Issue,
,OB Audit,B0T73HV6,Staging Area,,Yes,,No Issue,1,0,,,,17,0,No Issue,
,OB Audit,B0T5VI50,Staging Area,,Yes,,No Issue,1,0,,,,2,0,No Issue,
,OB Audit,B0T73J6O,Staging Area,,Yes,,No Issue,1,0,,,,54,0,No Issue,
,OB Audit,B0T73GMQ,Staging Area,,Yes,,No Issue,1,0,,,,7,0,No Issue,
,OB Audit,B0T5VHZ6,Staging Area,,Yes,,No Issue,1,0,,,,2,0,No Issue,
,OB Audit,B0T73H0W,Staging Area,,Yes,,No Issue,1,0,,,,49,0,No Issue,
,OB Audit,B0T5VHW4,Staging Area,,Yes,,No Issue,1,0,,,,273,0,No Issue,
,OB Audit,B0T73I3S,Staging Area,,Yes,,No Issue,1,0,,,,68,0,No Issue,
,OB Audit,B0T73I42,Staging Area,,Yes,,No Issue,1,0,,,,33,0,No Issue,
,OB Audit,B0T5VI64,Staging Area,,Yes,,No Issue,1,0,,,,2,0,No Issue,
,OB Audit,B0T5VI5K,Staging Area,,Yes,,No Issue,1,0,,,,1,0,No Issue,
,OB Audit,B0T5VI1Y,Staging Area,,Yes,,No Issue,1,0,,,,1,0,No Issue,
,OB Audit,B0T73HBG,Staging Area,,Yes,,No Issue,1,0,,,,49,0,No Issue,
,OB Audit,B0T73IC4,Staging Area,,Yes,,No Issue,1,0,,,,29,0,No Issue,
,OB Audit,B0T5VJTA,Staging Area,,Yes,,No Issue,1,0,,,,35,0,No Issue,
,OB Audit,B0T73HT8,Staging Area,,Yes,,No Issue,1,0,,,,2,0,No Issue,
,OB Audit,B0T73IA6,Staging Area,,Yes,,No Issue,1,0,,,,62,0,No Issue,
,OB Audit,B0T73I6U,Staging Area,,Yes,,No Issue,1,0,,,,15,0,No Issue,
,OB Audit,B0T73GM6,Staging Area,,Yes,,No Issue,1,0,,,,58,0,No Issue,
,OB Audit,B0T73H2A,Staging Area,,Yes,,No Issue,1,0,,,,4,0,No Issue,
,OB Audit,B0T73I06,Staging Area,,Yes,,No Issue,1,0,,,,29,0,No Issue,
,OB Audit,B0T73HTI,Staging Area,,Yes,,No Issue,1,0,,,,24,0,No Issue,
,OB Audit,B0T73HY8,Staging Area,,Yes,,No Issue,1,0,,,,24,0,No Issue,
,OB Audit,B0T73IBA,Staging Area,,Yes,,No Issue,1,0,,,,71,0,No Issue,
,OB Audit,B0T73HSY,Staging Area,,Yes,,No Issue,1,0,,,,53,0,No Issue,
,OB Audit,B0T73HYS,Staging Area,,Yes,,No Issue,1,0,,,,3,0,No Issue,
,OB Audit,B0T73I24,Staging Area,,Yes,,No Issue,1,0,,,,41,0,No Issue,
,OB Audit,B0T73H8E,Staging Area,,Yes,,No Issue,1,0,,,,47,0,No Issue,
,OB Audit,B0T73I9W,Staging Area,,Yes,,No Issue,1,0,,,,23,0,No Issue,
,OB Audit,B0T73HTS,Staging Area,,Yes,,No Issue,1,0,,,,35,0,No Issue,
,OB Audit,B0T73H1G,Staging Area,,Yes,,No Issue,1,0,,,,37,0,No Issue,
,OB Audit,B0T73HDY,Staging Area,,Yes,,No Issue,1,0,,,,47,0,No Issue,
,OB Audit,B0T73I74,Staging Area,,Yes,,No Issue,1,0,,,,27,0,No Issue,
,OB Audit,B0T73HSO,Staging Area,,Yes,,No Issue,1,0,,,,29,0,No Issue,
,OB Audit,B0T73HZC,Staging Area,,Yes,,No Issue,1,0,,,,1,0,No Issue,
,OB Audit,B0T73I2E,Staging Area,,Yes,,No Issue,1,0,,,,52,0,No Issue,
,OB Audit,B0T73I1A,Staging Area,,Yes,,No Issue,1,0,,,,39,0,No Issue,
,OB Audit,B0T73IHY,Staging Area,,Yes,,No Issue,1,0,,,,37,0,No Issue,
,OB Audit,B0T73IE2,Staging Area,,Yes,,No Issue,1,0,,,,40,0,No Issue,
,OB Audit,B0T73III,Staging Area,,Yes,,No Issue,1,0,,,,54,0,No Issue,
,OB Audit,B0T73GVM,Staging Area,,Yes,,No Issue,1,0,,,,57,0,No Issue,
,OB Audit,B0T73HYI,Staging Area,,Yes,,No Issue,1,0,,,,42,0,No Issue,
,OB Audit,B0T73HUM,Staging Area,,Yes,,No Issue,1,0,,,,18,0,No Issue,
,OB Audit,B0T73H3E,Staging Area,,Yes,,No Issue,1,0,,,,58,0,No Issue,
,OB Audit,B0T73HXO,Staging Area,,Yes,,No Issue,1,0,,,,14,0,No Issue,
,OB Audit,B0T73GMG,Staging Area,,Yes,,No Issue,1,0,,,,38,0,No Issue,
,OB Audit,B0T73IHE,Staging Area,,Yes,,No Issue,1,0,,,,69,0,No Issue,
,OB Audit,B0T73HW0,Staging Area,,Yes,,No Issue,1,0,,,,51,0,No Issue,
,OB Audit,B0T73I5Q,Staging Area,,Yes,,No Issue,1,0,,,,45,0,No Issue,
,OB Audit,B0T73HSE,Staging Area,,Yes,,No Issue,1,0,,,,56,0,No Issue,
,OB Audit,B0T73GVC,Staging Area,,Yes,,No Issue,1,0,,,,40,0,No Issue,
,OB Audit,B0T73GYE,Staging Area,,Yes,,No Issue,1,0,,,,61,0,No Issue,
,OB Audit,B0T73J78,Staging Area,,Yes,,No Issue,1,0,,,,55,0,No Issue,
,OB Audit,B0T73HQG,Staging Area,,Yes,,No Issue,1,0,,,,52,0,No Issue,
,OB Audit,B0T73HZ2,Staging Area,,Yes,,No Issue,1,0,,,,19,0,No Issue,
,OB Audit,B0T73HRU,Staging Area,,Yes,,No Issue,1,0,,,,60,0,No Issue,
,OB Audit,B0T73GZS,Staging Area,,Yes,,Misshipment,1,1,,,,51,2,Misshipment,
,OB Audit,B0T73HXE,Staging Area,,Yes,,No Issue,1,0,,,,54,0,No Issue,
,OB Audit,B0TAMONK,Staging Area,,Yes,,No Issue,1,0,,,,73,0,No Issue,
,OB Audit,B0TBZHD8,Staging Area,,Yes,,No Issue,1,0,,,,9,0,No Issue,
,OB Audit,B0TBZH4C,Staging Area,,Yes,,No Issue,1,0,,,,22,0,No Issue,
,OB Audit,B0TAMOR6,Staging Area,,Yes,,No Issue,1,0,,,,19,0,No Issue,
,OB Audit,B0TDVUPA,Staging Area,,Yes,,No Issue,1,0,,,,3,0,No Issue,
,OB Audit,B0TDVV0E,Staging Area,,Yes,,No Issue,1,0,,,,93,0,No Issue,
,OB Audit,B0TCNA72,Staging Area,,Yes,,No Issue,1,0,,,,41,0,No Issue,
,OB Audit,B0TAMOSK,Staging Area,,Yes,,No Issue,1,0,,,,74,0,No Issue,
,OB Audit,B0TICE0K,Staging Area,,Yes,,No Issue,1,0,,,,18,0,No Issue,
,OB Audit,B0TI5X5I,Staging Area,,Yes,,No Issue,1,0,,,,87,0,No Issue,
,OB Audit,B0TGEDB0,Staging Area,,Yes,,No Issue,1,0,,,,12,0,No Issue,
,OB Audit,B0TGED24,Staging Area,,Yes,,No Issue,1,0,,,,8,0,No Issue,
,OB Audit,B0TEVR8E,Staging Area,,Yes,,No Issue,1,0,,,,7,0,No Issue,
,OB Audit,B0TGYB7G,Staging Area,,Yes,,No Issue,1,0,,,,15,0,No Issue,
,OB Audit,B0TI7ST2,Staging Area,,Yes,,No Issue,1,0,,,,3,0,No Issue,
,OB Audit,B0TGYB94,Staging Area,,Yes,,No Issue,1,0,,,,26,0,No Issue,
,OB Audit,B0TI4PEI,Staging Area,,Yes,,No Issue,1,0,,,,6,0,No Issue,
,OB Audit,B0TEVR9S,Staging Area,,Yes,,No Issue,1,0,,,,18,0,No Issue,
,OB Audit,B0TGED56,Staging Area,,Yes,,No Issue,1,0,,,,26,0,No Issue,
,OB Audit,B0TI4OQC,Staging Area,,Yes,,No Issue,1,0,,,,100,0,No Issue,
,OB Audit,B0TI7T4G,Staging Area,,Yes,,No Issue,1,0,,,,9,0,No Issue,
,OB Audit,B0TGEDE2,Staging Area,,Yes,,No Issue,1,0,,,,27,0,No Issue,
,OB Audit,B0TI5XHG,Staging Area,,Yes,,No Issue,1,0,,,,13,0,No Issue,
,OB Audit,B0TGED6U,Staging Area,,Yes,,No Issue,1,0,,,,8,0,No Issue,
,OB Audit,B0TI4P0C,Staging Area,,Yes,,No Issue,1,0,,,,14,0,No Issue,
,OB Audit,B0TI4P5C,Staging Area,,Yes,,No Issue,1,0,,,,21,0,No Issue,
,OB Audit,B0TI5XGC,Staging Area,,Yes,,No Issue,1,0,,,,7,0,No Issue,
,OB Audit,B0TI5XQ2,Staging Area,,Yes,,No Issue,1,0,,,,107,0,No Issue,
,OB Audit,B0TI5XIK,Staging Area,,Yes,,No Issue,1,0,,,,42,0,No Issue,
,OB Audit,B0TI4OXA,Staging Area,,Yes,,No Issue,1,0,,,,1,0,No Issue,
,OB Audit,B0TEVR8Y,Staging Area,,Yes,,No Issue,1,0,,,,32,0,No Issue,
,OB Audit,B0TI4P7A,Staging Area,,Yes,,No Issue,1,0,,,,102,0,No Issue,
,OB Audit,B0TGED74,Staging Area,,Yes,,No Issue,1,0,,,,104,0,No Issue,
,OB Audit,B0TI4PDO,Staging Area,,Yes,,No Issue,1,0,,,,6,0,No Issue,
,OB Audit,B0TGEDEM,Staging Area,,Yes,,No Issue,1,0,,,,69,0,No Issue,
,OB Audit,B0TI5XJE,Staging Area,,Yes,,No Issue,1,0,,,,43,0,No Issue,
,OB Audit,B0TI5XCQ,Staging Area,,Yes,,No Issue,1,0,,,,33,0,No Issue,
,OB Audit,B0TI4P16,Staging Area,,Yes,,No Issue,1,0,,,,136,0,No Issue,
,OB Audit,B0TI5X6C,Staging Area,,Yes,,No Issue,1,0,,,,57,0,No Issue,
,OB Audit,B0TGEDEW,Staging Area,,Yes,,No Issue,1,0,,,,55,0,No Issue,
,OB Audit,B0TI4OZS,Staging Area,,Yes,,No Issue,1,0,,,,18,0,No Issue,
,OB Audit,B0TI4PCU,Staging Area,,Yes,,No Issue,1,0,,,,100,0,No Issue,
,OB Audit,B0TI4P0M,Staging Area,,Yes,,No Issue,1,0,,,,59,0,No Issue,
,OB Audit,B0TEVRA2,Staging Area,,Yes,,No Issue,1,0,,,,9,0,No Issue,
,OB Audit,B0TI5XC6,Staging Area,,Yes,,No Issue,1,0,,,,8,0,No Issue,
,OB Audit,B0TI4PBQ,Staging Area,,Yes,,No Issue,1,0,,,,23,0,No Issue,
,OB Audit,B0TI5X62,Staging Area,,Yes,,No Issue,1,0,,,,8,0,No Issue,
,OB Audit,B0TI4P6Q,Staging Area,,Yes,,No Issue,1,0,,,,24,0,No Issue,
,OB Audit,B0TI4R4Q,Staging Area,,Yes,,No Issue,1,0,,,,3,0,No Issue,
,OB Audit,B0TI4P0W,Staging Area,,Yes,,No Issue,1,0,,,,34,0,No Issue,
,OB Audit,B0TI4PF2,Staging Area,,Yes,,No Issue,1,0,,,,24,0,No Issue,
,OB Audit,B0TGEDFG,Staging Area,,Yes,,No Issue,1,0,,,,29,0,No Issue,
,OB Audit,B0TI4P2K,Staging Area,,Yes,,No Issue,1,0,,,,100,0,No Issue,
,OB Audit,B0TI4P2U,Staging Area,,Yes,,No Issue,1,0,,,,100,0,No Issue,
,OB Audit,B0TI4PE8,Staging Area,,Yes,,No Issue,1,0,,,,101,0,No Issue,
,OB Audit,B0TI5XQC,Staging Area,,Yes,,No Issue,1,0,,,,4,0,No Issue,
,OB Audit,B0TI4P8E,Staging Area,,Yes,,No Issue,1,0,,,,141,0,No Issue,
,OB Audit,B0TI5XDK,Staging Area,,Yes,,No Issue,1,0,,,,33,0,No Issue,
,OB Audit,B0TI4OOY,Staging Area,,Yes,,No Issue,1,0,,,,103,0,No Issue,
,OB Audit,B0TI5X58,Staging Area,,Yes,,No Issue,1,0,,,,87,0,No Issue,
,OB Audit,B0TGYBF8,Staging Area,,Yes,,No Issue,1,0,,,,23,0,No Issue,
,OB Audit,B0TI4PDE,Staging Area,,Yes,,No Issue,1,0,,,,100,0,No Issue,
,OB Audit,B0TI4OY4,Staging Area,,Yes,,No Issue,1,0,,,,108,0,No Issue,
,OB Audit,B0TI4OYO,Staging Area,,Yes,,No Issue,1,0,,,,1,0,No Issue,
,OB Audit,B0TI4P84,Staging Area,,Yes,,No Issue,1,0,,,,2,0,No Issue,
,OB Audit,B0TI4P7K,Staging Area,,Yes,,No Issue,1,0,,,,5,0,No Issue,
,OB Audit,B0TI7SX8,Staging Area,,Yes,,No Issue,1,0,,,,7,0,No Issue,
,OB Audit,B0TI4P48,Staging Area,,Yes,,No Issue,1,0,,,,21,0,No Issue,
,OB Audit,B0TI4P7U,Staging Area,,Yes,,No Issue,1,0,,,,83,0,No Issue,
,OB Audit,B0TI4PCA,Staging Area,,Yes,,No Issue,1,0,,,,54,0,No Issue,
,OB Audit,B0TI4P2A,Staging Area,,Yes,,No Issue,1,0,,,,100,0,No Issue,
,OB Audit,B0TI5XGM,Staging Area,,Yes,,No Issue,1,0,,,,99,0,No Issue,
,OB Audit,B0TI4PFC,Staging Area,,Yes,,No Issue,1,0,,,,101,0,No Issue,
,OB Audit,B0TI4R64,Staging Area,,Yes,,No Issue,1,0,,,,26,0,No Issue,
,OB Audit,B0TI7SL0,Staging Area,,Yes,,No Issue,1,0,,,,100,0,No Issue,
,OB Audit,B0TI7SK6,Staging Area,,Yes,,No Issue,1,0,,,,100,0,No Issue,
,OB Audit,B0TI7SKG,Staging Area,,Yes,,No Issue,1,0,,,,100,0,No Issue,
,OB Audit,B0TI7SSI,Staging Area,,Yes,,No Issue,1,0,,,,61,0,No Issue,
,OB Audit,B0TGEDCY,Staging Area,,Yes,,No Issue,1,0,,,,22,0,No Issue,
,OB Audit,B0TI4R5U,Staging Area,,Yes,,No Issue,1,0,,,,42,0,No Issue,
,OB Audit,B0TI4P3Y,Staging Area,,Yes,,No Issue,1,0,,,,83,0,No Issue,
,OB Audit,B0TICDV0,Staging Area,,Yes,,No Issue,1,0,,,,33,0,No Issue,
,OB Audit,B0TI5XIU,Staging Area,,Yes,,No Issue,1,0,,,,122,0,No Issue,
,OB Audit,B0TGYBBW,Staging Area,,Yes,,No Issue,1,0,,,,25,0,No Issue,
,OB Audit,B0TGYB3U,Staging Area,,Yes,,No Issue,1,0,,,,3,0,No Issue,
,OB Audit,B0TI4R50,Staging Area,,Yes,,No Issue,1,0,,,,16,0,No Issue,
,OB Audit,B0TI5XL2,Staging Area,,Yes,,No Issue,1,0,,,,30,0,No Issue,
,OB Audit,B0TGEDN8,Staging Area,,Yes,,No Issue,1,0,,,,2,0,No Issue,
,OB Audit,B0TI4OQM,Staging Area,,Yes,,No Issue,1,0,,,,24,0,No Issue,
,OB Audit,B0TGEDKQ,Staging Area,,Yes,,No Issue,1,0,,,,24,0,No Issue,
,OB Audit,B0TI5XUI,Staging Area,,Yes,,No Issue,1,0,,,,16,0,No Issue,
,OB Audit,B0TGEDC4,Staging Area,,Yes,,No Issue,1,0,,,,51,0,No Issue,
,OB Audit,B0TI5XVM,Staging Area,,Yes,,No Issue,1,0,,,,2,0,No Issue,
,OB Audit,B0TI4OTY,Staging Area,,Yes,,No Issue,1,0,,,,18,0,No Issue,
,OB Audit,B0TI5XU8,Staging Area,,Yes,,No Issue,1,0,,,,9,0,No Issue,
,OB Audit,B0TGEDM4,Staging Area,,Yes,,No Issue,1,0,,,,25,0,No Issue,
,OB Audit,B0TI5X80,Staging Area,,Yes,,No Issue,1,0,,,,47,0,No Issue,
,OB Audit,B0TGEDJC,Staging Area,,Yes,,No Issue,1,0,,,,17,0,No Issue,
,OB Audit,B0TI5X9E,Staging Area,,Yes,,No Issue,1,0,,,,5,0,No Issue,
,OB Audit,B0TI7T1E,Staging Area,,Yes,,No Issue,1,0,,,,26,0,No Issue,
,OB Audit,B0TICEA0,Staging Area,,Yes,,No Issue,1,0,,,,21,0,No Issue,
,OB Audit,B0TI5XFS,Staging Area,,Yes,,No Issue,1,0,,,,23,0,No Issue,
,OB Audit,B0TI5XFI,Staging Area,,Yes,,No Issue,1,0,,,,27,0,No Issue,
,OB Audit,B0TGYBCG,Staging Area,,Yes,,No Issue,1,0,,,,50,0,No Issue,
,OB Audit,B0TICE2I,Staging Area,,Yes,,No Issue,1,0,,,,25,0,No Issue,
,OB Audit,B0TI7T9G,Staging Area,,Yes,,No Issue,1,0,,,,16,0,No Issue,
,OB Audit,B0TI4ORG,Staging Area,,Yes,,No Issue,1,0,,,,40,0,No Issue,
,OB Audit,B0TI4OOE,Staging Area,,Yes,,No Issue,1,0,,,,25,0,No Issue,
,OB Audit,B0TGYB3K,Staging Area,,Yes,,No Issue,1,0,,,,41,0,No Issue,
,OB Audit,B0TI4P9I,Staging Area,,Yes,,No Issue,1,0,,,,22,0,No Issue,
,OB Audit,B0TGYB5S,Staging Area,,Yes,,No Issue,1,0,,,,24,0,No Issue,
,OB Audit,B0TICE64,Staging Area,,Yes,,No Issue,1,0,,,,42,0,No Issue,
,OB Audit,B0TGYB4O,Staging Area,,Yes,,No Issue,1,0,,,,32,0,No Issue,
,OB Audit,B0TGYB30,Staging Area,,Yes,,No Issue,1,0,,,,27,0,No Issue,
,OB Audit,B0TI7T96,Staging Area,,Yes,,No Issue,1,0,,,,7,0,No Issue,
,OB Audit,B0TI4OPS,Staging Area,,Yes,,No Issue,1,0,,,,36,0,No Issue,
,OB Audit,B0TI4P6G,Staging Area,,Yes,,No Issue,1,0,,,,27,0,No Issue,
,OB Audit,B0TI5XEY,Staging Area,,Yes,,No Issue,1,0,,,,20,0,No Issue,
,OB Audit,B0TI4OOO,Staging Area,,Yes,,Excess,1,1,,,,56,1,Excess,
,OB Audit,B0TI4OUS,Staging Area,,Yes,,No Issue,1,0,,,,30,0,No Issue,
,OB Audit,B0TICEI2,Staging Area,,Yes,,No Issue,1,0,,,,47,0,No Issue,
,OB Audit,B0TICDVA,Staging Area,,Yes,,No Issue,1,0,,,,20,0,No Issue,
,OB Audit,B0TI4PC0,Staging Area,,Yes,,No Issue,1,0,,,,34,0,No Issue,
,OB Audit,B0TI7T8W,Staging Area,,Yes,,No Issue,1,0,,,,42,0,No Issue,
,OB Audit,B0TI5XTO,Staging Area,,Yes,,No Issue,1,0,,,,29,0,No Issue,
,OB Audit,B0TI7T1O,Staging Area,,Yes,,No Issue,1,0,,,,6,0,No Issue,
,OB Audit,B0TI7T9Q,Staging Area,,Yes,,No Issue,1,0,,,,20,0,No Issue,
,OB Audit,B0TI7T3W,Staging Area,,Yes,,No Issue,1,0,,,,34,0,No Issue,
,OB Audit,B0TI5X5S,Staging Area,,Yes,,No Issue,1,0,,,,23,0,No Issue,
,OB Audit,B0TI5X7Q,Staging Area,,Yes,,No Issue,1,0,,,,27,0,No Issue,
,OB Audit,B0TGYBAS,Staging Area,,Yes,,No Issue,1,0,,,,22,0,No Issue,
,OB Audit,B0TI4P9S,Staging Area,,Yes,,No Issue,1,0,,,,22,0,No Issue,
,OB Audit,B0TI5XW6,Staging Area,,Yes,,No Issue,1,0,,,,18,0,No Issue,
,OB Audit,B0TI7T6E,Staging Area,,Yes,,Missing,1,1,,,,48,1,Short,
,OB Audit,B0TI7T4Q,Staging Area,,Yes,,No Issue,1,0,,,,17,0,No Issue,
,OB Audit,B0TI7T50,Staging Area,,Yes,,No Issue,1,0,,,,21,0,No Issue,
,OB Audit,B0TICEHI,Staging Area,,Yes,,No Issue,1,0,,,,3,0,No Issue,
,OB Audit,B0TI7T2I,Staging Area,,Yes,,No Issue,1,0,,,,3,0,No Issue,
,OB Audit,B0TI7T0U,Staging Area,,Yes,,No Issue,1,0,,,,6,0,No Issue,
,OB Audit,B0TI7T0A,Staging Area,,Yes,,No Issue,1,0,,,,3,0,No Issue,
,OB Audit,B0TI7T5U,Staging Area,,Yes,,No Issue,1,0,,,,4,0,No Issue,
,OB Audit,B0TJQAXQ,Staging Area,,Yes,,No Issue,1,0,,,,3,0,No Issue,
,OB Audit,B0TJQAYU,Staging Area,,Yes,,No Issue,1,0,,,,3,0,No Issue,
,OB Audit,B0TJQAXG,Staging Area,,Yes,,No Issue,1,0,,,,2,0,No Issue,
,OB Audit,B0TI7SW4,Staging Area,,Yes,,No Issue,1,0,,,,1,0,No Issue,
,OB Audit,B0TI7SYM,Staging Area,,Yes,,No Issue,1,0,,,,3,0,No Issue,
,OB Audit,B0TJQB26,Staging Area,,Yes,,No Issue,1,0,,,,25,0,No Issue,
,OB Audit,B0TJQB4O,Staging Area,,Yes,,No Issue,1,0,,,,1,0,No Issue,
,OB Audit,B0TICEGY,Staging Area,,Yes,,No Issue,1,0,,,,39,0,No Issue,
,OB Audit,B0TJQAQI,Staging Area,,Yes,,No Issue,1,0,,,,55,0,No Issue,
,OB Audit,B0TJQB1M,Staging Area,,Yes,,No Issue,1,0,,,,87,0,No Issue,
,OB Audit,B0TJQBFS,Staging Area,,Yes,,No Issue,1,0,,,,2,0,No Issue,
,OB Audit,B0TJQBHQ,Staging Area,,Yes,,No Issue,1,0,,,,28,0,No Issue,
,OB Audit,B0TI7SUQ,Staging Area,,Yes,,No Issue,1,0,,,,131,0,No Issue,
,OB Audit,B0TICEE6,Staging Area,,Yes,,No Issue,1,0,,,,28,0,No Issue,
,OB Audit,B0TJQB8K,Staging Area,,Yes,,No Issue,1,0,,,,87,0,No Issue,
,OB Audit,B0TI7SVA,Staging Area,,Yes,,No Issue,1,0,,,,100,0,No Issue,
,OB Audit,B0TJQAQS,Staging Area,,Yes,,No Issue,1,0,,,,105,0,No Issue,
,OB Audit,B0TJQB44,Staging Area,,Yes,,No Issue,1,0,,,,107,0,No Issue,
,OB Audit,B0TICEDM,Staging Area,,Yes,,No Issue,1,0,,,,76,0,No Issue,
,OB Audit,B0TJQB7G,Staging Area,,Yes,,No Issue,1,0,,,,3,0,No Issue,
,OB Audit,B0TICDWO,Staging Area,,Yes,,No Issue,1,0,,,,1,0,No Issue,
,OB Audit,B0TJQAY0,Staging Area,,Yes,,No Issue,1,0,,,,2,0,No Issue,
,OB Audit,B0TJQASG,Staging Area,,Yes,,No Issue,1,0,,,,1,0,No Issue,
,OB Audit,B0TICEAK,Staging Area,,Yes,,No Issue,1,0,,,,36,0,No Issue,
,OB Audit,B0TICDVU,Staging Area,,Yes,,No Issue,1,0,,,,13,0,No Issue,
,OB Audit,B0TI5X4O,Staging Area,,Yes,,No Issue,1,0,,,,102,0,No Issue,
,OB Audit,B0THJEZ4,Staging Area,,Yes,,No Issue,1,0,,,,12,0,No Issue,
,OB Audit,B0TJQAZ4,Staging Area,,Yes,,No Issue,1,0,,,,5,0,No Issue,
,OB Audit,B0TJQAT0,Staging Area,,Yes,,No Issue,1,0,,,,37,0,No Issue,
,OB Audit,B0THJF12,Staging Area,,Yes,,No Issue,1,0,,,,60,0,No Issue,
,OB Audit,B0TI7SY2,Staging Area,,Yes,,No Issue,1,0,,,,46,0,No Issue,
,OB Audit,B0TI7STM,Staging Area,,Yes,,No Issue,1,0,,,,50,0,No Issue,
,OB Audit,B0TJQAWC,Staging Area,,Yes,,No Issue,1,0,,,,26,0,No Issue,
,OB Audit,B0TI5XRG,Staging Area,,Yes,,No Issue,1,0,,,,40,0,No Issue,
,OB Audit,B0TICEC8,Staging Area,,Yes,,No Issue,1,0,,,,25,0,No Issue,
,OB Audit,B0TI4OXU,Staging Area,,Yes,,No Issue,1,0,,,,40,0,No Issue,
,OB Audit,B0TGYB6M,Staging Area,,Yes,,No Issue,1,0,,,,32,0,No Issue,
,OB Audit,B0TJQB6C,Staging Area,,Yes,,No Issue,1,0,,,,22,0,No Issue,
,OB Audit,B0TI5XPI,Staging Area,,Yes,,No Issue,1,0,,,,32,0,No Issue,
,OB Audit,B0THJF0S,Staging Area,,Yes,,No Issue,1,0,,,,178,0,No Issue,
,OB Audit,B0TI7STW,Staging Area,,Yes,,No Issue,1,0,,,,46,0,No Issue,
,OB Audit,B0TI7STC,Staging Area,,Yes,,No Issue,1,0,,,,46,0,No Issue,
,OB Audit,B0TGYB6W,Staging Area,,Yes,,No Issue,1,0,,,,49,0,No Issue,
,OB Audit,B0TICEOG,Staging Area,,Yes,,No Issue,1,0,,,,37,0,No Issue,
,OB Audit,B0TI4OYY,Staging Area,,Yes,,No Issue,1,0,,,,23,0,No Issue,
,OB Audit,B0TICECS,Staging Area,,Yes,,No Issue,1,0,,,,36,0,No Issue,
,OB Audit,B0TI4OX0,Staging Area,,Yes,,No Issue,1,0,,,,1,0,No Issue,
,OB Audit,B0TJQB7Q,Staging Area,,Yes,,No Issue,1,0,,,,17,0,No Issue,
,OB Audit,B0TI7SYW,Staging Area,,Yes,,No Issue,1,0,,,,9,0,No Issue,
,OB Audit,B0TI4OVC,Staging Area,,Yes,,No Issue,1,0,,,,8,0,No Issue,
,OB Audit,B0TI5XSA,Staging Area,,Yes,,No Issue,1,0,,,,54,0,No Issue,
,OB Audit,B0TI7SWO,Staging Area,,Yes,,No Issue,1,0,,,,29,0,No Issue,
,OB Audit,B0TJQAWW,Staging Area,,Yes,,No Issue,1,0,,,,45,0,No Issue,
,OB Audit,B0TI7SXI,Staging Area,,Yes,,No Issue,1,0,,,,62,0,No Issue,
,OB Audit,B0TI7SMO,Staging Area,,Yes,,No Issue,1,0,,,,52,0,No Issue,
,OB Audit,B0TJQB8A,Staging Area,,Yes,,No Issue,1,0,,,,26,0,No Issue,
,OB Audit,B0TJQB9Y,Staging Area,,Yes,,No Issue,1,0,,,,58,0,No Issue,
,OB Audit,B0TI4OW6,Staging Area,,Yes,,No Issue,1,0,,,,26,0,No Issue,
,OB Audit,B0TLD8QG,Staging Area,,Yes,,No Issue,1,0,,,,20,0,No Issue,
,OB Audit,B0TLKRAQ,Staging Area,,Yes,,No Issue,1,0,,,,21,0,No Issue,
,OB Audit,B0TK8Y4I,Staging Area,,Yes,,No Issue,1,0,,,,18,0,No Issue,
,OB Audit,B0TLDYBA,Staging Area,,Yes,,No Issue,1,0,,,,3,0,No Issue,
,OB Audit,B0TLD8FW,Staging Area,,Yes,,No Issue,1,0,,,,34,0,No Issue,
,OB Audit,B0TLD8NE,Staging Area,,Yes,,No Issue,1,0,,,,30,0,No Issue,
,OB Audit,B0TLDYBK,Staging Area,,Yes,,No Issue,1,0,,,,1,0,No Issue,
,OB Audit,B0TLDY9W,Staging Area,,Yes,,No Issue,1,0,,,,2,0,No Issue,
,OB Audit,B0TLD8OS,Staging Area,,Yes,,No Issue,1,0,,,,21,0,No Issue,
,OB Audit,B0TK8Y3Y,Staging Area,,Yes,,No Issue,1,0,,,,22,0,No Issue,
,OB Audit,B0TLDXWU,Staging Area,,Yes,,No Issue,1,0,,,,14,0,No Issue,
,OB Audit,B0TK8Y3O,Staging Area,,Yes,,No Issue,1,0,,,,22,0,No Issue,
,OB Audit,B0TLDXYI,Staging Area,,Yes,,No Issue,1,0,,,,17,0,No Issue,
,OB Audit,B0TLDYBU,Staging Area,,Yes,,No Issue,1,0,,,,20,0,No Issue,
,OB Audit,B0TLD8GG,Staging Area,,Yes,,No Issue,1,0,,,,15,0,No Issue,
,OB Audit,B0TK8Y34,Staging Area,,Yes,,No Issue,1,0,,,,22,0,No Issue,
,OB Audit,B0TLD8I4,Staging Area,,Yes,,No Issue,1,0,,,,1,0,No Issue,
,OB Audit,B0TLDY4C,Staging Area,,Yes,,No Issue,1,0,,,,12,0,No Issue,
,OB Audit,B0TLKRAG,Staging Area,,Yes,,No Issue,1,0,,,,1,0,No Issue,
,OB Audit,B0TK8Y2K,Staging Area,,Yes,,No Issue,1,0,,,,25,0,No Issue,
,OB Audit,B0TLD8P2,Staging Area,,Yes,,No Issue,1,0,,,,21,0,No Issue,
,OB Audit,B0TLDXRA,Staging Area,,Yes,,No Issue,1,0,,,,14,0,No Issue,
,OB Audit,B0TLD8J8,Staging Area,,Yes,,No Issue,1,0,,,,15,0,No Issue,
,OB Audit,B0TLD8YI,Staging Area,,Yes,,No Issue,1,0,,,,15,0,No Issue,
,OB Audit,B0TK8XY4,Staging Area,,Yes,,No Issue,1,0,,,,25,0,No Issue,
,OB Audit,B0TLD8CA,Staging Area,,Yes,,No Issue,1,0,,,,11,0,No Issue,
,OB Audit,B0TLDYCY,Staging Area,,Yes,,No Issue,1,0,,,,26,0,No Issue,
,OB Audit,B0TK8XZI,Staging Area,,Yes,,No Issue,1,0,,,,28,0,No Issue,
,OB Audit,B0TLDY38,Staging Area,,Yes,,No Issue,1,0,,,,30,0,No Issue,
,OB Audit,B0TLDYCO,Staging Area,,Yes,,No Issue,1,0,,,,90,0,No Issue,
,OB Audit,B0TLDYA6,Staging Area,,Yes,,No Issue,1,0,,,,74,0,No Issue,
,OB Audit,B0TLD8NY,Staging Area,,Yes,,No Issue,1,0,,,,87,0,No Issue,
,OB Audit,B0TICEOQ,Staging Area,,Yes,,No Issue,1,0,,,,4,0,No Issue,
,OB Audit,B0TLDY3S,Staging Area,,Yes,,No Issue,1,0,,,,95,0,No Issue,
,OB Audit,B0TLD8PW,Staging Area,,Yes,,No Issue,1,0,,,,31,0,No Issue,
,OB Audit,B0TLD8DY,Staging Area,,Yes,,No Issue,1,0,,,,96,0,No Issue,
,OB Audit,B0TLD8S4,Staging Area,,Yes,,No Issue,1,0,,,,70,0,No Issue,
,OB Audit,B0TLDYAG,Staging Area,,Yes,,No Issue,1,0,,,,4,0,No Issue,
,OB Audit,B0TLDYC4,Staging Area,,Yes,,No Issue,1,0,,,,13,0,No Issue,
,OB Audit,B0TLD8IO,Staging Area,,Yes,,No Issue,1,0,,,,86,0,No Issue,
,OB Audit,B0TLDXZ2,Staging Area,,Yes,,No Issue,1,0,,,,1,0,No Issue,
,OB Audit,B0TLDYAQ,Staging Area,,Yes,,No Issue,1,0,,,,9,0,No Issue,
,OB Audit,B0TLB1A6,Staging Area,,Yes,,No Issue,1,0,,,,13,0,No Issue,
,OB Audit,B0TLDXSE,Staging Area,,Yes,,No Issue,1,0,,,,86,0,No Issue,
,OB Audit,B0TLDY92,Staging Area,,Yes,,No Issue,1,0,,,,1,0,No Issue,
,OB Audit,B0TLD8MA,Staging Area,,Yes,,No Issue,1,0,,,,68,0,No Issue,
,OB Audit,B0TLDY42,Staging Area,,Yes,,No Issue,1,0,,,,100,0,No Issue,
,OB Audit,B0TLD8IE,Staging Area,,Yes,,No Issue,1,0,,,,4,0,No Issue,
,OB Audit,B0TLDY06,Staging Area,,Yes,,No Issue,1,0,,,,1,0,No Issue,
,OB Audit,B0TLKRII,Staging Area,,Yes,,No Issue,1,0,,,,1,0,No Issue,
,OB Audit,B0TLKRDI,Staging Area,,Yes,,No Issue,1,0,,,,29,0,No Issue,
,OB Audit,B0TLKRIS,Staging Area,,Yes,,No Issue,1,0,,,,1,0,No Issue,
,OB Audit,B0TLB1JM,Staging Area,,Yes,,No Issue,1,0,,,,49,0,No Issue,
,OB Audit,B0TK8Y0C,Staging Area,,Yes,,No Issue,1,0,,,,100,0,No Issue,
,OB Audit,B0TICEQE,Staging Area,,Yes,,No Issue,1,0,,,,111,0,No Issue,
,OB Audit,B0TLDXSY,Staging Area,,Yes,,No Issue,1,0,,,,3,0,No Issue,
,OB Audit,B0TLB174,Staging Area,,Yes,,No Issue,1,0,,,,2,0,No Issue,
,OB Audit,B0TLDXS4,Staging Area,,Yes,,No Issue,1,0,,,,7,0,No Issue,
,OB Audit,B0TK8Y0W,Staging Area,,Yes,,No Issue,1,0,,,,104,0,No Issue,
,OB Audit,B0TLDYB0,Staging Area,,Yes,,No Issue,1,0,,,,100,0,No Issue,
,OB Audit,B0TLDY56,Staging Area,,Yes,,No Issue,1,0,,,,56,0,No Issue,
,OB Audit,B0TLD8M0,Staging Area,,Yes,,No Issue,1,0,,,,92,0,No Issue,
,OB Audit,B0TLD8PC,Staging Area,,Yes,,No Issue,1,0,,,,100,0,No Issue,
,OB Audit,B0TLDY9C,Staging Area,,Yes,,No Issue,1,0,,,,100,0,No Issue,
,OB Audit,B0TLD8XE,Staging Area,,Yes,,No Issue,1,0,,,,58,0,No Issue,
,OB Audit,B0TK8Y20,Staging Area,,Yes,,Excess,1,1,,,,110,1,Excess,
,OB Audit,B0TLD8QQ,Staging Area,,Yes,,No Issue,1,0,,,,100,0,No Issue,
,OB Audit,B0TK8Y1Q,Staging Area,,Yes,,No Issue,1,0,,,,78,0,No Issue,
,OB Audit,B0TLD8UW,Staging Area,,Yes,,No Issue,1,0,,,,47,0,No Issue,
,OB Audit,B0TLD8SE,Staging Area,,Yes,,No Issue,1,0,,,,100,0,No Issue,
,OB Audit,B0TLD884,Staging Area,,Yes,,No Issue,1,0,,,,3,0,No Issue,
,OB Audit,B0TLD8GQ,Staging Area,,Yes,,No Issue,1,0,,,,40,0,No Issue,
,OB Audit,B0TICENW,Staging Area,,Yes,,No Issue,1,0,,,,100,0,No Issue,
,OB Audit,B0TLD87K,Staging Area,,Yes,,No Issue,1,0,,,,26,0,No Issue,
,OB Audit,B0TLDY1U,Staging Area,,Yes,,No Issue,1,0,,,,1,0,No Issue,
,OB Audit,B0TK8XZS,Staging Area,,Yes,,No Issue,1,0,,,,99,0,No Issue,
,OB Audit,B0TLD8F2,Staging Area,,Yes,,No Issue,1,0,,,,20,0,No Issue,
,OB Audit,B0TLD8RU,Staging Area,,Yes,,No Issue,1,0,,,,54,0,No Issue,
,OB Audit,B0TLD8RK,Staging Area,,Yes,,No Issue,1,0,,,,100,0,No Issue,
,OB Audit,B0TLD8UM,Staging Area,,Yes,,No Issue,1,0,,,,34,0,No Issue,
,OB Audit,B0TICEPK,Staging Area,,Yes,,No Issue,1,0,,,,120,0,No Issue,
,OB Audit,B0TLD8E8,Staging Area,,Yes,,No Issue,1,0,,,,46,0,No Issue,
,OB Audit,B0TLD8B6,Staging Area,,Yes,,No Issue,1,0,,,,2,0,No Issue,
,OB Audit,B0TK8Y0M,Staging Area,,Yes,,No Issue,1,0,,,,106,0,No Issue,
,OB Audit,B0TLD8WK,Staging Area,,Yes,,No Issue,1,0,,,,1,0,No Issue,
,OB Audit,B0TLD8TI,Staging Area,,Yes,,No Issue,1,0,,,,12,0,No Issue,
,OB Audit,B0TLD8UC,Staging Area,,Yes,,No Issue,1,0,,,,41,0,No Issue,
,OB Audit,B0TICEKU,Staging Area,,Yes,,No Issue,1,0,,,,28,0,No Issue,
,OB Audit,B0TLD8SY,Staging Area,,Yes,,No Issue,1,0,,,,24,0,No Issue,
,OB Audit,B0TK8XXU,Staging Area,,Yes,,No Issue,1,0,,,,28,0,No Issue,
,OB Audit,B0TLB11U,Staging Area,,Yes,,No Issue,1,0,,,,68,0,No Issue,
,OB Audit,B0TICE9G,Staging Area,,Yes,,No Issue,1,0,,,,20,0,No Issue,
,OB Audit,B0TLD8O8,Staging Area,,Yes,,No Issue,1,0,,,,14,0,No Issue,
,OB Audit,B0TLD8MU,Staging Area,,Yes,,No Issue,1,0,,,,49,0,No Issue,
,OB Audit,B0TK8XZ8,Staging Area,,Yes,,No Issue,1,0,,,,38,0,No Issue,
,OB Audit,B0TLD8KM,Staging Area,,Yes,,No Issue,1,0,,,,42,0,No Issue,
,OB Audit,B0TK8XYE,Staging Area,,Yes,,No Issue,1,0,,,,61,0,No Issue,
,OB Audit,B0TLD8X4,Staging Area,,Yes,,No Issue,1,0,,,,1,0,No Issue,
,OB Audit,B0TLD8W0,Staging Area,,Yes,,No Issue,1,0,,,,38,0,No Issue,
,OB Audit,B0TLD8JI,Staging Area,,Yes,,No Issue,1,0,,,,50,0,No Issue,
,OB Audit,B0TK8XYY,Staging Area,,Yes,,No Issue,1,0,,,,9,0,No Issue,
,OB Audit,B0TLD8AW,Staging Area,,Yes,,No Issue,1,0,,,,80,0,No Issue,
,OB Audit,B0TK8Y02,Staging Area,,Yes,,No Issue,1,0,,,,53,0,No Issue,
,OB Audit,B0TICEGE,Staging Area,,Yes,,No Issue,1,0,,,,66,0,No Issue,
,OB Audit,B0TLD88E,Staging Area,,Yes,,No Issue,1,0,,,,47,0,No Issue,
,OB Audit,B0TLD88Y,Staging Area,,Yes,,No Issue,1,0,,,,27,0,No Issue,
,OB Audit,B0TLD8VQ,Staging Area,,Yes,,No Issue,1,0,,,,7,0,No Issue,
,OB Audit,B0TLD8DO,Staging Area,,Yes,,No Issue,1,0,,,,54,0,No Issue,
,OB Audit,B0TLB12E,Staging Area,,Yes,,No Issue,1,0,,,,26,0,No Issue,
,OB Audit,B0TLB1GU,Staging Area,,Yes,,No Issue,1,0,,,,8,0,No Issue,
,OB Audit,B0TICEB4,Staging Area,,Yes,,No Issue,1,0,,,,14,0,No Issue,
,OB Audit,B0TLDY8I,Staging Area,,Yes,,No Issue,1,0,,,,71,0,No Issue,
,OB Audit,B0TLD8T8,Staging Area,,Yes,,No Issue,1,0,,,,34,0,No Issue,
,OB Audit,B0TLD8NO,Staging Area,,Yes,,No Issue,1,0,,,,44,0,No Issue,
,OB Audit,B0TLDY5G,Staging Area,,Yes,,No Issue,1,0,,,,45,0,No Issue,
,OB Audit,B0TLD89I,Staging Area,,Yes,,No Issue,1,0,,,,52,0,No Issue,
,OB Audit,B0TLD8SO,Staging Area,,Yes,,No Issue,1,0,,,,30,0,No Issue,
,OB Audit,B0TLD8WA,Staging Area,,Yes,,No Issue,1,0,,,,35,0,No Issue,
,OB Audit,B0TK8Y48,Staging Area,,Yes,,No Issue,1,0,,,,35,0,No Issue,
,OB Audit,B0TK8Y2U,Staging Area,,Yes,,No Issue,1,0,,,,41,0,No Issue,
,OB Audit,B0TLD87U,Staging Area,,Yes,,No Issue,1,0,,,,51,0,No Issue,
,OB Audit,B0TLB0QG,Staging Area,,Yes,,No Issue,1,0,,,,58,0,No Issue,
,OB Audit,B0TLD8D4,Staging Area,,Yes,,No Issue,1,0,,,,24,0,No Issue,
,OB Audit,B0TLD89S,Staging Area,,Yes,,No Issue,1,0,,,,21,0,No Issue,
,OB Audit,B0TK8Y1G,Staging Area,,Yes,,No Issue,1,0,,,,45,0,No Issue,
,OB Audit,B0TLD8ES,Staging Area,,Yes,,No Issue,1,0,,,,15,0,No Issue,
,OB Audit,B0TLD8C0,Staging Area,,Yes,,No Issue,1,0,,,,21,0,No Issue,
,OB Audit,B0TLD8HK,Staging Area,,Yes,,No Issue,1,0,,,,19,0,No Issue,
,OB Audit,B0TICEKK,Staging Area,,Yes,,No Issue,1,0,,,,72,0,No Issue,
,OB Audit,B0TLD8N4,Staging Area,,Yes,,No Issue,1,0,,,,26,0,No Issue,
,OB Audit,B0TLD8L6,Staging Area,,Yes,,No Issue,1,0,,,,38,0,No Issue,
,OB Audit,B0TK8Y3E,Staging Area,,Yes,,No Issue,1,0,,,,29,0,No Issue,
,OB Audit,B0TLDY7Y,Staging Area,,Yes,,No Issue,1,0,,,,85,0,No Issue,
,OB Audit,B0TLKR4C,Staging Area,,Yes,,No Issue,1,0,,,,7,0,No Issue,
,OB Audit,B0TK35TW,Staging Area,,Yes,,No Issue,1,0,,,,69,0,No Issue,
,OB Audit,B0TLD8FC,Staging Area,,Yes,,No Issue,1,0,,,,3,0,No Issue,
,OB Audit,B0TICEEQ,Staging Area,,Yes,,Missing,1,1,,,,56,1,Short,
,OB Audit,B0TLD8U2,Staging Area,,Yes,,No Issue,1,0,,,,39,0,No Issue,
,OB Audit,B0TLD8BQ,Staging Area,,Yes,,No Issue,1,0,,,,6,0,No Issue,
,OB Audit,B0TLD8XY,Staging Area,,Yes,,No Issue,1,0,,,,84,0,No Issue,
,OB Audit,B0TLD8AC,Staging Area,,Yes,,No Issue,1,0,,,,8,0,No Issue,
,OB Audit,B0TLD8TS,Staging Area,,Yes,,No Issue,1,0,,,,8,0,No Issue,
,OB Audit,B0TICENM,Staging Area,,Yes,,No Issue,1,0,,,,30,0,No Issue,
,OB Audit,B0TICEBO,Staging Area,,Yes,,No Issue,1,0,,,,50,0,No Issue,
,OB Audit,B0TLD8BG,Staging Area,,Yes,,No Issue,1,0,,,,25,0,No Issue,
,OB Audit,B0TLD8CK,Staging Area,,Yes,,No Issue,1,0,,,,74,0,No Issue,
,OB Audit,B0TLDY74,Staging Area,,Yes,,No Issue,1,0,,,,64,0,No Issue,
,OB Audit,B0TLD8EI,Staging Area,,Yes,,No Issue,1,0,,,,26,0,No Issue,
,OB Audit,B0TLD87A,Staging Area,,Yes,,No Issue,1,0,,,,62,0,No Issue,
,OB Audit,B0TLW83K,Staging Area,,Yes,,No Issue,1,0,,,,2,0,No Issue,
,OB Audit,B0TLW84E,Staging Area,,Yes,,No Issue,1,0,,,,3,0,No Issue,
,OB Audit,B0TMSFUE,Staging Area,,Yes,,No Issue,1,0,,,,4,0,No Issue,
,OB Audit,B0TMSYWI,Staging Area,,Yes,,No Issue,1,0,,,,2,0,No Issue,
,OB Audit,B0TLDY1K,Staging Area,,Yes,,No Issue,1,0,,,,4,0,No Issue,
,OB Audit,B0TLKRME,Staging Area,,Yes,,No Issue,1,0,,,,8,0,No Issue,
,OB Audit,B0TLW81M,Staging Area,,Yes,,No Issue,1,0,,,,7,0,No Issue,
,OB Audit,B0TMSZFE,Staging Area,,Yes,,No Issue,1,0,,,,6,0,No Issue,
,OB Audit,B0TMSYW8,Staging Area,,Yes,,No Issue,1,0,,,,2,0,No Issue,
,OB Audit,B0TMSYV4,Staging Area,,Yes,,No Issue,1,0,,,,3,0,No Issue,
,OB Audit,B0TMSZC2,Staging Area,,Yes,,No Issue,1,0,,,,4,0,No Issue,
,OB Audit,B0TLW7W2,Staging Area,,Yes,,No Issue,1,0,,,,2,0,No Issue,
,OB Audit,B0TMSZK4,Staging Area,,Yes,,No Issue,1,0,,,,4,0,No Issue,
,OB Audit,B0TLDY24,Staging Area,,Yes,,No Issue,1,0,,,,30,0,No Issue,
,OB Audit,B0TMSZDG,Staging Area,,Yes,,No Issue,1,0,,,,4,0,No Issue,
,OB Audit,B0TMSZEU,Staging Area,,Yes,,No Issue,1,0,,,,11,0,No Issue,
,OB Audit,B0TLW86M,Staging Area,,Yes,,No Issue,1,0,,,,6,0,No Issue,
,OB Audit,B0TLW81W,Staging Area,,Yes,,No Issue,1,0,,,,11,0,No Issue,
,OB Audit,B0TMSFHM,Staging Area,,Yes,,No Issue,1,0,,,,5,0,No Issue,
,OB Audit,B0TMSZD6,Staging Area,,Yes,,No Issue,1,0,,,,5,0,No Issue,
,OB Audit,B0TMSZCC,Staging Area,,Yes,,No Issue,1,0,,,,3,0,No Issue,
,OB Audit,B0TLW880,Staging Area,,Yes,,No Issue,1,0,,,,5,0,No Issue,
,OB Audit,B0TLKRHE,Staging Area,,Yes,,No Issue,1,0,,,,1,0,No Issue,
,OB Audit,B0TMSZ0Y,Staging Area,,Yes,,No Issue,1,0,,,,13,0,No Issue,
,OB Audit,B0TLW894,Staging Area,,Yes,,No Issue,1,0,,,,2,0,No Issue,
,OB Audit,B0TMSZBS,Staging Area,,Yes,,No Issue,1,0,,,,11,0,No Issue,
,OB Audit,B0TMSZ0O,Staging Area,,Yes,,No Issue,1,0,,,,39,0,No Issue,
,OB Audit,B0TLW7YK,Staging Area,,Yes,,No Issue,1,0,,,,2,0,No Issue,
,OB Audit,B0TMSZAY,Staging Area,,Yes,,No Issue,1,0,,,,6,0,No Issue,
,OB Audit,B0TMSFVI,Staging Area,,Yes,,No Issue,1,0,,,,51,0,No Issue,
,OB Audit,B0TMSF7C,Staging Area,,Yes,,No Issue,1,0,,,,15,0,No Issue,
,OB Audit,B0TM407Q,Staging Area,,Yes,,No Issue,1,0,,,,8,0,No Issue,
,OB Audit,B0TLKRTM,Staging Area,,Yes,,No Issue,1,0,,,,2,0,No Issue,
,OB Audit,B0TLKRTC,Staging Area,,Yes,,No Issue,1,0,,,,1,0,No Issue,
,OB Audit,B0TLW7ZE,Staging Area,,Yes,,No Issue,1,0,,,,1,0,No Issue,
,OB Audit,B0TLDYDS,Staging Area,,Yes,,No Issue,1,0,,,,77,0,No Issue,
,OB Audit,B0TLKRRE,Staging Area,,Yes,,No Issue,1,0,,,,1,0,No Issue,
,OB Audit,B0TMSZKY,Staging Area,,Yes,,No Issue,1,0,,,,3,0,No Issue,
,OB Audit,B0TLW87G,Staging Area,,Yes,,No Issue,1,0,,,,13,0,No Issue,
,OB Audit,B0TMSZKO,Staging Area,,Yes,,No Issue,1,0,,,,3,0,No Issue,
,OB Audit,B0TM4080,Staging Area,,Yes,,No Issue,1,0,,,,4,0,No Issue,
,OB Audit,B0TLKRHY,Staging Area,,Yes,,No Issue,1,0,,,,12,0,No Issue,
,OB Audit,B0TLKREC,Staging Area,,Yes,,No Issue,1,0,,,,72,0,No Issue,
,OB Audit,B0TLW862,Staging Area,,Yes,,No Issue,1,0,,,,5,0,No Issue,
,OB Audit,B0TMSZ18,Staging Area,,Yes,,No Issue,1,0,,,,5,0,No Issue,
,OB Audit,B0TLW7VS,Staging Area,,Yes,,No Issue,1,0,,,,24,0,No Issue,
,OB Audit,B0TMSZ36,Staging Area,,Yes,,No Issue,1,0,,,,8,0,No Issue,
,OB Audit,B0TMSFFY,Staging Area,,Yes,,No Issue,1,0,,,,51,0,No Issue,
,OB Audit,B0TMSYYG,Staging Area,,Yes,,No Issue,1,0,,,,6,0,No Issue,
,OB Audit,B0TLDYD8,Staging Area,,Yes,,No Issue,1,0,,,,26,0,No Issue,
,OB Audit,B0TMSZEK,Staging Area,,Yes,,No Issue,1,0,,,,2,0,No Issue,
,OB Audit,B0TMSFE0,Staging Area,,Yes,,No Issue,1,0,,,,6,0,No Issue,
,OB Audit,B0TMSZE0,Staging Area,,Yes,,No Issue,1,0,,,,2,0,No Issue,
,OB Audit,B0TMSZDQB0TMSZDQ,Staging Area,,Yes,,No Issue,1,0,,,,2,0,No Issue,
,OB Audit,B0TLDY2E,Staging Area,,Yes,,No Issue,1,0,,,,42,0,No Issue,
,OB Audit,B0TLDY10,Staging Area,,Yes,,No Issue,1,0,,,,30,0,No Issue,
,OB Audit,B0TMSZHM,Staging Area,,Yes,,No Issue,1,0,,,,98,0,No Issue,
,OB Audit,B0TMSZ04,Staging Area,,Yes,,No Issue,1,0,,,,6,0,No Issue,
,OB Audit,B0TMSFXQ,Staging Area,,Yes,,No Issue,1,0,,,,6,0,No Issue,
,OB Audit,B0TMSFIG,Staging Area,,Yes,,No Issue,1,0,,,,6,0,No Issue,
,OB Audit,B0TMSZ1I,Staging Area,,Yes,,No Issue,1,0,,,,2,0,No Issue,
,OB Audit,B0TMSFF4,Staging Area,,Yes,,No Issue,1,0,,,,6,0,No Issue,
,OB Audit,B0TLW7WC,Staging Area,,Yes,,No Issue,1,0,,,,40,0,No Issue,
,OB Audit,B0TMSFRM,Staging Area,,Yes,,No Issue,1,0,,,,6,0,No Issue,
,OB Audit,B0TMSFJA,Staging Area,,Yes,,No Issue,1,0,,,,6,0,No Issue,
,OB Audit,B0TMSFEA,Staging Area,,Yes,,No Issue,1,0,,,,6,0,No Issue,
,OB Audit,B0TLKR7Y,Staging Area,,Yes,,No Issue,1,0,,,,2,0,No Issue,
,OB Audit,B0TMSFKO,Staging Area,,Yes,,No Issue,1,0,,,,2,0,No Issue,
,OB Audit,B0TMSZ40,Staging Area,,Yes,,No Issue,1,0,,,,2,0,No Issue,
,OB Audit,B0TMSYVY,Staging Area,,Yes,,No Issue,1,0,,,,6,0,No Issue,
,OB Audit,B0TMSFRW,Staging Area,,Yes,,No Issue,1,0,,,,2,0,No Issue,
,OB Audit,B0TMSFLS,Staging Area,,Yes,,No Issue,1,0,,,,6,0,No Issue,
,OB Audit,B0TLKR6U,Staging Area,,Yes,,No Issue,1,0,,,,6,0,No Issue,
,OB Audit,B0TMSFGS,Staging Area,,Yes,,No Issue,1,0,,,,8,0,No Issue,
,OB Audit,B0TMSZ2W,Staging Area,,Yes,,No Issue,1,0,,,,2,0,No Issue,
,OB Audit,B0TLKR4M,Staging Area,,Yes,,No Issue,1,0,,,,2,0,No Issue,
,OB Audit,B0TLKR74,Staging Area,,Yes,,No Issue,1,0,,,,3,0,No Issue,
,OB Audit,B0TMSYWS,Staging Area,,Yes,,No Issue,1,0,,,,5,0,No Issue,
,OB Audit,B0TMSYZU,Staging Area,,Yes,,No Issue,1,0,,,,35,0,No Issue,
,OB Audit,B0TMSYXC,Staging Area,,Yes,,No Issue,1,0,,,,6,0,No Issue,
,OB Audit,B0TMSZ7C,Staging Area,,Yes,,No Issue,1,0,,,,3,0,No Issue,
,OB Audit,B0TMSFNQ,Staging Area,,Yes,,No Issue,1,0,,,,2,0,No Issue,
,OB Audit,B0TMSFN6,Staging Area,,Yes,,No Issue,1,0,,,,8,0,No Issue,
,OB Audit,B0TMSYZK,Staging Area,,Yes,,No Issue,1,0,,,,117,0,No Issue,
,OB Audit,B0TMSFTU,Staging Area,,Yes,,No Issue,1,0,,,,2,0,No Issue,
,OB Audit,B0TMSFWM,Staging Area,,Yes,,No Issue,1,0,,,,158,0,No Issue,
,OB Audit,B0TMSFHW,Staging Area,,Yes,,No Issue,1,0,,,,6,0,No Issue,
,OB Audit,B0TMSZJA,Staging Area,,Yes,,No Issue,1,0,,,,115,0,No Issue,
,OB Audit,B0TEQQTE,Staging Area,,Yes,,No Issue,1,0,,,,15,0,No Issue,
,OB Audit,B0TMSFR2,Staging Area,,Yes,,No Issue,1,0,,,,8,0,No Issue,
,OB Audit,B0TLW7WW,Staging Area,,Yes,,No Issue,1,0,,,,15,0,No Issue,
,OB Audit,B0TMSFQ8,Staging Area,,Yes,,No Issue,1,0,,,,3,0,No Issue,
,OB Audit,B0TMSFTA,Staging Area,,Yes,,No Issue,1,0,,,,17,0,No Issue,
,OB Audit,B0TMSFL8,Staging Area,,Yes,,No Issue,1,0,,,,6,0,No Issue,
,OB Audit,B0TMSFS6,Staging Area,,Yes,,No Issue,1,0,,,,5,0,No Issue,
,OB Audit,B0TMSZGS,Staging Area,,Yes,,No Issue,1,0,,,,2,0,No Issue,
,OB Audit,B0TMSFKY,Staging Area,,Yes,,No Issue,1,0,,,,6,0,No Issue,
,OB Audit,B0TMSFP4,Staging Area,,Yes,,No Issue,1,0,,,,3,0,No Issue,
,OB Audit,B0TLDY1A,Staging Area,,Yes,,No Issue,1,0,,,,51,0,No Issue,
,OB Audit,B0TMSFLI,Staging Area,,Yes,,No Issue,1,0,,,,2,0,No Issue,
,OB Audit,B0TLDY6A,Staging Area,,Yes,,No Issue,1,0,,,,16,0,No Issue,
,OB Audit,B0TLDY5Q,Staging Area,,Yes,,No Issue,1,0,,,,76,0,No Issue,
,OB Audit,B0TMSFOK,Staging Area,,Yes,,No Issue,1,0,,,,60,0,No Issue,
,OB Audit,B0TLDY8S,Staging Area,,Yes,,No Issue,1,0,,,,31,0,No Issue,
,OB Audit,B0TMSFPO,Staging Area,,Yes,,No Issue,1,0,,,,39,0,No Issue,
,OB Audit,B0TLW7Z4,Staging Area,,Yes,,No Issue,1,0,,,,80,0,No Issue,
,OB Audit,B0TLDY7O,Staging Area,,Yes,,No Issue,1,0,,,,102,0,No Issue,
,OB Audit,B0TLW80I,Staging Area,,Yes,,No Issue,1,0,,,,53,0,No Issue,
,OB Audit,B0TLW7YU,Staging Area,,Yes,,No Issue,1,0,,,,55,0,No Issue,
,OB Audit,B0TLDYCE,Staging Area,,Yes,,No Issue,1,0,,,,149,0,No Issue,
,OB Audit,B0TMSFPE,Staging Area,,Yes,,No Issue,1,0,,,,67,0,No Issue,
,OB Audit,B0TMSFV8,Staging Area,,Yes,,No Issue,1,0,,,,50,0,No Issue,
,OB Audit,B0TMSYZA,Staging Area,,Yes,,No Issue,1,0,,,,80,0,No Issue,
,OB Audit,B0TMSFWW,Staging Area,,Yes,,No Issue,1,0,,,,114,0,No Issue,
,OB Audit,B0TMSFAO,Staging Area,,Yes,,No Issue,1,0,,,,118,0,No Issue,
,OB Audit,B0TMSFMC,Staging Area,,Yes,,No Issue,1,0,,,,127,0,No Issue,
,OB Audit,B0TMSZI6,Staging Area,,Yes,,No Issue,1,0,,,,142,0,No Issue,
,OB Audit,B0TMSZJ0,Staging Area,,Yes,,No Issue,1,0,,,,105,0,No Issue,
,OB Audit,B0TLW7Y0,Staging Area,,Yes,,No Issue,1,0,,,,54,0,No Issue,
,OB Audit,B0TMSFH2,Staging Area,,Yes,,No Issue,1,0,,,,57,0,No Issue,
,OB Audit,B0TMSFOU,Staging Area,,Yes,,No Issue,1,0,,,,100,0,No Issue,
,OB Audit,B0TMSF8G,Staging Area,,Yes,,No Issue,1,0,,,,60,0,No Issue,
,OB Audit,B0TMSFHC,Staging Area,,Yes,,No Issue,1,0,,,,100,0,No Issue,
,OB Audit,B0TMSFY0,Staging Area,,Yes,,No Issue,1,0,,,,108,0,No Issue,
,OB Audit,B0TMSF9U,Staging Area,,Yes,,No Issue,1,0,,,,65,0,No Issue,
,OB Audit,B0TMSFJU,Staging Area,,Yes,,No Issue,1,0,,,,92,0,No Issue,
,OB Audit,B0TMSFBI,Staging Area,,Yes,,No Issue,1,0,,,,6,0,No Issue,
,OB Audit,B0TMSFM2,Staging Area,,Yes,,No Issue,1,0,,,,1,0,No Issue,
,OB Audit,B0TLW7WM,Staging Area,,Yes,,No Issue,1,0,,,,101,0,No Issue,
,OB Audit,B0TMSFRC,Staging Area,,Yes,,No Issue,1,0,,,,44,0,No Issue,
,OB Audit,B0TMSF90,Staging Area,,Yes,,No Issue,1,0,,,,14,0,No Issue,
,OB Audit,B0TMSFW2,Staging Area,,Yes,,No Issue,1,0,,,,118,0,No Issue,
,OB Audit,B0TMSFSQ,Staging Area,,Yes,,No Issue,1,0,,,,122,0,No Issue,
,OB Audit,B0TMSFUO,Staging Area,,Yes,,No Issue,1,0,,,,75,0,No Issue,
,OB Audit,B0TMSZ90,Staging Area,,Yes,,No Issue,1,0,,,,26,0,No Issue,
,OB Audit,B0TMSFWC,Staging Area,,Yes,,No Issue,1,0,,,,44,0,No Issue,
,OB Audit,B0TMSF86,Staging Area,,Yes,,No Issue,1,0,,,,10,0,No Issue,
,OB Audit,B0TMSFAE,Staging Area,,Yes,,No Issue,1,0,,,,38,0,No Issue,
,OB Audit,B0TMSF8Q,Staging Area,,Yes,,No Issue,1,0,,,,26,0,No Issue,
,OB Audit,B0TMSFQI,Staging Area,,Yes,,No Issue,1,0,,,,20,0,No Issue,
,OB Audit,B0TMSFUY,Staging Area,,Yes,,No Issue,1,0,,,,22,0,No Issue,
,OB Audit,B0TMSFPY,Staging Area,,Yes,,No Issue,1,0,,,,1,0,No Issue,
,OB Audit,B0TMSFVS,Staging Area,,Yes,,No Issue,1,0,,,,53,0,No Issue,
,OB Audit,B0TMSYZ0,Staging Area,,Yes,,No Issue,1,0,,,,15,0,No Issue,
,OB Audit,B0TMSF72,Staging Area,,Yes,,No Issue,1,0,,,,52,0,No Issue,
,OB Audit,B0TMSF7M,Staging Area,,Yes,,No Issue,1,0,,,,2,0,No Issue,
,OB Audit,B0TMSFC2,Staging Area,,Yes,,No Issue,1,0,,,,31,0,No Issue,
,OB Audit,B0TMSZLI,Staging Area,,Yes,,No Issue,1,0,,,,20,0,No Issue,
,OB Audit,B0TMSFMM,Staging Area,,Yes,,No Issue,1,0,,,,61,0,No Issue,
,OB Audit,B0TMSFI6,Staging Area,,Yes,,No Issue,1,0,,,,48,0,No Issue,
,OB Audit,B0TM409O,Staging Area,,Yes,,No Issue,1,0,,,,27,0,No Issue,
,OB Audit,B0TMSZMC,Staging Area,,Yes,,No Issue,1,0,,,,1,0,No Issue,
,OB Audit,B0TMSZAE,Staging Area,,Yes,,No Issue,1,0,,,,41,0,No Issue,
,OB Audit,B0TMSFCC,Staging Area,,Yes,,No Issue,1,0,,,,2,0,No Issue,
,OB Audit,B0TMSYYQ,Staging Area,,Yes,,No Issue,1,0,,,,12,0,No Issue,
,OB Audit,B0TMSFCW,Staging Area,,Yes,,No Issue,1,0,,,,44,0,No Issue,
,OB Audit,B0TMSFAY,Staging Area,,Yes,,No Issue,1,0,,,,16,0,No Issue,
,OB Audit,B0TMSZ7W,Staging Area,,Yes,,No Issue,1,0,,,,75,0,No Issue,
,OB Audit,B0TMSF9K,Staging Area,,Yes,,No Issue,1,0,,,,34,0,No Issue,
,OB Audit,B0TMSFBS,Staging Area,,Yes,,No Issue,1,0,,,,59,0,No Issue,
,OB Audit,B0TMSZ5E,Staging Area,,Yes,,No Issue,1,0,,,,26,0,No Issue,
,OB Audit,B0TMSZ8Q,Staging Area,,Yes,,No Issue,1,0,,,,70,0,No Issue,
,OB Audit,B0TMSFEU,Staging Area,,Yes,,No Issue,1,0,,,,58,0,No Issue,
,OB Audit,B0TMSF6S,Staging Area,,Yes,,No Issue,1,0,,,,27,0,No Issue,
,OB Audit,B0TMSZHC,Staging Area,,Yes,,No Issue,1,0,,,,2,0,No Issue,
,OB Audit,B0TMSZFO,Staging Area,,Yes,,No Issue,1,0,,,,49,0,No Issue,
,OB Audit,B0TMSZF4,Staging Area,,Yes,,No Issue,1,0,,,,7,0,No Issue,
,OB Audit,B0TMSZ0E,Staging Area,,Yes,,No Issue,1,0,,,,15,0,No Issue,
,OB Audit,B0TMSZ6I,Staging Area,,Yes,,No Issue,1,0,,,,82,0,No Issue,
,OB Audit,B0TMSFSG,Staging Area,,Yes,,No Issue,1,0,,,,27,0,No Issue,
,OB Audit,B0TMSZKE,Staging Area,,Yes,,No Issue,1,0,,,,53,0,No Issue,
,OB Audit,B0TMSZ22,Staging Area,,Yes,,No Issue,1,0,,,,96,0,No Issue,
,OB Audit,B0TMSZ6S,Staging Area,,Yes,,No Issue,1,0,,,,78,0,No Issue,
,OB Audit,B0TMSZ5O,Staging Area,,Yes,,No Issue,1,0,,,,54,0,No Issue,
,OB Audit,B0TMSFU4,Staging Area,,Yes,,No Issue,1,0,,,,34,0,No Issue,
,OB Audit,B0TMSFOA,Staging Area,,Yes,,No Issue,1,0,,,,36,0,No Issue,
,OB Audit,B0TMSFTK,Staging Area,,Yes,,No Issue,1,0,,,,71,0,No Issue,
,OB Audit,B0TMSFMW,Staging Area,,Yes,,No Issue,1,0,,,,37,0,No Issue,
,OB Audit,B0TMSF9A,Staging Area,,Yes,,No Issue,1,0,,,,58,0,No Issue,
,OB Audit,B0TMSFQS,Staging Area,,Yes,,No Issue,1,0,,,,28,0,No Issue,
,OB Audit,B0TMSFFE,Staging Area,,Yes,,No Issue,1,0,,,,39,0,No Issue,
,OB Audit,B0TMSZB8,Staging Area,,Yes,,No Issue,1,0,,,,62,0,No Issue,
,OB Audit,B0TMSZ9U,Staging Area,,Yes,,No Issue,1,0,,,,72,0,No Issue,
,OB Audit,B0TM40CG,Staging Area,,Yes,,No Issue,1,0,,,,73,0,No Issue,
,OB Audit,B0TMSZ9K,Staging Area,,Yes,,No Issue,1,0,,,,4,0,No Issue,
,OB Audit,B0TMSZ2M,Staging Area,,Yes,,No Issue,1,0,,,,52,0,No Issue,
,OB Audit,B0TMSZ3Q,Staging Area,,Yes,,No Issue,1,0,,,,33,0,No Issue,
,OB Audit,B0TMSZAO,Staging Area,,Yes,,No Issue,1,0,,,,21,0,No Issue,
,OB Audit,B0TMSFKE,Staging Area,,Yes,,No Issue,1,0,,,,7,0,No Issue,
,OB Audit,B0TMSFXG,Staging Area,,Yes,,No Issue,1,0,,,,78,0,No Issue,
,OB Audit,B0TMSFO0,Staging Area,,Yes,,No Issue,1,0,,,,47,0,No Issue,
,OB Audit,B0TMSZ72,Staging Area,,Yes,,No Issue,1,0,,,,81,0,No Issue,
,OB Audit,B0TMSFNG,Staging Area,,Yes,,No Issue,1,0,,,,57,0,No Issue,
,OB Audit,B0TMSFT0,Staging Area,,Yes,,No Issue,1,0,,,,87,0,No Issue,
,OB Audit,B0TMSFD6,Staging Area,,Yes,,No Issue,1,0,,,,75,0,No Issue,
,OB Audit,B0TMSFK4,Staging Area,,Yes,,No Issue,1,0,,,,71,0,No Issue,
,OB Audit,B0TUIEOI,Staging Area,,Yes,,No Issue,1,0,,,,78,0,No Issue,
,OB Audit,B0TUIEU2,Staging Area,,Yes,,No Issue,1,0,,,,99,0,No Issue,
,OB Audit,B0TUI6L4,Staging Area,,Yes,,No Issue,1,0,,,,32,0,No Issue,
,OB Audit,B0TUKSGU,Staging Area,,Yes,,No Issue,1,0,,,,17,0,No Issue,
,OB Audit,B0TUKSL0,Staging Area,,Yes,,No Issue,1,0,,,,72,0,No Issue,
,OB Audit,B0TUIEXO,Staging Area,,Yes,,No Issue,1,0,,,,84,0,No Issue,
,OB Audit,B0TUIEXY,Staging Area,,Yes,,No Issue,1,0,,,,75,0,No Issue,
,OB Audit,B0TUIEWK,Staging Area,,Yes,,No Issue,1,0,,,,100,0,No Issue,
,OB Audit,B0TUI682,Staging Area,,Yes,,No Issue,1,0,,,,11,0,No Issue,
,OB Audit,B0TUKSEC,Staging Area,,Yes,,No Issue,1,0,,,,1,0,No Issue,
,OB Audit,B0TUKSD8,Staging Area,,Yes,,No Issue,1,0,,,,1,0,No Issue,
,OB Audit,B0TUKSC4,Staging Area,,Yes,,No Issue,1,0,,,,1,0,No Issue,
,OB Audit,B0TVWI8K,Staging Area,,Yes,,No Issue,1,0,,,,4,0,No Issue,
,OB Audit,B0TVWI7Q,Staging Area,,Yes,,No Issue,1,0,,,,2,0,No Issue,
,OB Audit,B0TVWI8U,Staging Area,,Yes,,No Issue,1,0,,,,1,0,No Issue,
,OB Audit,B0TUIF6A,Staging Area,,Yes,,No Issue,1,0,,,,4,0,No Issue,
,OB Audit,B0TUKSFG,Staging Area,,Yes,,No Issue,1,0,,,,1,0,No Issue,
,OB Audit,B0TUKSHE,Staging Area,,Yes,,No Issue,1,0,,,,1,0,No Issue,
,OB Audit,B0TVWIKI,Staging Area,,Yes,,No Issue,1,0,,,,41,0,No Issue,
,OB Audit,B0TUIF6U,Staging Area,,Yes,,No Issue,1,0,,,,4,0,No Issue,
,OB Audit,B0TUIF74,Staging Area,,Yes,,No Issue,1,0,,,,8,0,No Issue,
,OB Audit,B0TUIF6K,Staging Area,,Yes,,No Issue,1,0,,,,1,0,No Issue,
,OB Audit,B0TUKSBU,Staging Area,,Yes,,No Issue,1,0,,,,24,0,No Issue,
,OB Audit,B0TVWIEY,Staging Area,,Yes,,No Issue,1,0,,,,75,0,No Issue,
,OB Audit,B0TVZECW,Staging Area,,Yes,,No Issue,1,0,,,,100,0,No Issue,
,OB Audit,B0TVZECM,Staging Area,,Yes,,No Issue,1,0,,,,97,0,No Issue,
,OB Audit,B0TVZE3Q,Staging Area,,Yes,,No Issue,1,0,,,,3,0,No Issue,
,OB Audit,B0TVWIEE,Staging Area,,Yes,,No Issue,1,0,,,,105,0,No Issue,
,OB Audit,B0TVWIE4,Staging Area,,Yes,,No Issue,1,0,,,,34,0,No Issue,
,OB Audit,B0TXG5ZK,Staging Area,,Yes,,No Issue,1,0,,,,45,0,No Issue,
,OB Audit,B0TXG62M,Staging Area,,Yes,,Misshipment,1,1,,,,137,1,Misshipment,
,OB Audit,B0TXFZTM,Staging Area,,Yes,,No Issue,1,0,,,,78,0,No Issue,
,OB Audit,B0TXG62W,Staging Area,,Yes,,No Issue,1,0,,,,36,0,No Issue,
,OB Audit,B0TXG5ZU,Staging Area,,Yes,,No Issue,1,0,,,,23,0,No Issue,
,OB Audit,B0TXG6BS,Staging Area,,Yes,,No Issue,1,0,,,,1,0,No Issue,
,OB Audit,B0TXG622,Staging Area,,Yes,,No Issue,1,0,,,,146,0,No Issue,
,OB Audit,B0TVX79E,Staging Area,,Yes,,No Issue,1,0,,,,48,0,No Issue,
,OB Audit,B0TXG68Q,Staging Area,,Yes,,No Issue,1,0,,,,8,0,No Issue,
,OB Audit,B0TXG68G,Staging Area,,Yes,,No Issue,1,0,,,,8,0,No Issue,
,OB Audit,B0TXG64A,Staging Area,,Yes,,No Issue,1,0,,,,7,0,No Issue,
,OB Audit,B0TXG6E0,Staging Area,,Yes,,No Issue,1,0,,,,34,0,No Issue,
,OB Audit,B0TXG6KE,Staging Area,,Yes,,No Issue,1,0,,,,5,0,No Issue,
,OB Audit,B0TXFZU6,Staging Area,,Yes,,No Issue,1,0,,,,73,0,No Issue,
,OB Audit,B0TXFZLK,Staging Area,,Yes,,No Issue,1,0,,,,20,0,No Issue,
,OB Audit,B0TVX71M,Staging Area,,Yes,,No Issue,1,0,,,,42,0,No Issue,
,OB Audit,B0TXG66S,Staging Area,,Yes,,No Issue,1,0,,,,4,0,No Issue,
,OB Audit,B0TXG6G8,Staging Area,,Yes,,No Issue,1,0,,,,8,0,No Issue,
,OB Audit,B0TXG686,Staging Area,,Yes,,No Issue,1,0,,,,5,0,No Issue,
,OB Audit,B0TXG668,Staging Area,,Yes,,No Issue,1,0,,,,1,0,No Issue,
,OB Audit,B0TXG6HM,Staging Area,,Yes,,No Issue,1,0,,,,7,0,No Issue,
,OB Audit,B0TXG6C2,Staging Area,,Yes,,No Issue,1,0,,,,4,0,No Issue,
,OB Audit,B0TXG00U,Staging Area,,Yes,,No Issue,1,0,,,,56,0,No Issue,
,OB Audit,B0TXG640,Staging Area,,Yes,,No Issue,1,0,,,,5,0,No Issue,
,OB Audit,B0TXG6JK,Staging Area,,Yes,,No Issue,1,0,,,,3,0,No Issue,
,OB Audit,B0TXG6CC,Staging Area,,Yes,,No Issue,1,0,,,,7,0,No Issue,
,OB Audit,B0TXG654,Staging Area,,Yes,,No Issue,1,0,,,,6,0,No Issue,
,OB Audit,B0TXG6KO,Staging Area,,Yes,,No Issue,1,0,,,,12,0,No Issue,
,OB Audit,B0TXG6DG,Staging Area,,Yes,,No Issue,1,0,,,,9,0,No Issue,
,OB Audit,B0TXG65O,Staging Area,,Yes,,No Issue,1,0,,,,6,0,No Issue,
,OB Audit,B0TXG6L8,Staging Area,,Yes,,No Issue,1,0,,,,9,0,No Issue,
,OB Audit,B0TXG6LI,Staging Area,,Yes,,No Issue,1,0,,,,4,0,No Issue,
,OB Audit,B0TXG0A0,Staging Area,,Yes,,No Issue,1,0,,,,99,0,No Issue,
,OB Audit,B0TVX708,Staging Area,,Yes,,No Issue,1,0,,,,86,0,No Issue,
,OB Audit,B0TXG6MC,Staging Area,,Yes,,No Issue,1,0,,,,7,0,No Issue,
,OB Audit,B0TXFZQA,Staging Area,,Yes,,No Issue,1,0,,,,43,0,No Issue,
,OB Audit,B0TXG6N6,Staging Area,,Yes,,No Issue,1,0,,,,6,0,No Issue,
,OB Audit,B0TVX6W2,Staging Area,,Yes,,No Issue,1,0,,,,18,0,No Issue,
,OB Audit,B0TXFZG0,Staging Area,,Yes,,No Issue,1,0,,,,20,0,No Issue,
,OB Audit,B0TXG09Q,Staging Area,,Yes,,No Issue,1,0,,,,42,0,No Issue,
,OB Audit,B0TXG6OA,Staging Area,,Yes,,No Issue,1,0,,,,3,0,No Issue,
,OB Audit,B0TXG0FAB0TXG0FA,Staging Area,,Yes,,No Issue,1,0,,,,20,0,No Issue,
,OB Audit,B0TXG5YQ,Staging Area,,Yes,,No Issue,1,0,,,,2,0,No Issue,
,OB Audit,B0TXG0FK,Staging Area,,Yes,,No Issue,1,0,,,,17,0,No Issue,
,OB Audit,B0TXFZZG,Staging Area,,Yes,,No Issue,1,0,,,,42,0,No Issue,
,OB Audit,B0TXFZRE,Staging Area,,Yes,,No Issue,1,0,,,,24,0,No Issue,
,OB Audit,B0TXG6OU,Staging Area,,Yes,,No Issue,1,0,,,,8,0,No Issue,
,OB Audit,B0TXG6OK,Staging Area,,Yes,,No Issue,1,0,,,,3,0,No Issue,
,OB Audit,B0TXG69K,Staging Area,,Yes,,No Issue,1,0,,,,64,0,No Issue,
,OB Audit,B0TXG078,Staging Area,,Yes,,No Issue,1,0,,,,19,0,No Issue,
,OB Audit,B0TXG0BO,Staging Area,,Yes,,No Issue,1,0,,,,93,0,No Issue,
,OB Audit,B0TXG01O,Staging Area,,Yes,,No Issue,1,0,,,,173,0,No Issue,
,OB Audit,B0TXG6D6,Staging Area,,Yes,,No Issue,1,0,,,,118,0,No Issue,
,OB Audit,B0TXG0DC,Staging Area,,Yes,,No Issue,1,0,,,,84,0,No Issue,
,OB Audit,B0TXFZWO,Staging Area,,Yes,,No Issue,1,0,,,,124,0,No Issue,
,OB Audit,B0TXG0C8,Staging Area,,Yes,,No Issue,1,0,,,,116,0,No Issue,
,OB Audit,B0TVX70I,Staging Area,,Yes,,No Issue,1,0,,,,140,0,No Issue,
,OB Audit,B0TXG028,Staging Area,,Yes,,No Issue,1,0,,,,24,0,No Issue,
,OB Audit,B0TXG6A4,Staging Area,,Yes,,No Issue,1,0,,,,76,0,No Issue,
,OB Audit,B0TXG06O,Staging Area,,Yes,,No Issue,1,0,,,,43,0,No Issue,
,OB Audit,B0TVX730,Staging Area,,Yes,,No Issue,1,0,,,,52,0,No Issue,
,OB Audit,B0TXG6EA,Staging Area,,Yes,,No Issue,1,0,,,,84,0,No Issue,
,OB Audit,B0TXGUZK,Staging Area,,Yes,,No Issue,1,0,,,,132,0,No Issue,
,OB Audit,B0TXG6AO,Staging Area,,Yes,,No Issue,1,0,,,,102,0,No Issue,
,OB Audit,B0TXFZGK,Staging Area,,Yes,,No Issue,1,0,,,,35,0,No Issue,
,OB Audit,B0TXFZL0,Staging Area,,Yes,,No Issue,1,0,,,,107,0,No Issue,
,OB Audit,B0TXFZT2,Staging Area,,Yes,,No Issue,1,0,,,,175,0,No Issue,
,OB Audit,B0TXG6M2,Staging Area,,Yes,,No Issue,1,0,,,,269,0,No Issue,
,OB Audit,B0TXFZX8,Staging Area,,Yes,,No Issue,1,0,,,,173,0,No Issue,
,OB Audit,B0TXG00A,Staging Area,,Yes,,No Issue,1,0,,,,96,0,No Issue,
,OB Audit,B0TVX780,Staging Area,,Yes,,No Issue,1,0,,,,91,0,No Issue,
,OB Audit,B0TXG0NW,Staging Area,,Yes,,No Issue,1,0,,,,121,0,No Issue,
,OB Audit,B0TXG0OG,Staging Area,,Yes,,No Issue,1,0,,,,88,0,No Issue,
,OB Audit,B0TVX76M,Staging Area,,Yes,,No Issue,1,0,,,,156,0,No Issue,
,OB Audit,B0TXG0F0,Staging Area,,Yes,,No Issue,1,0,,,,2,0,No Issue,
,OB Audit,B0TXG08C,Staging Area,,Yes,,No Issue,1,0,,,,122,0,No Issue,
,OB Audit,B0TXG672,Staging Area,,Yes,,No Issue,1,0,,,,3,0,No Issue,
,OB Audit,B0TVX7GC,Staging Area,,Yes,,No Issue,1,0,,,,198,0,No Issue,
,OB Audit,B0TXG0OQ,Staging Area,,Yes,,No Issue,1,0,,,,2,0,No Issue,
,OB Audit,B0TXG08M,Staging Area,,Yes,,No Issue,1,0,,,,3,0,No Issue,
,OB Audit,B0TXFZEM,Staging Area,,Yes,,No Issue,1,0,,,,10,0,No Issue,
,OB Audit,B0TXG6H2,Staging Area,,Yes,,No Issue,1,0,,,,2,0,No Issue,
,OB Audit,B0TXG6HW,Staging Area,,Yes,,No Issue,1,0,,,,1,0,No Issue,
,OB Audit,B0TXG07S,Staging Area,,Yes,,No Issue,1,0,,,,2,0,No Issue,
,OB Audit,B0TXGUYG,Staging Area,,Yes,,No Issue,1,0,,,,1,0,No Issue,
,OB Audit,B0TXG604,Staging Area,,Yes,,No Issue,1,0,,,,2,0,No Issue,
,OB Audit,B0TXGUX2,Staging Area,,Yes,,No Issue,1,0,,,,1,0,No Issue,
,OB Audit,B0TXG08W,Staging Area,,Yes,,No Issue,1,0,,,,1,0,No Issue,
,OB Audit,B0TXGUVY,Staging Area,,Yes,,No Issue,1,0,,,,1,0,No Issue,
,OB Audit,B0TXGUZ0,Staging Area,,Yes,,No Issue,1,0,,,,1,0,No Issue,
,OB Audit,B0TXG60O,Staging Area,,Yes,,No Issue,1,0,,,,1,0,No Issue,
,OB Audit,B0TXFZI8,Staging Area,,Yes,,No Issue,1,0,,,,22,0,No Issue,
,OB Audit,B0TXG6K4,Staging Area,,Yes,,No Issue,1,0,,,,11,0,No Issue,
,OB Audit,B0TXG0MS,Staging Area,,Yes,,No Issue,1,0,,,,7,0,No Issue,
,OB Audit,B0TXG0MI,Staging Area,,Yes,,No Issue,1,0,,,,5,0,No Issue,
,OB Audit,B0TXG690,Staging Area,,Yes,,No Issue,1,0,,,,47,0,No Issue,
,OB Audit,B0TXFZJC,Staging Area,,Yes,,No Issue,1,0,,,,3,0,No Issue,
,OB Audit,B0TXG0BE,Staging Area,,Yes,,No Issue,1,0,,,,10,0,No Issue,
,OB Audit,B0TXFZNI,Staging Area,,Yes,,No Issue,1,0,,,,1,0,No Issue,
,OB Audit,B0TXG6KY,Staging Area,,Yes,,No Issue,1,0,,,,12,0,No Issue,
,OB Audit,B0TXG0BY,Staging Area,,Yes,,No Issue,1,0,,,,19,0,No Issue,
,OB Audit,B0TXG0LO,Staging Area,,Yes,,No Issue,1,0,,,,52,0,No Issue,
,OB Audit,B0TXG0HS,Staging Area,,Yes,,No Issue,1,0,,,,17,0,No Issue,
,OB Audit,B0TXG6F4,Staging Area,,Yes,,No Issue,1,0,,,,20,0,No Issue,
,OB Audit,B0TVX7BW,Staging Area,,Yes,,No Issue,1,0,,,,35,0,No Issue,
,OB Audit,B0TVX758,Staging Area,,Yes,,No Issue,1,0,,,,64,0,No Issue,
,OB Audit,B0TXG0L4,Staging Area,,Yes,,No Issue,1,0,,,,34,0,No Issue,
,OB Audit,B0TXG0PK,Staging Area,,Yes,,No Issue,1,0,,,,57,0,No Issue,
,OB Audit,B0TXFZHO,Staging Area,,Yes,,No Issue,1,0,,,,53,0,No Issue,
,OB Audit,B0TXG6O0,Staging Area,,Yes,,No Issue,1,0,,,,9,0,No Issue,
,OB Audit,B0TVX74O,Staging Area,,Yes,,No Issue,1,0,,,,28,0,No Issue,
,OB Audit,B0TVX7FS,Staging Area,,Yes,,No Issue,1,0,,,,8,0,No Issue,
,OB Audit,B0TXG69A,Staging Area,,Yes,,No Issue,1,0,,,,36,0,No Issue,
,OB Audit,B0TXG0DW,Staging Area,,Yes,,No Issue,1,0,,,,6,0,No Issue,
,OB Audit,B0TXG0DM,Staging Area,,Yes,,No Issue,1,0,,,,17,0,No Issue,
,OB Audit,B0TXFZIS,Staging Area,,Yes,,No Issue,1,0,,,,39,0,No Issue,
,OB Audit,B0TXFZF6,Staging Area,,Yes,,No Issue,1,0,,,,71,0,No Issue,
,OB Audit,B0TXG0K0,Staging Area,,Yes,,No Issue,1,0,,,,52,0,No Issue,
,OB Audit,B0TXG6FO,Staging Area,,Yes,,No Issue,1,0,,,,12,0,No Issue,
,OB Audit,B0TXFZMY,Staging Area,,Yes,,No Issue,1,0,,,,2,0,No Issue,
,OB Audit,B0TVX7HG,Staging Area,,Yes,,No Issue,1,0,,,,25,0,No Issue,
,OB Audit,B0TXG6P4,Staging Area,,Yes,,No Issue,1,0,,,,55,0,No Issue,
,OB Audit,B0TVX7IK,Staging Area,,Yes,,No Issue,1,0,,,,63,0,No Issue,
,OB Audit,B0TXG6PY,Staging Area,,Yes,,No Issue,1,0,,,,50,0,No Issue,
,OB Audit,B0TXG6Q8,Staging Area,,Yes,,No Issue,1,0,,,,43,0,No Issue,
,OB Audit,B0TXG6PO,Staging Area,,Yes,,No Issue,1,0,,,,74,0,No Issue,
,OB Audit,B0TVX7EE,Staging Area,,Yes,,No Issue,1,0,,,,64,0,No Issue,
,OB Audit,B0TXG0NM,Staging Area,,Yes,,No Issue,1,0,,,,26,0,No Issue,
,OB Audit,B0TXG082,Staging Area,,Yes,,No Issue,1,0,,,,67,0,No Issue,
,OB Audit,B0TVX7BM,Staging Area,,Yes,,No Issue,1,0,,,,32,0,No Issue,
,OB Audit,B0TXG06Y,Staging Area,,Yes,,No Issue,1,0,,,,37,0,No Issue,
,OB Audit,B0TVX7DU,Staging Area,,Yes,,No Issue,1,0,,,,23,0,No Issue,
,OB Audit,B0TXG6FY,Staging Area,,Yes,,No Issue,1,0,,,,63,0,No Issue,
,OB Audit,B0TXG0M8,Staging Area,,Yes,,No Issue,1,0,,,,60,0,No Issue,
,OB Audit,B0TXFZFG,Staging Area,,Yes,,No Issue,1,0,,,,33,0,No Issue,
,OB Audit,B0TXG0N2,Staging Area,,Yes,,No Issue,1,0,,,,53,0,No Issue,
,OB Audit,B0TX0Y0W,Staging Area,,Yes,,No Issue,1,0,,,,57,0,No Issue,
,OB Audit,B0TYVRZ2,Staging Area,,Yes,,No Issue,1,0,,,,52,0,No Issue,
,OB Audit,B0TX0Y1G,Staging Area,,Yes,,No Issue,1,0,,,,120,0,No Issue,
,OB Audit,B0TYVRZM,Staging Area,,Yes,,No Issue,1,0,,,,82,0,No Issue,
,OB Audit,B0TYVRK2,Staging Area,,Yes,,No Issue,1,0,,,,101,0,No Issue,
,OB Audit,B0TYVRIY,Staging Area,,Yes,,No Issue,1,0,,,,15,0,No Issue,
,OB Audit,B0TX0Y1Q,Staging Area,,Yes,,No Issue,1,0,,,,119,0,No Issue,
,OB Audit,B0TX0UQ0,Staging Area,,Yes,,No Issue,1,0,,,,7,0,No Issue,
,OB Audit,B0TYVS4C,Staging Area,,Yes,,No Issue,1,0,,,,1,0,No Issue,
,OB Audit,B0TYVRJI,Staging Area,,Yes,,No Issue,1,0,,,,6,0,No Issue,
,OB Audit,B0TYZBE0,Staging Area,,Yes,,No Issue,1,0,,,,2,0,No Issue,
,OB Audit,B0TYVRES,Staging Area,,Yes,,No Issue,1,0,,,,105,0,No Issue,
,OB Audit,B0TYZBBS,Staging Area,,Yes,,No Issue,1,0,,,,2,0,No Issue,
,OB Audit,B0TX0YB6,Staging Area,,Yes,,No Issue,1,0,,,,1,0,No Issue,
,OB Audit,B0TYZB9U,Staging Area,,Yes,,No Issue,1,0,,,,3,0,No Issue,
,OB Audit,B0TYVRXO,Staging Area,,Yes,,No Issue,1,0,,,,57,0,No Issue,
,OB Audit,B0TYVRNE,Staging Area,,Yes,,No Issue,1,0,,,,13,0,No Issue,
,OB Audit,B0TYZB04,Staging Area,,Yes,,No Issue,1,0,,,,3,0,No Issue,
,OB Audit,B0TYZBCC,Staging Area,,Yes,,No Issue,1,0,,,,4,0,No Issue,
,OB Audit,B0TYVS3S,Staging Area,,Yes,,No Issue,1,0,,,,2,0,No Issue,
,OB Audit,B0TXG61S,Staging Area,,Yes,,No Issue,1,0,,,,3,0,No Issue,
,OB Audit,B0TYVRQQ,Staging Area,,Yes,,No Issue,1,0,,,,1,0,No Issue,
,OB Audit,B0TXG67W,Staging Area,,Yes,,No Issue,1,0,,,,1,0,No Issue,
,OB Audit,B0TYZBK4,Staging Area,,Yes,,No Issue,1,0,,,,10,0,No Issue,
,OB Audit,B0TYVRVQ,Staging Area,,Yes,,No Issue,1,0,,,,12,0,No Issue,
,OB Audit,B0TYZBB8,Staging Area,,Yes,,No Issue,1,0,,,,6,0,No Issue,
,OB Audit,B0TYVRUC,Staging Area,,Yes,,No Issue,1,0,,,,3,0,No Issue,
,OB Audit,B0TYVS1U,Staging Area,,Yes,,No Issue,1,0,,,,5,0,No Issue,
,OB Audit,B0TYZBEK,Staging Area,,Yes,,No Issue,1,0,,,,4,0,No Issue,
,OB Audit,B0TYZBHM,Staging Area,,Yes,,No Issue,1,0,,,,8,0,No Issue,
,OB Audit,B0TYVRE8,Staging Area,,Yes,,No Issue,1,0,,,,40,0,No Issue,
,OB Audit,B0TYVS1A,Staging Area,,Yes,,No Issue,1,0,,,,8,0,No Issue,
,OB Audit,B0TYVS10,Staging Area,,Yes,,No Issue,1,0,,,,10,0,No Issue,
,OB Audit,B0TYVS56,Staging Area,,Yes,,No Issue,1,0,,,,72,0,No Issue,
,OB Audit,B0TYVRZW,Staging Area,,Yes,,No Issue,1,0,,,,10,0,No Issue,
,OB Audit,B0TYVRF2,Staging Area,,Yes,,No Issue,1,0,,,,100,0,No Issue,
,OB Audit,B0TX0YC0,Staging Area,,Yes,,No Issue,1,0,,,,113,0,No Issue,
,OB Audit,B0TYVS42,Staging Area,,Yes,,No Issue,1,0,,,,20,0,No Issue,
,OB Audit,B0TX0YBG,Staging Area,,Yes,,No Issue,1,0,,,,92,0,No Issue,
,OB Audit,B0TYVRDO,Staging Area,,Yes,,No Issue,1,0,,,,67,0,No Issue,
,OB Audit,B0TYVS06,Staging Area,,Yes,,No Issue,1,0,,,,19,0,No Issue,
,OB Audit,B0TYVRG6,Staging Area,,Yes,,No Issue,1,0,,,,10,0,No Issue,
,OB Audit,B0TYVS2Y,Staging Area,,Yes,,No Issue,1,0,,,,10,0,No Issue,
,OB Audit,B0TYVREI,Staging Area,,Yes,,No Issue,1,0,,,,28,0,No Issue,
,OB Audit,B0TYVRUM,Staging Area,,Yes,,No Issue,1,0,,,,52,0,No Issue,
,OB Audit,B0TYVRFC,Staging Area,,Yes,,No Issue,1,0,,,,14,0,No Issue,
,OB Audit,B0TYVS0G,Staging Area,,Yes,,No Issue,1,0,,,,11,0,No Issue,
,OB Audit,B0TYVS38,Staging Area,,Yes,,No Issue,1,0,,,,9,0,No Issue,
,OB Audit,B0TYVS0Q,Staging Area,,Yes,,No Issue,1,0,,,,4,0,No Issue,
,OB Audit,B0TYVRTS,Staging Area,,Yes,,No Issue,1,0,,,,100,0,No Issue,
,OB Audit,B0TYVS3I,Staging Area,,Yes,,No Issue,1,0,,,,3,0,No Issue,
,OB Audit,B0TX0Y9S,Staging Area,,Yes,,Missing,1,1,,,,90,14,Short,
,OB Audit,B0TYZBH2,Staging Area,,Yes,,No Issue,1,0,,,,1,0,No Issue,
,OB Audit,B0TX0Y48,Staging Area,,Yes,,No Issue,1,0,,,,37,0,No Issue,
,OB Audit,B0TX0Y9S,Staging Area,,Yes,,No Issue,1,0,,,,90,0,No Issue,
,OB Audit,B0TYVRJ8,Staging Area,,Yes,,No Issue,1,0,,,,11,0,No Issue,
,OB Audit,B0TYVRYS,Staging Area,,Yes,,No Issue,1,0,,,,14,0,No Issue,
,OB Audit,B0TX0YAM,Staging Area,,Yes,,No Issue,1,0,,,,51,0,No Issue,
,OB Audit,B0TX0USI,Staging Area,,Yes,,No Issue,1,0,,,,2,0,No Issue,
,OB Audit,B0TYVRXE,Staging Area,,Yes,,No Issue,1,0,,,,19,0,No Issue,
,OB Audit,B0TX0Y52,Staging Area,,Yes,,No Issue,1,0,,,,77,0,No Issue,
,OB Audit,B0TYVRT8,Staging Area,,Yes,,No Issue,1,0,,,,12,0,No Issue,
,OB Audit,B0TYVRI4,Staging Area,,Yes,,No Issue,1,0,,,,20,0,No Issue,
,OB Audit,B0TYVRQG,Staging Area,,Yes,,No Issue,1,0,,,,119,0,No Issue,
,OB Audit,B0TYVRPW,Staging Area,,Yes,,No Issue,1,0,,,,100,0,No Issue,
,OB Audit,B0TX0Y4I,Staging Area,,Yes,,No Issue,1,0,,,,57,0,No Issue,
,OB Audit,B0TYVRSY,Staging Area,,Yes,,No Issue,1,0,,,,88,0,No Issue,
,OB Audit,B0TYVRDY,Staging Area,,Yes,,No Issue,1,0,,,,87,0,No Issue,
,OB Audit,B0TYVRHU,Staging Area,,Yes,,No Issue,1,0,,,,100,0,No Issue,
,OB Audit,B0TYVRHA,Staging Area,,Yes,,No Issue,1,0,,,,44,0,No Issue,
,OB Audit,B0TYVRR0,Staging Area,,Yes,,No Issue,1,0,,,,91,0,No Issue,
,OB Audit,B0TYVROI,Staging Area,,Yes,,No Issue,1,0,,,,100,0,No Issue,
,OB Audit,B0TYVRFW,Staging Area,,Yes,,No Issue,1,0,,,,92,0,No Issue,
,OB Audit,B0TYVS1K,Staging Area,,Yes,,No Issue,1,0,,,,5,0,No Issue,
,OB Audit,B0TYVRWK,Staging Area,,Yes,,No Issue,1,0,,,,2,0,No Issue,
,OB Audit,B0TXGUFK,Staging Area,,Yes,,No Issue,1,0,,,,1,0,No Issue,
,OB Audit,B0TXG69U,Staging Area,,Yes,,No Issue,1,0,,,,3,0,No Issue,
,OB Audit,B0TXG6AE,Staging Area,,Yes,,No Issue,1,0,,,,1,0,No Issue,
,OB Audit,B0TXG65E,Staging Area,,Yes,,No Issue,1,0,,,,17,0,No Issue,
,OB Audit,B0TYVRU2,Staging Area,,Yes,,No Issue,1,0,,,,10,0,No Issue,
,OB Audit,B0TXG67M,Staging Area,,Yes,,No Issue,1,0,,,,19,0,No Issue,
,OB Audit,B0TYVRXY,Staging Area,,Yes,,No Issue,1,0,,,,5,0,No Issue,
,OB Audit,B0TXGV18,Staging Area,,Yes,,No Issue,1,0,,,,27,0,No Issue,
,OB Audit,B0TVZEBI,Staging Area,,Yes,,No Issue,1,0,,,,27,0,No Issue,
,OB Audit,B0TXGUGO,Staging Area,,Yes,,No Issue,1,0,,,,31,0,No Issue,
,OB Audit,B0TXGV04,Staging Area,,Yes,,No Issue,1,0,,,,49,0,No Issue,
,OB Audit,B0TXGUZA,Staging Area,,Yes,,No Issue,1,0,,,,18,0,No Issue,
,OB Audit,B0TXGUAU,Staging Area,,Yes,,No Issue,1,0,,,,24,0,No Issue,
,OB Audit,B0TYVRMU,Staging Area,,Yes,,No Issue,1,0,,,,30,0,No Issue,
,OB Audit,B0TXG5Z0,Staging Area,,Yes,,No Issue,1,0,,,,103,0,No Issue,
,OB Audit,B0TYVRZC,Staging Area,,Yes,,No Issue,1,0,,,,30,0,No Issue,
,OB Audit,B0TXGUHS,Staging Area,,Yes,,No Issue,1,0,,,,35,0,No Issue,
,OB Audit,B0TYVRYI,Staging Area,,Yes,,No Issue,1,0,,,,40,0,No Issue,
,OB Audit,B0TYVRM0,Staging Area,,Yes,,No Issue,1,0,,,,48,0,No Issue,
,OB Audit,B0TXG66I,Staging Area,,Yes,,No Issue,1,0,,,,53,0,No Issue,
,OB Audit,B0TYVRRU,Staging Area,,Yes,,No Issue,1,0,,,,23,0,No Issue,
,OB Audit,B0TXG67C,Staging Area,,Yes,,No Issue,1,0,,,,21,0,No Issue,
,OB Audit,B0TXG62C,Staging Area,,Yes,,No Issue,1,0,,,,30,0,No Issue,
,OB Audit,B0TXG64U,Staging Area,,Yes,,No Issue,1,0,,,,26,0,No Issue,
,OB Audit,B0TYVRMA,Staging Area,,Yes,,No Issue,1,0,,,,25,0,No Issue,
,OB Audit,B0TYVRLG,Staging Area,,Yes,,No Issue,1,0,,,,70,0,No Issue,
,OB Audit,B0TYVRY8,Staging Area,,Yes,,No Issue,1,0,,,,26,0,No Issue,
,OB Audit,B0TXG0LY,Staging Area,,Yes,,No Issue,1,0,,,,29,0,No Issue,
,OB Audit,B0TZ0CS4,Staging Area,,Yes,,No Issue,1,0,,,,15,0,No Issue,
,OB Audit,B0TYVRRK,Staging Area,,Yes,,No Issue,1,0,,,,59,0,No Issue,
,OB Audit,B0TXGUBE,Staging Area,,Yes,,No Issue,1,0,,,,33,0,No Issue,
,OB Audit,B0TYVRN4,Staging Area,,Yes,,No Issue,1,0,,,,52,0,No Issue,
,OB Audit,B0TXG60E,Staging Area,,Yes,,No Issue,1,0,,,,47,0,No Issue,
,OB Audit,B0TX0Y8E,Staging Area,,Yes,,No Issue,1,0,,,,107,0,No Issue,
,OB Audit,B0U0EGYO,Staging Area,,Yes,,No Issue,1,0,,,,1,0,No Issue,
,OB Audit,B0U0EH0C,Staging Area,,Yes,,No Issue,1,0,,,,1,0,No Issue,
,OB Audit,B0U0EGLW,Staging Area,,Yes,,No Issue,1,0,,,,2,0,No Issue,
,OB Audit,B0U0EH02,Staging Area,,Yes,,No Issue,1,0,,,,1,0,No Issue,
,OB Audit,B0U0EGTY,Staging Area,,Yes,,No Issue,1,0,,,,1,0,No Issue,
,OB Audit,B0U0B0G6,Staging Area,,Yes,,No Issue,1,0,,,,23,0,No Issue,
,OB Audit,B0U0EH1G,Staging Area,,Yes,,No Issue,1,0,,,,5,0,No Issue,
,OB Audit,B0TYZASW,Staging Area,,Yes,,No Issue,1,0,,,,1,0,No Issue,
,OB Audit,B0U0EGXA,Staging Area,,Yes,,No Issue,1,0,,,,1,0,No Issue,
,OB Audit,B0U0B0NE,Staging Area,,Yes,,No Issue,1,0,,,,45,0,No Issue,
,OB Audit,B0U0EGY4,Staging Area,,Yes,,No Issue,1,0,,,,1,0,No Issue,
,OB Audit,B0U0B0HK,Staging Area,,Yes,,No Issue,1,0,,,,22,0,No Issue,
,OB Audit,B0U0EGMQ,Staging Area,,Yes,,No Issue,1,0,,,,2,0,No Issue,
,OB Audit,B0U0EH1Q,Staging Area,,Yes,,No Issue,1,0,,,,1,0,No Issue,
,OB Audit,B0U0B0CK,Staging Area,,Yes,,No Issue,1,0,,,,48,0,No Issue,
,OB Audit,B0U0EGPI,Staging Area,,Yes,,No Issue,1,0,,,,28,0,No Issue,
,OB Audit,B0U0B0PM,Staging Area,,Yes,,No Issue,1,0,,,,11,0,No Issue,
,OB Audit,B0U0EGYE,Staging Area,,Yes,,No Issue,1,0,,,,3,0,No Issue,
,OB Audit,B0U0EH0W,Staging Area,,Yes,,No Issue,1,0,,,,2,0,No Issue,
,OB Audit,B0U0EH0M,Staging Area,,Yes,,No Issue,1,0,,,,9,0,No Issue,
,OB Audit,B0U0B0KM,Staging Area,,Yes,,No Issue,1,0,,,,3,0,No Issue,
,OB Audit,B0U0EGQM,Staging Area,,Yes,,No Issue,1,0,,,,26,0,No Issue,
,OB Audit,B0U0B048,Staging Area,,Yes,,No Issue,1,0,,,,24,0,No Issue,
,OB Audit,B0U0B0IY,Staging Area,,Yes,,No Issue,1,0,,,,1,0,No Issue,
,OB Audit,B0U0EGT4,Staging Area,,Yes,,No Issue,1,0,,,,7,0,No Issue,
,OB Audit,B0U0B052,Staging Area,,Yes,,No Issue,1,0,,,,36,0,No Issue,
,OB Audit,B0U0B0K2,Staging Area,,Yes,,No Issue,1,0,,,,32,0,No Issue,
,OB Audit,B0U0B00W,Staging Area,,Yes,,No Issue,1,0,,,,17,0,No Issue,
,OB Audit,B0U0B0FM,Staging Area,,Yes,,No Issue,1,0,,,,32,0,No Issue,
,OB Audit,B0U0B0PW,Staging Area,,Yes,,No Issue,1,0,,,,58,0,No Issue,
,OB Audit,B0U0B0BQ,Staging Area,,Yes,,No Issue,1,0,,,,55,0,No Issue,
,OB Audit,B0U0B03E,Staging Area,,Yes,,No Issue,1,0,,,,20,0,No Issue,
,OB Audit,B0U0B0CU,Staging Area,,Yes,,No Issue,1,0,,,,5,0,No Issue,
,OB Audit,B0U0B0AC,Staging Area,,Yes,,No Issue,1,0,,,,93,0,No Issue,
,OB Audit,B0U0B06Q,Staging Area,,Yes,,No Issue,1,0,,,,4,0,No Issue,
,OB Audit,B0U0B002,Staging Area,,Yes,,No Issue,1,0,,,,1,0,No Issue,
,OB Audit,B0U0B0NO,Staging Area,,Yes,,No Issue,1,0,,,,112,0,No Issue,
,OB Audit,B0U0B066,Staging Area,,Yes,,No Issue,1,0,,,,26,0,No Issue,
,OB Audit,B0U0B08Y,Staging Area,,Yes,,No Issue,1,0,,,,94,0,No Issue,
,OB Audit,B0U0AZZS,Staging Area,,Yes,,No Issue,1,0,,,,3,0,No Issue,
,OB Audit,B0U0B0MA,Staging Area,,Yes,,No Issue,1,0,,,,98,0,No Issue,
,OB Audit,B0U0B070,Staging Area,,Yes,,No Issue,1,0,,,,25,0,No Issue,
,OB Audit,B0U0B05M,Staging Area,,Yes,,No Issue,1,0,,,,89,0,No Issue,
,OB Audit,B0U0B0AW,Staging Area,,Yes,,No Issue,1,0,,,,96,0,No Issue,
,OB Audit,B0U0B09S,Staging Area,,Yes,,No Issue,1,0,,,,44,0,No Issue,
,OB Audit,B0U0B0ES,Staging Area,,Yes,,No Issue,1,0,,,,10,0,No Issue,
,OB Audit,B0U0B02U,Staging Area,,Yes,,No Issue,1,0,,,,131,0,No Issue,
,OB Audit,B0U0B0C0,Staging Area,,Yes,,No Issue,1,0,,,,62,0,No Issue,
,OB Audit,B0U0B084,Staging Area,,Yes,,No Issue,1,0,,,,113,0,No Issue,
,OB Audit,B0U0B08O,Staging Area,,Yes,,No Issue,1,0,,,,114,0,No Issue,
,OB Audit,B0U0B098,Staging Area,,Yes,,No Issue,1,0,,,,16,0,No Issue,
,OB Audit,B0U0B0DE,Staging Area,,Yes,,No Issue,1,0,,,,33,0,No Issue,
,OB Audit,B0U0B0MU,Staging Area,,Yes,,No Issue,1,0,,,,26,0,No Issue,
,OB Audit,B0U0B0AM,Staging Area,,Yes,,No Issue,1,0,,,,38,0,No Issue,
,OB Audit,B0U0B0F2,Staging Area,,Yes,,No Issue,1,0,,,,27,0,No Issue,
,OB Audit,B0U0B0NY,Staging Area,,Yes,,No Issue,1,0,,,,159,0,No Issue,
,OB Audit,B0U0B0PC,Staging Area,,Yes,,No Issue,1,0,,,,11,0,No Issue,
,OB Audit,B0U0B0R0,Staging Area,,Yes,,No Issue,1,0,,,,29,0,No Issue,
,OB Audit,B0U0B0KW,Staging Area,,Yes,,No Issue,1,0,,,,149,0,No Issue,
,OB Audit,B0U0B0MK,Staging Area,,Yes,,No Issue,1,0,,,,22,0,No Issue,
,OB Audit,B0U0B0A2,Staging Area,,Yes,,No Issue,1,0,,,,94,0,No Issue,
,OB Audit,B0U0B0DY,Staging Area,,Yes,,No Issue,1,0,,,,142,0,No Issue,
,OB Audit,B0U0B06G,Staging Area,,Yes,,No Issue,1,0,,,,28,0,No Issue,
,OB Audit,B0U0B0BG,Staging Area,,Yes,,No Issue,1,0,,,,100,0,No Issue,
,OB Audit,B0U0B034,Staging Area,,Yes,,No Issue,1,0,,,,138,0,No Issue,
,OB Audit,B0U0EGQ2,Staging Area,,Yes,,No Issue,1,0,,,,1,0,No Issue,
,OB Audit,B0U0B02K,Staging Area,,Yes,,No Issue,1,0,,,,71,0,No Issue,
,OB Audit,B0U0EGW6,Staging Area,,Yes,,No Issue,1,0,,,,37,0,No Issue,
,OB Audit,B0U0EGQC,Staging Area,,Yes,,No Issue,1,0,,,,2,0,No Issue,
,OB Audit,B0U0EGPS,Staging Area,,Yes,,No Issue,1,0,,,,27,0,No Issue,
,OB Audit,B0U0EGHQ,Staging Area,,Yes,,No Issue,1,0,,,,5,0,No Issue,
,OB Audit,B0U0B0GQ,Staging Area,,Yes,,No Issue,1,0,,,,16,0,No Issue,
,OB Audit,B0U0EGG2,Staging Area,,Yes,,No Issue,1,0,,,,4,0,No Issue,
,OB Audit,B0TYZBIQ,Staging Area,,Yes,,No Issue,1,0,,,,28,0,No Issue,
,OB Audit,B0U0B0H0,Staging Area,,Yes,,No Issue,1,0,,,,47,0,No Issue,
,OB Audit,B0U0EGFI,Staging Area,,Yes,,No Issue,1,0,,,,21,0,No Issue,
,OB Audit,B0U0B07U,Staging Area,,Yes,,No Issue,1,0,,,,40,0,No Issue,
,OB Audit,B0U0B03Y,Staging Area,,Yes,,No Issue,1,0,,,,42,0,No Issue,
,OB Audit,B0U0B01G,Staging Area,,Yes,,No Issue,1,0,,,,25,0,No Issue,
,OB Audit,B0U0EGLM,Staging Area,,Yes,,No Issue,1,0,,,,47,0,No Issue,
,OB Audit,B0U0EGZ8,Staging Area,,Yes,,No Issue,1,0,,,,45,0,No Issue,
,OB Audit,B0U0B0M0,Staging Area,,Yes,,No Issue,1,0,,,,12,0,No Issue,
,OB Audit,B0U0EGK8,Staging Area,,Yes,,No Issue,1,0,,,,12,0,No Issue,
,OB Audit,B0U0EGGC,Staging Area,,Yes,,No Issue,1,0,,,,29,0,No Issue,
,OB Audit,B0U0EGH6,Staging Area,,Yes,,No Issue,1,0,,,,7,0,No Issue,
,OB Audit,B0TYZAWS,Staging Area,,Yes,,No Issue,1,0,,,,1,0,No Issue,
,OB Audit,B0U0EGJE,Staging Area,,Yes,,No Issue,1,0,,,,47,0,No Issue,
,OB Audit,B0U0B0J8,Staging Area,,Yes,,No Issue,1,0,,,,39,0,No Issue,
,OB Audit,B0U0EH3E,Staging Area,,Yes,,No Issue,1,0,,,,42,0,No Issue,
,OB Audit,B0U0EGNA,Staging Area,,Yes,,No Issue,1,0,,,,63,0,No Issue,
,OB Audit,B0U0EGU8,Staging Area,,Yes,,No Issue,1,0,,,,49,0,No Issue,
,OB Audit,B0TYZB1S,Staging Area,,Yes,,No Issue,1,0,,,,9,0,No Issue,
,OB Audit,B0U0B0LG,Staging Area,,Yes,,No Issue,1,0,,,,35,0,No Issue,
,OB Audit,B0U0B0OI,Staging Area,,Yes,,No Issue,1,0,,,,100,0,No Issue,
,OB Audit,B0U0EGF8,Staging Area,,Yes,,No Issue,1,0,,,,28,0,No Issue,
,OB Audit,B0TYZAMS,Staging Area,,Yes,,No Issue,1,0,,,,26,0,No Issue,
,OB Audit,B0U0B0JS,Staging Area,,Yes,,No Issue,1,0,,,,59,0,No Issue,
,OB Audit,B0U0EGSU,Staging Area,,Yes,,No Issue,1,0,,,,22,0,No Issue,
,OB Audit,B0U0EGKS,Staging Area,,Yes,,No Issue,1,0,,,,38,0,No Issue,
,OB Audit,B0U0B0FW,Staging Area,,Yes,,No Issue,1,0,,,,17,0,No Issue,
,OB Audit,B0U0EGN0,Staging Area,,Yes,,No Issue,1,0,,,,56,0,No Issue,
,OB Audit,B0U0EGHG,Staging Area,,Yes,,No Issue,1,0,,,,14,0,No Issue,
,OB Audit,B0TYZAP0,Staging Area,,Yes,,No Issue,1,0,,,,38,0,No Issue,
,OB Audit,B0U0B02A,Staging Area,,Yes,,No Issue,1,0,,,,38,0,No Issue,
,OB Audit,B0TYZAO6,Staging Area,,Yes,,No Issue,1,0,,,,79,0,No Issue,
,OB Audit,B0U0B0P2,Staging Area,,Yes,,No Issue,1,0,,,,40,0,No Issue,
,OB Audit,B0TYZBFO,Staging Area,,Yes,,No Issue,1,0,,,,17,0,No Issue,
,OB Audit,B0U0EGGM,Staging Area,,Yes,,No Issue,1,0,,,,53,0,No Issue,
,OB Audit,B0TEVSHE,Staging Area,,Yes,,No Issue,1,0,,,,1,0,No Issue,
,OB Audit,B0U0EGS0,Staging Area,,Yes,,No Issue,1,0,,,,3,0,No Issue,
,OB Audit,B0U0B0IO,Staging Area,,Yes,,No Issue,1,0,,,,18,0,No Issue,
,OB Audit,B0U0EGQW,Staging Area,,Yes,,No Issue,1,0,,,,9,0,No Issue,
,OB Audit,B0U0EGIU,Staging Area,,Yes,,No Issue,1,0,,,,52,0,No Issue,
,OB Audit,B0U0EGJO,Staging Area,,Yes,,No Issue,1,0,,,,68,0,No Issue,
,OB Audit,B0U0B0L6,Staging Area,,Yes,,No Issue,1,0,,,,29,0,No Issue,
,OB Audit,B0U0B0B6,Staging Area,,Yes,,No Issue,1,0,,,,17,0,No Issue,
,OB Audit,B0U0B0I4,Staging Area,,Yes,,No Issue,1,0,,,,35,0,No Issue,
,OB Audit,B0U0B0LQ,Staging Area,,Yes,,No Issue,1,0,,,,81,0,No Issue,
,OB Audit,B0U0EGSA,Staging Area,,Yes,,No Issue,1,0,,,,57,0,No Issue,
,OB Audit,B0U0EH34,Staging Area,,Yes,,No Issue,1,0,,,,28,0,No Issue,
,OB Audit,B0U0EGJ4,Staging Area,,Yes,,No Issue,1,0,,,,34,0,No Issue,
,OB Audit,B0U0EGMG,Staging Area,,Yes,,No Issue,1,0,,,,35,0,No Issue,
,OB Audit,B0U0EGWG,Staging Area,,Yes,,No Issue,1,0,,,,73,0,No Issue,
,OB Audit,B0TT4VVE,Staging Area,,Yes,,No Issue,1,0,,,,2,0,No Issue,
,OB Audit,B0TYZAQY,Staging Area,,Yes,,No Issue,1,0,,,,82,0,No Issue,
,OB Audit,B0U0B0KC,Staging Area,,Yes,,No Issue,1,0,,,,72,0,No Issue,
,OB Audit,B0TYZBAE,Staging Area,,Yes,,No Issue,1,0,,,,77,0,No Issue,
,OB Audit,B0U0EGOE,Staging Area,,Yes,,No Issue,1,0,,,,31,0,No Issue,
,OB Audit,B0U0EGP8,Staging Area,,Yes,,No Issue,1,0,,,,97,0,No Issue,
,OB Audit,B0TYZB8G,Staging Area,,Yes,,No Issue,1,0,,,,77,0,No Issue,
,OB Audit,B0RGJ2R2,Staging Area,,Yes,,No Issue,1,0,,,,100,0,No Issue,
,OB Audit,B0TYZAPK,Staging Area,,Yes,,No Issue,1,0,,,,3,0,No Issue,
,OB Audit,B0TYZBCW,Staging Area,,Yes,,No Issue,1,0,,,,4,0,No Issue,
,OB Audit,B0TYZBI6,Staging Area,,Yes,,No Issue,1,0,,,,2,0,No Issue,
,OB Audit,B0TYZBG8,Staging Area,,Yes,,No Issue,1,0,,,,2,0,No Issue,
,OB Audit,B0TYZBF4,Staging Area,,Yes,,No Issue,1,0,,,,3,0,No Issue,
,OB Audit,B0TYZBJA,Staging Area,,Yes,,No Issue,1,0,,,,3,0,No Issue,
,OB Audit,B0TYZBDG,Staging Area,,Yes,,No Issue,1,0,,,,2,0,No Issue,
,OB Audit,B0TYZATQ,Staging Area,,Yes,,No Issue,1,0,,,,4,0,No Issue,
,OB Audit,B0TYZAQE,Staging Area,,Yes,,No Issue,1,0,,,,3,0,No Issue,
,OB Audit,B0TYZAFA,Staging Area,,Yes,,No Issue,1,0,,,,3,0,No Issue,
,OB Audit,B0TYZAOG,Staging Area,,Yes,,No Issue,1,0,,,,3,0,No Issue,
,OB Audit,B0TYZANM,Staging Area,,Yes,,No Issue,1,0,,,,3,0,No Issue,
,OB Audit,B0TYZAXC,Staging Area,,Yes,,No Issue,1,0,,,,2,0,No Issue,
,OB Audit,B0TYZAN2,Staging Area,,Yes,,No Issue,1,0,,,,3,0,No Issue,
,OB Audit,B0TYZB7M,Staging Area,,Yes,,No Issue,1,0,,,,4,0,No Issue,
,OB Audit,B0TYZB2M,Staging Area,,Yes,,No Issue,1,0,,,,2,0,No Issue,
,OB Audit,B0TYZB9A,Staging Area,,Yes,,No Issue,1,0,,,,3,0,No Issue,
,OB Audit,B0TYZANC,Staging Area,,Yes,,No Issue,1,0,,,,3,0,No Issue,
,OB Audit,B0TYZAGO,Staging Area,,Yes,,No Issue,1,0,,,,3,0,No Issue,
,OB Audit,B0U0EGWQ,Staging Area,,Yes,,No Issue,1,0,,,,28,0,No Issue,
,OB Audit,B0U1S8TW,Staging Area,,Yes,,No Issue,1,0,,,,26,0,No Issue,
,OB Audit,B0U1RWGC,Staging Area,,Yes,,Missing,1,1,,,,24,11,Short,
,OB Audit,B0U1S9BO,Staging Area,,Yes,,No Issue,1,0,,,,52,0,No Issue,
,OB Audit,B0U1RWI0,Staging Area,,Yes,,No Issue,1,0,,,,28,0,No Issue,
,OB Audit,B0U0EGTE,Staging Area,,Yes,,No Issue,1,0,,,,14,0,No Issue,
,OB Audit,B0U0EH2K,Staging Area,,Yes,,No Issue,1,0,,,,18,0,No Issue,
,OB Audit,B0U0EGI0,Staging Area,,Yes,,No Issue,1,0,,,,16,0,No Issue,
,OB Audit,B0U0EGVC,Staging Area,,Yes,,Misshipment,1,1,,,,29,1,Misshipment,
,OB Audit,B0U1S97I,Staging Area,,Yes,,No Issue,1,0,,,,31,0,No Issue,
,OB Audit,B0U0EH3O,Staging Area,,Yes,,No Issue,1,0,,,,61,0,No Issue,
,OB Audit,B0U1S9CS,Staging Area,,Yes,,No Issue,1,0,,,,12,0,No Issue,
,OB Audit,B0U1S9A0,Staging Area,,Yes,,No Issue,1,0,,,,11,0,No Issue,
,OB Audit,B0U39Y9S,Staging Area,,Yes,,No Issue,1,0,,,,2,0,No Issue,
,OB Audit,B0U3DCCI,Staging Area,,Yes,,No Issue,1,0,,,,5,0,No Issue,
,OB Audit,B0U39YBG,Staging Area,,Yes,,No Issue,1,0,,,,6,0,No Issue,
,OB Audit,B0U39Y70,Staging Area,,Yes,,No Issue,1,0,,,,12,0,No Issue,
,OB Audit,B0U3DC8W,Staging Area,,Yes,,No Issue,1,0,,,,13,0,No Issue,
,OB Audit,B0U38UDE,Staging Area,,Yes,,No Issue,1,0,,,,1,0,No Issue,
,OB Audit,B0U38UD4,Staging Area,,Yes,,No Issue,1,0,,,,37,0,No Issue,
,OB Audit,B0U3DBYC,Staging Area,,Yes,,No Issue,1,0,,,,9,0,No Issue,
,OB Audit,B0U39YI4,Staging Area,,Yes,,No Issue,1,0,,,,4,0,No Issue,
,OB Audit,B0U3DC9Q,Staging Area,,Yes,,No Issue,1,0,,,,1,0,No Issue,
,OB Audit,B0U39YLG,Staging Area,,Yes,,No Issue,1,0,,,,1,0,No Issue,
,OB Audit,B0U39YKC,Staging Area,,Yes,,No Issue,1,0,,,,26,0,No Issue,
,OB Audit,B0U39YPW,Staging Area,,Yes,,No Issue,1,0,,,,1,0,No Issue,
,OB Audit,B0U38UFC,Staging Area,,Yes,,No Issue,1,0,,,,15,0,No Issue,
,OB Audit,B0U39YSO,Staging Area,,Yes,,No Issue,1,0,,,,6,0,No Issue,
,OB Audit,B0U3DCAK,Staging Area,,Yes,,No Issue,1,0,,,,10,0,No Issue,
,OB Audit,B0U3DC6E,Staging Area,,Yes,,No Issue,1,0,,,,2,0,No Issue,
,OB Audit,B0U38UGG,Staging Area,,Yes,,No Issue,1,0,,,,26,0,No Issue,
,OB Audit,B0U39Y52,Staging Area,,Yes,,No Issue,1,0,,,,3,0,No Issue,
,OB Audit,B0U38UF2,Staging Area,,Yes,,No Issue,1,0,,,,37,0,No Issue,
,OB Audit,B0U39YGG,Staging Area,,Yes,,No Issue,1,0,,,,3,0,No Issue,
,OB Audit,B0U3DBZG,Staging Area,,Yes,,No Issue,1,0,,,,2,0,No Issue,
,OB Audit,B0U38UG6,Staging Area,,Yes,,No Issue,1,0,,,,21,0,No Issue,
,OB Audit,B0U3DC8C,Staging Area,,Yes,,No Issue,1,0,,,,1,0,No Issue,
,OB Audit,B0U3DC50,Staging Area,,Yes,,No Issue,1,0,,,,9,0,No Issue,
,OB Audit,B0U3DBY2,Staging Area,,Yes,,No Issue,1,0,,,,5,0,No Issue,
,OB Audit,B0U3DC5U,Staging Area,,Yes,,No Issue,1,0,,,,1,0,No Issue,
,OB Audit,B0U3DC00,Staging Area,,Yes,,No Issue,1,0,,,,2,0,No Issue,
,OB Audit,B0U39YL6,Staging Area,,Yes,,No Issue,1,0,,,,18,0,No Issue,
,OB Audit,B0U3DBN8,Staging Area,,Yes,,No Issue,1,0,,,,1,0,No Issue,
,OB Audit,B0U3DC2I,Staging Area,,Yes,,No Issue,1,0,,,,2,0,No Issue,
,OB Audit,B0U3DC6O,Staging Area,,Yes,,No Issue,1,0,,,,9,0,No Issue,
,OB Audit,B0U39Y98,Staging Area,,Yes,,No Issue,1,0,,,,7,0,No Issue,
,OB Audit,B0U39YM0,Staging Area,,Yes,,No Issue,1,0,,,,20,0,No Issue,
,OB Audit,B0U39Y7K,Staging Area,,Yes,,No Issue,1,0,,,,2,0,No Issue,
,OB Audit,B0U3DC82,Staging Area,,Yes,,No Issue,1,0,,,,18,0,No Issue,
,OB Audit,B0U39YMK,Staging Area,,Yes,,No Issue,1,0,,,,31,0,No Issue,
,OB Audit,B0U39Y4I,Staging Area,,Yes,,No Issue,1,0,,,,3,0,No Issue,
,OB Audit,B0U39YIE,Staging Area,,Yes,,No Issue,1,0,,,,3,0,No Issue,
,OB Audit,B0U3DBZQ,Staging Area,,Yes,,No Issue,1,0,,,,10,0,No Issue,
,OB Audit,B0U39YBQ,Staging Area,,Yes,,No Issue,1,0,,,,7,0,No Issue,
,OB Audit,B0U39Y1G,Staging Area,,Yes,,No Issue,1,0,,,,6,0,No Issue,
,OB Audit,B0U39Y2A,Staging Area,,Yes,,No Issue,1,0,,,,1,0,No Issue,
,OB Audit,B0U39Y5W,Staging Area,,Yes,,No Issue,1,0,,,,65,0,No Issue,
,OB Audit,B0U39YC0,Staging Area,,Yes,,No Issue,1,0,,,,71,0,No Issue,
,OB Audit,B0U38U5W,Staging Area,,Yes,,No Issue,1,0,,,,100,0,No Issue,
,OB Audit,B0U39YK2,Staging Area,,Yes,,No Issue,1,0,,,,73,0,No Issue,
,OB Audit,B0U38U3O,Staging Area,,Yes,,No Issue,1,0,,,,50,0,No Issue,
,OB Audit,B0U39Y6Q,Staging Area,,Yes,,No Issue,1,0,,,,52,0,No Issue,
,OB Audit,B0U39Y66,Staging Area,,Yes,,No Issue,1,0,,,,61,0,No Issue,
,OB Audit,B0U39Y3Y,Staging Area,,Yes,,No Issue,1,0,,,,40,0,No Issue,
,OB Audit,B0U38U4S,Staging Area,,Yes,,No Issue,1,0,,,,100,0,No Issue,
,OB Audit,B0U38U66,Staging Area,,Yes,,No Issue,1,0,,,,100,0,No Issue,
,OB Audit,B0U39YLQ,Staging Area,,Yes,,No Issue,1,0,,,,19,0,No Issue,
,OB Audit,B0U39YFC,Staging Area,,Yes,,No Issue,1,0,,,,84,0,No Issue,
,OB Audit,B0U39Y9I,Staging Area,,Yes,,No Issue,1,0,,,,13,0,No Issue,
,OB Audit,B0U39YN4,Staging Area,,Yes,,No Issue,1,0,,,,10,0,No Issue,
,OB Audit,B0U39YOI,Staging Area,,Yes,,No Issue,1,0,,,,73,0,No Issue,
,OB Audit,B0U39Y8O,Staging Area,,Yes,,No Issue,1,0,,,,8,0,No Issue,
,OB Audit,B0U38TZ8,Staging Area,,Yes,,No Issue,1,0,,,,36,0,No Issue,
,OB Audit,B0U38TYY,Staging Area,,Yes,,No Issue,1,0,,,,163,0,No Issue,
,OB Audit,B0U38TX0,Staging Area,,Yes,,No Issue,1,0,,,,116,0,No Issue,
,OB Audit,B0U39YPC,Staging Area,,Yes,,No Issue,1,0,,,,44,0,No Issue,
,OB Audit,B0U38U1Q,Staging Area,,Yes,,No Issue,1,0,,,,46,0,No Issue,
,OB Audit,B0U38U0M,Staging Area,,Yes,,No Issue,1,0,,,,100,0,No Issue,
,OB Audit,B0U39YQQ,Staging Area,,Yes,,No Issue,1,0,,,,79,0,No Issue,
,OB Audit,B0U38U5M,Staging Area,,Yes,,No Issue,1,0,,,,108,0,No Issue,
,OB Audit,B0U38TXK,Staging Area,,Yes,,No Issue,1,0,,,,1,0,No Issue,
,OB Audit,B0U38TXU,Staging Area,,Yes,,No Issue,1,0,,,,100,0,No Issue,
,OB Audit,B0U39YP2,Staging Area,,Yes,,No Issue,1,0,,,,67,0,No Issue,
,OB Audit,B0U38UBG,Staging Area,,Yes,,No Issue,1,0,,,,18,0,No Issue,
,OB Audit,B0U39YKM,Staging Area,,Yes,,No Issue,1,0,,,,81,0,No Issue,
,OB Audit,B0U39YRU,Staging Area,,Yes,,No Issue,1,0,,,,112,0,No Issue,
,OB Audit,B0U38UHU,Staging Area,,Yes,,No Issue,1,0,,,,47,0,No Issue,
,OB Audit,B0U38U02,Staging Area,,Yes,,No Issue,1,0,,,,114,0,No Issue,
,OB Audit,B0U39YOS,Staging Area,,Yes,,No Issue,1,0,,,,106,0,No Issue,
,OB Audit,B0U39YA2,Staging Area,,Yes,,No Issue,1,0,,,,39,0,No Issue,
,OB Audit,B0U38U5C,Staging Area,,Yes,,No Issue,1,0,,,,48,0,No Issue,
,OB Audit,B0U39YQG,Staging Area,,Yes,,No Issue,1,0,,,,102,0,No Issue,
,OB Audit,B0U38TZS,Staging Area,,Yes,,No Issue,1,0,,,,41,0,No Issue,
,OB Audit,B0U39YR0,Staging Area,,Yes,,No Issue,1,0,,,,149,0,No Issue,
,OB Audit,B0U39YJS,Staging Area,,Yes,,No Issue,1,0,,,,3,0,No Issue,
,OB Audit,B0U39YO8,Staging Area,,Yes,,No Issue,1,0,,,,35,0,No Issue,
,OB Audit,B0U38U3Y,Staging Area,,Yes,,No Issue,1,0,,,,41,0,No Issue,
,OB Audit,B0U39Y7U,Staging Area,,Yes,,No Issue,1,0,,,,48,0,No Issue,
,OB Audit,B0U39YHU,Staging Area,,Yes,,No Issue,1,0,,,,36,0,No Issue,
,OB Audit,B0U38UNO,Staging Area,,Yes,,No Issue,1,0,,,,28,0,No Issue,
,OB Audit,B0U38U0W,Staging Area,,Yes,,No Issue,1,0,,,,3,0,No Issue,
,OB Audit,B0U38UCK,Staging Area,,Yes,,No Issue,1,0,,,,7,0,No Issue,
,OB Audit,B0U39YGQ,Staging Area,,Yes,,No Issue,1,0,,,,13,0,No Issue,
,OB Audit,B0U38UKM,Staging Area,,Yes,,No Issue,1,0,,,,53,0,No Issue,
,OB Audit,B0U38TY4,Staging Area,,Yes,,No Issue,1,0,,,,27,0,No Issue,
,OB Audit,B0U38UL6,Staging Area,,Yes,,No Issue,1,0,,,,46,0,No Issue,
,OB Audit,B0U39YAM,Staging Area,,Yes,,No Issue,1,0,,,,41,0,No Issue,
,OB Audit,B0U38UM0,Staging Area,,Yes,,No Issue,1,0,,,,42,0,No Issue,
,OB Audit,B0U39YH0,Staging Area,,Yes,,No Issue,1,0,,,,50,0,No Issue,
,OB Audit,B0U39Y7A,Staging Area,,Yes,,No Issue,1,0,,,,27,0,No Issue,
,OB Audit,B0U38TYE,Staging Area,,Yes,,No Issue,1,0,,,,4,0,No Issue,
,OB Audit,B0U39YCA,Staging Area,,Yes,,No Issue,1,0,,,,23,0,No Issue,
,OB Audit,B0U39YFM,Staging Area,,Yes,,No Issue,1,0,,,,36,0,No Issue,
,OB Audit,B0U39YCU,Staging Area,,Yes,,No Issue,1,0,,,,41,0,No Issue,
,OB Audit,B0U38UC0,Staging Area,,Yes,,No Issue,1,0,,,,41,0,No Issue,
,OB Audit,B0U39YHA,Staging Area,,Yes,,No Issue,1,0,,,,49,0,No Issue,
,OB Audit,B0U38U52,Staging Area,,Yes,,No Issue,1,0,,,,21,0,No Issue,
,OB Audit,B0U39YH0,Staging Area,,Yes,,No Issue,1,0,,,,50,0,No Issue,
,OB Audit,B0U39YAW,Staging Area,,Yes,,No Issue,1,0,,,,23,0,No Issue,
,OB Audit,B0U39Y6G,Staging Area,,Yes,,No Issue,1,0,,,,1,0,No Issue,
,OB Audit,B0U39YEI,Staging Area,,Yes,,No Issue,1,0,,,,22,0,No Issue,
,OB Audit,B0U39YHK,Staging Area,,Yes,,No Issue,1,0,,,,2,0,No Issue,
,OB Audit,B0U38U2A,Staging Area,,Yes,,No Issue,1,0,,,,49,0,No Issue,
,OB Audit,B0U39YIO,Staging Area,,Yes,,No Issue,1,0,,,,23,0,No Issue,
,OB Audit,B0U38U6Q,Staging Area,,Yes,,No Issue,1,0,,,,69,0,No Issue,
,OB Audit,B0U38U6G,Staging Area,,Yes,,No Issue,1,0,,,,36,0,No Issue,
,OB Audit,B0U39YJI,Staging Area,,Yes,,No Issue,1,0,,,,38,0,No Issue,
,OB Audit,B0U38UIY,Staging Area,,Yes,,No Issue,1,0,,,,37,0,No Issue,
,OB Audit,B0U38UAC,Staging Area,,Yes,,No Issue,1,0,,,,41,0,No Issue,
,OB Audit,B0U38ULQ,Staging Area,,Yes,,No Issue,1,0,,,,20,0,No Issue,
,OB Audit,B0U39YAC,Staging Area,,Yes,,No Issue,1,0,,,,35,0,No Issue,
,OB Audit,B0U38U7U,Staging Area,,Yes,,No Issue,1,0,,,,4,0,No Issue,
,OB Audit,B0U38ULG,Staging Area,,Yes,,No Issue,1,0,,,,58,0,No Issue,
,OB Audit,B0U38U70,Staging Area,,Yes,,No Issue,1,0,,,,26,0,No Issue,
,OB Audit,B0U38UAW,Staging Area,,Yes,,No Issue,1,0,,,,55,0,No Issue,
,OB Audit,B0U38UI4,Staging Area,,Yes,,No Issue,1,0,,,,72,0,No Issue,
,OB Audit,B0U38U7A,Staging Area,,Yes,,No Issue,1,0,,,,69,0,No Issue,
,OB Audit,B0U38UB6,Staging Area,,Yes,,No Issue,1,0,,,,12,0,No Issue,
,OB Audit,B0U39YB6,Staging Area,,Yes,,No Issue,1,0,,,,68,0,No Issue,
,OB Audit,B0U38UIE,Staging Area,,Yes,,No Issue,1,0,,,,34,0,No Issue,
,OB Audit,B0U38UMK,Staging Area,,Yes,,No Issue,1,0,,,,60,0,No Issue,
,OB Audit,B0U38UCU,Staging Area,,Yes,,No Issue,1,0,,,,76,0,No Issue,
,OB Audit,B0U38UA2,Staging Area,,Yes,,No Issue,1,0,,,,47,0,No Issue,
,OB Audit,B0U39YG6,Staging Area,,Yes,,No Issue,1,0,,,,2,0,No Issue,
,OB Audit,B0U39YE8,Staging Area,,Yes,,No Issue,1,0,,,,36,0,No Issue,
,OB Audit,B0U38UBQ,Staging Area,,Yes,,No Issue,1,0,,,,35,0,No Issue,
,OB Audit,B0U38U8Y,Staging Area,,Yes,,No Issue,1,0,,,,52,0,No Issue,
,OB Audit,B0U38UGQ,Staging Area,,Yes,,No Issue,1,0,,,,41,0,No Issue,
,OB Audit,B0U38U98,Staging Area,,Yes,,No Issue,1,0,,,,22,0,No Issue,
,OB Audit,B0U38UJI,Staging Area,,Yes,,No Issue,1,0,,,,27,0,No Issue,
,OB Audit,B0U38U7K,Staging Area,,Yes,,No Issue,1,0,,,,55,0,No Issue,
,OB Audit,B0U39YIY,Staging Area,,Yes,,No Issue,1,0,,,,58,0,No Issue,
,OB Audit,B0U38UAM,Staging Area,,Yes,,No Issue,1,0,,,,65,0,No Issue,
,OB Audit,B0U39YJ8,Staging Area,,Yes,,No Issue,1,0,,,,39,0,No Issue,
,OB Audit,B0U38UNE,Staging Area,,Yes,,No Issue,1,0,,,,46,0,No Issue,
,OB Audit,B0U39YH0,Staging Area,,Yes,,No Issue,1,0,,,,50,0,No Issue,
,OB Audit,B0U38TYO,Staging Area,,Yes,,No Issue,1,0,,,,64,0,No Issue,
,OB Audit,B0U3DC5A,Staging Area,,Yes,,No Issue,1,0,,,,17,0,No Issue,
,OB Audit,B0U4IMZ4,Staging Area,,Yes,,No Issue,1,0,,,,6,0,No Issue,
,OB Audit,B0U4INAS,Staging Area,,Yes,,No Issue,1,0,,,,32,0,No Issue,
,OB Audit,B0U4IMUO,Staging Area,,Yes,,No Issue,1,0,,,,16,0,No Issue,
,OB Audit,B0U4IN6W,Staging Area,,Yes,,No Issue,1,0,,,,1,0,No Issue,
,OB Audit,B0U4IN4Y,Staging Area,,Yes,,No Issue,1,0,,,,59,0,No Issue,
,OB Audit,B0U3DC3W,Staging Area,,Yes,,No Issue,1,0,,,,24,0,No Issue,
,OB Audit,B0U4IN6C,Staging Area,,Yes,,No Issue,1,0,,,,6,0,No Issue,
,OB Audit,B0U3DC4G,Staging Area,,Yes,,No Issue,1,0,,,,17,0,No Issue,
,OB Audit,B0U3DBRY,Staging Area,,Yes,,No Issue,1,0,,,,1,0,No Issue,
,OB Audit,B0SX9QRA,Staging Area,,Yes,,No Issue,1,0,,,,1,0,No Issue,
,OB Audit,B0U4IN4O,Staging Area,,Yes,,No Issue,1,0,,,,41,0,No Issue,
,OB Audit,B0U3DBS8,Staging Area,,Yes,,No Issue,1,0,,,,2,0,No Issue,
,OB Audit,B0U3DBX8,Staging Area,,Yes,,No Issue,1,0,,,,13,0,No Issue,
,OB Audit,B0U3DBR4,Staging Area,,Yes,,No Issue,1,0,,,,3,0,No Issue,
,OB Audit,B0U3DC4Q,Staging Area,,Yes,,No Issue,1,0,,,,16,0,No Issue,
,OB Audit,B0U3DBWY,Staging Area,,Yes,,No Issue,1,0,,,,13,0,No Issue,
,OB Audit,B0U3DBOW,Staging Area,,Yes,,No Issue,1,0,,,,7,0,No Issue,
,OB Audit,B0U3DBWO,Staging Area,,Yes,,No Issue,1,0,,,,28,0,No Issue,
,OB Audit,B0U3DBT2,Staging Area,,Yes,,No Issue,1,0,,,,1,0,No Issue,
,OB Audit,B0U3DBO2,Staging Area,,Yes,,No Issue,1,0,,,,13,0,No Issue,
,OB Audit,B0U3DBNS,Staging Area,,Yes,,No Issue,1,0,,,,11,0,No Issue,
,OB Audit,B0U4IN5I,Staging Area,,Yes,,No Issue,1,0,,,,31,0,No Issue,
,OB Audit,B0U3DC64,Staging Area,,Yes,,No Issue,1,0,,,,5,0,No Issue,
,OB Audit,B0U3DC5K,Staging Area,,Yes,,No Issue,1,0,,,,7,0,No Issue,
,OB Audit,B0U4IND0,Staging Area,,Yes,,No Issue,1,0,,,,36,0,No Issue,
,OB Audit,B0U3DBVK,Staging Area,,Yes,,No Issue,1,0,,,,5,0,No Issue,
,OB Audit,B0U3DBPQ,Staging Area,,Yes,,No Issue,1,0,,,,61,0,No Issue,
,OB Audit,B0U3DBTM,Staging Area,,Yes,,No Issue,1,0,,,,7,0,No Issue,
,OB Audit,B0U3DBQU,Staging Area,,Yes,,No Issue,1,0,,,,6,0,No Issue,
,OB Audit,B0U3DBOM,Staging Area,,Yes,,No Issue,1,0,,,,14,0,No Issue,
,OB Audit,B0U3DBX8,Staging Area,,Yes,,No Issue,1,0,,,,13,0,No Issue,
,OB Audit,B0U4IMOA,Staging Area,,Yes,,No Issue,1,0,,,,1,0,No Issue,
,OB Audit,B0U4IMOK,Staging Area,,Yes,,No Issue,1,0,,,,6,0,No Issue,
,OB Audit,B0U4IN62,Staging Area,,Yes,,No Issue,1,0,,,,22,0,No Issue,
,OB Audit,B0U4IN08,Staging Area,,Yes,,No Issue,1,0,,,,86,0,No Issue,
,OB Audit,B0U4IMX6,Staging Area,,Yes,,No Issue,1,0,,,,80,0,No Issue,
,OB Audit,B0U4IMV8,Staging Area,,Yes,,No Issue,1,0,,,,86,0,No Issue,
,OB Audit,B0U4IMOU,Staging Area,,Yes,,No Issue,1,0,,,,28,0,No Issue,
,OB Audit,B0U4IN3A,Staging Area,,Yes,,No Issue,1,0,,,,134,0,No Issue,
,OB Audit,B0U4IN58,Staging Area,,Yes,,No Issue,1,0,,,,100,0,No Issue,
,OB Audit,B0U3DBWE,Staging Area,,Yes,,No Issue,1,0,,,,85,0,No Issue,
,OB Audit,B0U4IMW2,Staging Area,,Yes,,No Issue,1,0,,,,56,0,No Issue,
,OB Audit,B0U4IMWW,Staging Area,,Yes,,No Issue,1,0,,,,105,0,No Issue,
,OB Audit,B0U4IN26,Staging Area,,Yes,,No Issue,1,0,,,,134,0,No Issue,
,OB Audit,B0U3DBYW,Staging Area,,Yes,,No Issue,1,0,,,,16,0,No Issue,
,OB Audit,B0U4IMUY,Staging Area,,Yes,,Missing,1,1,,,,100,2,Short,
,OB Audit,B0U3DC28,Staging Area,,Yes,,No Issue,1,0,,,,100,0,No Issue,
,OB Audit,B0U4IMXQ,Staging Area,,Yes,,No Issue,1,0,,,,100,0,No Issue,
,OB Audit,B0U4IMS6,Staging Area,,Yes,,No Issue,1,0,,,,108,0,No Issue,
,OB Audit,B0U4IN3K,Staging Area,,Yes,,No Issue,1,0,,,,100,0,No Issue,
,OB Audit,B0U4IN30,Staging Area,,Yes,,No Issue,1,0,,,,72,0,No Issue,
,OB Audit,B0U3DC32,Staging Area,,Yes,,No Issue,1,0,,,,131,0,No Issue,
,OB Audit,B0U3DBPG,Staging Area,,Yes,,Excess,1,1,,,,101,1,Excess,
,OB Audit,B0U4IMUE,Staging Area,,Yes,,No Issue,1,0,,,,100,0,No Issue,
,OB Audit,B0U3DBRE,Staging Area,,Yes,,No Issue,1,0,,,,158,0,No Issue,
,OB Audit,B0U4IN2Q,Staging Area,,Yes,,No Issue,1,0,,,,100,0,No Issue,
,OB Audit,B0U4IN2G,Staging Area,,Yes,,Excess,1,1,,,,195,1,Excess,
,OB Audit,B0U39YMA,Staging Area,,Yes,,No Issue,1,0,,,,1,0,No Issue,
,OB Audit,B0U4IMTK,Staging Area,,Yes,,No Issue,1,0,,,,102,0,No Issue,
,OB Audit,B0U3DBSI,Staging Area,,Yes,,No Issue,1,0,,,,121,0,No Issue,
,OB Audit,B0U39YNE,Staging Area,,Yes,,No Issue,1,0,,,,1,0,No Issue,
,OB Audit,B0U4Q4AY,Staging Area,,Yes,,No Issue,1,0,,,,14,0,No Issue,
,OB Audit,B0U4IMLI,Staging Area,,Yes,,No Issue,1,0,,,,7,0,No Issue,
,OB Audit,B0U4IMVI,Staging Area,,Yes,,No Issue,1,0,,,,61,0,No Issue,
,OB Audit,B0U4IN44,Staging Area,,Yes,,No Issue,1,0,,,,90,0,No Issue,
,OB Audit,B0U3DBRO,Staging Area,,Yes,,No Issue,1,0,,,,108,0,No Issue,
,OB Audit,B0U4IMYK,Staging Area,,Yes,,No Issue,1,0,,,,48,0,No Issue,
,OB Audit,B0U4Q4BS,Staging Area,,Yes,,No Issue,1,0,,,,19,0,No Issue,
,OB Audit,B0U3DC2S,Staging Area,,Yes,,No Issue,1,0,,,,4,0,No Issue,
,OB Audit,B0U4IMYA,Staging Area,,Yes,,No Issue,1,0,,,,37,0,No Issue,
,OB Audit,B0U4IMVS,Staging Area,,Yes,,No Issue,1,0,,,,107,0,No Issue,
,OB Audit,B0U4Q4CW,Staging Area,,Yes,,No Issue,1,0,,,,27,0,No Issue,
,OB Audit,B0U4Q4DG,Staging Area,,Yes,,No Issue,1,0,,,,48,0,No Issue,
,OB Audit,B0U4IMRM,Staging Area,,Yes,,No Issue,1,0,,,,46,0,No Issue,
,OB Audit,B0U4Q48Q,Staging Area,,Yes,,No Issue,1,0,,,,11,0,No Issue,
,OB Audit,B0U3DC1E,Staging Area,,Yes,,No Issue,1,0,,,,8,0,No Issue,
,OB Audit,B0U4IN0S,Staging Area,,Yes,,No Issue,1,0,,,,28,0,No Issue,
,OB Audit,B0U4INBW,Staging Area,,Yes,,No Issue,1,0,,,,2,0,No Issue,
,OB Audit,B0U3DBW4,Staging Area,,Yes,,No Issue,1,0,,,,30,0,No Issue,
,OB Audit,B0U4IMMM,Staging Area,,Yes,,No Issue,1,0,,,,8,0,No Issue,
,OB Audit,B0U39YNY,Staging Area,,Yes,,No Issue,1,0,,,,45,0,No Issue,
,OB Audit,B0U4Q4CM,Staging Area,,Yes,,No Issue,1,0,,,,36,0,No Issue,
,OB Audit,B0U38UFW,Staging Area,,Yes,,No Issue,1,0,,,,62,0,No Issue,
,OB Audit,B0U38UIO,Staging Area,,Yes,,No Issue,1,0,,,,38,0,No Issue,
,OB Audit,B0U4IMTU,Staging Area,,Yes,,No Issue,1,0,,,,22,0,No Issue,
,OB Audit,B0U4IMLS,Staging Area,,Yes,,No Issue,1,0,,,,53,0,No Issue,
,OB Audit,B0U3DBVA,Staging Area,,Yes,,No Issue,1,0,,,,70,0,No Issue,
,OB Audit,B0U4IMTA,Staging Area,,Yes,,No Issue,1,0,,,,3,0,No Issue,
,OB Audit,B0U4IMWC,Staging Area,,Yes,,No Issue,1,0,,,,1,0,No Issue,
,OB Audit,B0U3DC0K,Staging Area,,Yes,,No Issue,1,0,,,,20,0,No Issue,
,OB Audit,B0U4IN8K,Staging Area,,Yes,,No Issue,1,0,,,,50,0,No Issue,
,OB Audit,B0U4Q4AO,Staging Area,,Yes,,No Issue,1,0,,,,22,0,No Issue,
,OB Audit,B0U39YNO,Staging Area,,Yes,,No Issue,1,0,,,,55,0,No Issue,
,OB Audit,B0U4INA8,Staging Area,,Yes,,No Issue,1,0,,,,33,0,No Issue,
,OB Audit,B0U39YMU,Staging Area,,Yes,,No Issue,1,0,,,,1,0,No Issue,
,OB Audit,B0U4IMP4,Staging Area,,Yes,,No Issue,1,0,,,,55,0,No Issue,
,OB Audit,B0U4IN1M,Staging Area,,Yes,,No Issue,1,0,,,,34,0,No Issue,
,OB Audit,B0U4IN76,Staging Area,,Yes,,No Issue,1,0,,,,18,0,No Issue,
,OB Audit,B0U3DBV0,Staging Area,,Yes,,No Issue,1,0,,,,9,0,No Issue,
,OB Audit,B0U4IMMW,Staging Area,,Yes,,No Issue,1,0,,,,41,0,No Issue,
,OB Audit,B0U4IMRW,Staging Area,,Yes,,No Issue,1,0,,,,3,0,No Issue,
,OB Audit,B0U3DBZ6,Staging Area,,Yes,,No Issue,1,0,,,,45,0,No Issue,
,OB Audit,B0U4IN3U,Staging Area,,Yes,,No Issue,1,0,,,,13,0,No Issue,
,OB Audit,B0U4INAI,Staging Area,,Yes,,No Issue,1,0,,,,1,0,No Issue,
,OB Audit,B0U4IMN6,Staging Area,,Yes,,No Issue,1,0,,,,33,0,No Issue,
,OB Audit,B0U4IMZY,Staging Area,,Yes,,No Issue,1,0,,,,30,0,No Issue,
,OB Audit,B0U4IN0I,Staging Area,,Yes,,No Issue,1,0,,,,80,0,No Issue,
,OB Audit,B0U4IMZO,Staging Area,,Yes,,No Issue,1,0,,,,18,0,No Issue,
,OB Audit,B0U4IMRC,Staging Area,,Yes,,No Issue,1,0,,,,14,0,No Issue,
,OB Audit,B0U4IMZE,Staging Area,,Yes,,No Issue,1,0,,,,47,0,No Issue,
,OB Audit,B0U3DBTC,Staging Area,,Yes,,No Issue,1,0,,,,56,0,No Issue,
,OB Audit,B0U4IN5S,Staging Area,,Yes,,No Issue,1,0,,,,29,0,No Issue,
,OB Audit,B0U3DC14,Staging Area,,Yes,,No Issue,1,0,,,,59,0,No Issue,
,OB Audit,B0U3DBVU,Staging Area,,Yes,,No Issue,1,0,,,,58,0,No Issue,
,OB Audit,B0U4Q49U,Staging Area,,Yes,,No Issue,1,0,,,,71,0,No Issue,
,OB Audit,B0U38UEI,Staging Area,,Yes,,No Issue,1,0,,,,9,0,No Issue,
,OB Audit,B0U4IN12,Staging Area,,Yes,,No Issue,1,0,,,,52,0,No Issue,
,OB Audit,B0U4IMO0,Staging Area,,Yes,,No Issue,1,0,,,,12,0,No Issue,
,OB Audit,B0U4IN1W,Staging Area,,Yes,,No Issue,1,0,,,,71,0,No Issue,
,OB Audit,B0U3DBQK,Staging Area,,Yes,,No Issue,1,0,,,,97,0,No Issue,
,OB Audit,B0U4IN1C,Staging Area,,Yes,,No Issue,1,0,,,,72,0,No Issue,
,OB Audit,B0U6P4XK,Staging Area,,Yes,,No Issue,1,0,,,,1,0,No Issue,
,OB Audit,B0U6P4ZS,Staging Area,,Yes,,No Issue,1,0,,,,1,0,No Issue,
,OB Audit,B0U6P4WG,Staging Area,,Yes,,No Issue,1,0,,,,9,0,No Issue,
,OB Audit,B0U6P4VC,Staging Area,,Yes,,No Issue,1,0,,,,7,0,No Issue,
,OB Audit,B0U6P4YO,Staging Area,,Yes,,No Issue,1,0,,,,1,0,No Issue,
,OB Audit,B0U6P566,Staging Area,,Yes,,No Issue,1,0,,,,1,0,No Issue,
,OB Audit,B0U6P4VM,Staging Area,,Yes,,No Issue,1,0,,,,4,0,No Issue,
,OB Audit,B0U6P4V2,Staging Area,,Yes,,No Issue,1,0,,,,8,0,No Issue,
,OB Audit,B0U6P4NU,Staging Area,,Yes,,No Issue,1,0,,,,15,0,No Issue,
,OB Audit,B0U6P4U8,Staging Area,,Yes,,No Issue,1,0,,,,18,0,No Issue,
,OB Audit,B0U6P4UI,Staging Area,,Yes,,No Issue,1,0,,,,10,0,No Issue,
,OB Audit,B0U6KQZQ,Staging Area,,Yes,,No Issue,1,0,,,,22,0,No Issue,
,OB Audit,B0U6P4XA,Staging Area,,Yes,,No Issue,1,0,,,,7,0,No Issue,
,OB Audit,B0U6P4O4,Staging Area,,Yes,,No Issue,1,0,,,,11,0,No Issue,
,OB Audit,B0U6L0OC,Staging Area,,Yes,,No Issue,1,0,,,,7,0,No Issue,
,OB Audit,B0U6P54S,Staging Area,,Yes,,No Issue,1,0,,,,25,0,No Issue,
,OB Audit,B0U6KQYM,Staging Area,,Yes,,No Issue,1,0,,,,29,0,No Issue,
,OB Audit,B0U6L06K,Staging Area,,Yes,,No Issue,1,0,,,,2,0,No Issue,
,OB Audit,B0U6P4PI,Staging Area,,Yes,,No Issue,1,0,,,,22,0,No Issue,
,OB Audit,B0U6L07E,Staging Area,,Yes,,No Issue,1,0,,,,18,0,No Issue,
,OB Audit,B0U6KQWE,Staging Area,,Yes,,No Issue,1,0,,,,32,0,No Issue,
,OB Audit,B0U6L0N8,Staging Area,,Yes,,No Issue,1,0,,,,12,0,No Issue,
,OB Audit,B0U6P57K,Staging Area,,Yes,,No Issue,1,0,,,,48,0,No Issue,
,OB Audit,B0U6P548,Staging Area,,Yes,,No Issue,1,0,,,,15,0,No Issue,
,OB Audit,B0U6P51G,Staging Area,,Yes,,No Issue,1,0,,,,3,0,No Issue,
,OB Audit,B0U6P516,Staging Area,,Yes,,No Issue,1,0,,,,14,0,No Issue,
,OB Audit,B0U6P4SA,Staging Area,,Yes,,No Issue,1,0,,,,86,0,No Issue,
,OB Audit,B0U6P55C,Staging Area,,Yes,,No Issue,1,0,,,,1,0,No Issue,
,OB Audit,B0U6P4SU,Staging Area,,Yes,,No Issue,1,0,,,,12,0,No Issue,
,OB Audit,B0U6L056,Staging Area,,Yes,,No Issue,1,0,,,,3,0,No Issue,
,OB Audit,B0U6KRFA,Staging Area,,Yes,,No Issue,1,0,,,,12,0,No Issue,
,OB Audit,B0U6P4TE,Staging Area,,Yes,,No Issue,1,0,,,,100,0,No Issue,
,OB Audit,B0U6L07O,Staging Area,,Yes,,No Issue,1,0,,,,15,0,No Issue,
,OB Audit,B0U6P4PS,Staging Area,,Yes,,No Issue,1,0,,,,18,0,No Issue,
,OB Audit,B0U6P4M6,Staging Area,,Yes,,No Issue,1,0,,,,24,0,No Issue,
,OB Audit,B0U6KRD2,Staging Area,,Yes,,No Issue,1,0,,,,117,0,No Issue,
,OB Audit,B0U6P4IA,Staging Area,,Yes,,No Issue,1,0,,,,30,0,No Issue,
,OB Audit,B0U6KRK0,Staging Area,,Yes,,No Issue,1,0,,,,75,0,No Issue,
,OB Audit,B0U6P4TY,Staging Area,,Yes,,No Issue,1,0,,,,109,0,No Issue,
,OB Audit,B0U38UKC,Staging Area,,Yes,,No Issue,1,0,,,,41,0,No Issue,
,OB Audit,B0U6KR28,Staging Area,,Yes,,No Issue,1,0,,,,18,0,No Issue,
,OB Audit,B0U6KQTM,Staging Area,,Yes,,No Issue,1,0,,,,7,0,No Issue,
,OB Audit,B0U6P584,Staging Area,,Yes,,No Issue,1,0,,,,2,0,No Issue,
,OB Audit,B0U6KQU6,Staging Area,,Yes,,No Issue,1,0,,,,18,0,No Issue,
,OB Audit,B0U6L0MY,Staging Area,,Yes,,No Issue,1,0,,,,125,0,No Issue,
,OB Audit,B0U6KQVA,Staging Area,,Yes,,No Issue,1,0,,,,44,0,No Issue,
,OB Audit,B0U6L0QU,Staging Area,,Yes,,No Issue,1,0,,,,5,0,No Issue,
,OB Audit,B0U6P4Q2,Staging Area,,Yes,,No Issue,1,0,,,,108,0,No Issue,
,OB Audit,B0U6KQWY,Staging Area,,Yes,,No Issue,1,0,,,,7,0,No Issue,
,OB Audit,B0U6P57A,Staging Area,,Yes,,No Issue,1,0,,,,53,0,No Issue,
,OB Audit,B0U6KQWO,Staging Area,,Yes,,No Issue,1,0,,,,114,0,No Issue,
,OB Audit,B0U6P4Z8,Staging Area,,Yes,,No Issue,1,0,,,,14,0,No Issue,
,OB Audit,B0U6P4R6,Staging Area,,Yes,,No Issue,1,0,,,,1,0,No Issue,
,OB Audit,B0U6KR2I,Staging Area,,Yes,,No Issue,1,0,,,,57,0,No Issue,
,OB Audit,B0U6P54I,Staging Area,,Yes,,No Issue,1,0,,,,2,0,No Issue,
,OB Audit,B0U6L0R4,Staging Area,,Yes,,No Issue,1,0,,,,49,0,No Issue,
,OB Audit,B0U6KR1Y,Staging Area,,Yes,,No Issue,1,0,,,,2,0,No Issue,
,OB Audit,B0U6KQW4,Staging Area,,Yes,,No Issue,1,0,,,,2,0,No Issue,
,OB Audit,B0U6P552,Staging Area,,Yes,,No Issue,1,0,,,,1,0,No Issue,
,OB Audit,B0U6P4ZI,Staging Area,,Yes,,No Issue,1,0,,,,17,0,No Issue,
,OB Audit,B0U6L0SI,Staging Area,,Yes,,No Issue,1,0,,,,114,0,No Issue,
,OB Audit,B0U6L0L0,Staging Area,,Yes,,No Issue,1,0,,,,112,0,No Issue,
,OB Audit,B0U6KQV0,Staging Area,,Yes,,No Issue,1,0,,,,60,0,No Issue,
,OB Audit,B0U6KR46,Staging Area,,Yes,,No Issue,1,0,,,,15,0,No Issue,
,OB Audit,B0U6L0RE,Staging Area,,Yes,,No Issue,1,0,,,,15,0,No Issue,
,OB Audit,B0U6KREG,Staging Area,,Yes,,No Issue,1,0,,,,100,0,No Issue,
,OB Audit,B0U6KR1E,Staging Area,,Yes,,No Issue,1,0,,,,70,0,No Issue,
,OB Audit,B0U6KQX8,Staging Area,,Yes,,No Issue,1,0,,,,62,0,No Issue,
,OB Audit,B0U6L0NI,Staging Area,,Yes,,No Issue,1,0,,,,134,0,No Issue,
,OB Audit,B0U6L0RY,Staging Area,,Yes,,No Issue,1,0,,,,66,0,No Issue,
,OB Audit,B0U6KR5A,Staging Area,,Yes,,No Issue,1,0,,,,100,0,No Issue,
,OB Audit,B0U6P502,Staging Area,,Yes,,No Issue,1,0,,,,61,0,No Issue,
,OB Audit,B0U6KQUG,Staging Area,,Yes,,No Issue,1,0,,,,100,0,No Issue,
,OB Audit,B0U6P50C,Staging Area,,Yes,,No Issue,1,0,,,,90,0,No Issue,
,OB Audit,B0U6L0M4,Staging Area,,Yes,,No Issue,1,0,,,,100,0,No Issue,
,OB Audit,B0U6P4IU,Staging Area,,Yes,,No Issue,1,0,,,,66,0,No Issue,
,OB Audit,B0U6L0O2,Staging Area,,Yes,,No Issue,1,0,,,,113,0,No Issue,
,OB Audit,B0U6KR3M,Staging Area,,Yes,,No Issue,1,0,,,,6,0,No Issue,
,OB Audit,B0U6P4QC,Staging Area,,Yes,,No Issue,1,0,,,,38,0,No Issue,
,OB Audit,B0U6P4IK,Staging Area,,Yes,,No Issue,1,0,,,,105,0,No Issue,
,OB Audit,B0U6KRE6,Staging Area,,Yes,,No Issue,1,0,,,,103,0,No Issue,
,OB Audit,B0U6KR50,Staging Area,,Yes,,No Issue,1,0,,,,98,0,No Issue,
,OB Audit,B0U6L0S8,Staging Area,,Yes,,No Issue,1,0,,,,142,0,No Issue,
,OB Audit,B0U6L0NS,Staging Area,,Yes,,No Issue,1,0,,,,108,0,No Issue,
,OB Audit,B0U6KRF0,Staging Area,,Yes,,No Issue,1,0,,,,95,0,No Issue,
,OB Audit,B0U6L0QK,Staging Area,,Yes,,No Issue,1,0,,,,100,0,No Issue,
,OB Audit,B0U6KR1O,Staging Area,,Yes,,No Issue,1,0,,,,21,0,No Issue,
,OB Audit,B0U6KR9Q,Staging Area,,Yes,,No Issue,1,0,,,,34,0,No Issue,
,OB Audit,B0U38UKW,Staging Area,,Yes,,No Issue,1,0,,,,129,0,No Issue,
,OB Audit,B0U6KR0K,Staging Area,,Yes,,No Issue,1,0,,,,18,0,No Issue,
,OB Audit,B0U6P4HQ,Staging Area,,Yes,,No Issue,1,0,,,,107,0,No Issue,
,OB Audit,B0U6P4H6,Staging Area,,Yes,,No Issue,1,0,,,,39,0,No Issue,
,OB Audit,B0U6KRHI,Staging Area,,Yes,,No Issue,1,0,,,,15,0,No Issue,
,OB Audit,B0U6L0IS,Staging Area,,Yes,,No Issue,1,0,,,,24,0,No Issue,
,OB Audit,B0U0EH52,Staging Area,,Yes,,No Issue,1,0,,,,41,0,No Issue,
,OB Audit,B0U6KR3C,Staging Area,,Yes,,No Issue,1,0,,,,20,0,No Issue,
,OB Audit,B0U6KRH8,Staging Area,,Yes,,No Issue,1,0,,,,50,0,No Issue,
,OB Audit,B0U6KQXI,Staging Area,,Yes,,No Issue,1,0,,,,1,0,No Issue,
,OB Audit,B0U6KR0U,Staging Area,,Yes,,No Issue,1,0,,,,46,0,No Issue,
,OB Audit,B0U6L0II,Staging Area,,Yes,,No Issue,1,0,,,,29,0,No Issue,
,OB Audit,B0U6KRJG,Staging Area,,Yes,,No Issue,1,0,,,,26,0,No Issue,
,OB Audit,B0U6KQUQ,Staging Area,,Yes,,No Issue,1,0,,,,35,0,No Issue,
,OB Audit,B0U0EGDU,Staging Area,,Yes,,No Issue,1,0,,,,30,0,No Issue,
,OB Audit,B0U6KR7S,Staging Area,,Yes,,No Issue,1,0,,,,39,0,No Issue,
,OB Audit,B0U6L0LA,Staging Area,,Yes,,No Issue,1,0,,,,55,0,No Issue,
,OB Audit,B0U6KR5U,Staging Area,,Yes,,No Issue,1,0,,,,6,0,No Issue,
,OB Audit,B0U6KQTW,Staging Area,,Yes,,No Issue,1,0,,,,35,0,No Issue,
,OB Audit,B0U6P50W,Staging Area,,Yes,,No Issue,1,0,,,,1,0,No Issue,
,OB Audit,B0U6P55M,Staging Area,,Yes,,No Issue,1,0,,,,1,0,No Issue,
,OB Audit,B0U6L0K6,Staging Area,,Yes,,No Issue,1,0,,,,50,0,No Issue,
,OB Audit,B0U6KR8W,Staging Area,,Yes,,No Issue,1,0,,,,3,0,No Issue,
,OB Audit,B0U6KRG4,Staging Area,,Yes,,No Issue,1,0,,,,3,0,No Issue,
,OB Audit,B0U0EGZS,Staging Area,,Yes,,No Issue,1,0,,,,46,0,No Issue,
,OB Audit,B0U6KREQ,Staging Area,,Yes,,No Issue,1,0,,,,1,0,No Issue,
,OB Audit,B0U6P4HG,Staging Area,,Yes,,No Issue,1,0,,,,61,0,No Issue,
,OB Audit,B0U6KQYW,Staging Area,,Yes,,No Issue,1,0,,,,42,0,No Issue,
,OB Audit,B0U38UK2,Staging Area,,Yes,,No Issue,1,0,,,,52,0,No Issue,
,OB Audit,B0U38UDO,Staging Area,,Yes,,No Issue,1,0,,,,64,0,No Issue,
,OB Audit,B0U38UHA,Staging Area,,Yes,,No Issue,1,0,,,,24,0,No Issue,
,OB Audit,B0U0EGZI,Staging Area,,Yes,,No Issue,1,0,,,,77,0,No Issue,
,OB Audit,B0U4Q49K,Staging Area,,Yes,,No Issue,1,0,,,,41,0,No Issue,
,OB Audit,B0U38UES,Staging Area,,Yes,,No Issue,1,0,,,,39,0,No Issue,
,OB Audit,B0U0EH2U,Staging Area,,Yes,,No Issue,1,0,,,,45,0,No Issue,
,OB Audit,B0U6KR4Q,Staging Area,,Yes,,No Issue,1,0,,,,44,0,No Issue,
,OB Audit,B0U6L0HO,Staging Area,,Yes,,No Issue,1,0,,,,41,0,No Issue,
,OB Audit,B0U38UJS,Staging Area,,Yes,,No Issue,1,0,,,,51,0,No Issue,
,OB Audit,B0U6KR0A,Staging Area,,Yes,,No Issue,1,0,,,,34,0,No Issue,
,OB Audit,B0U6KRI2,Staging Area,,Yes,,No Issue,1,0,,,,46,0,No Issue,
,OB Audit,B0U6L0KG,Staging Area,,Yes,,No Issue,1,0,,,,58,0,No Issue,
,OB Audit,B0U6KR3W,Staging Area,,Yes,,No Issue,1,0,,,,22,0,No Issue,
,OB Audit,B0U6KRJ6,Staging Area,,Yes,,No Issue,1,0,,,,5,0,No Issue,
,OB Audit,B0U38UFM,Staging Area,,Yes,,No Issue,1,0,,,,64,0,No Issue,
,OB Audit,B0U6KRCI,Staging Area,,Yes,,No Issue,1,0,,,,42,0,No Issue,
,OB Audit,B0U6L0G0,Staging Area,,Yes,,No Issue,1,0,,,,40,0,No Issue,
,OB Audit,B0U0EGV2,Staging Area,,Yes,,No Issue,1,0,,,,47,0,No Issue,
,OB Audit,B0U6KQY2,Staging Area,,Yes,,No Issue,1,0,,,,53,0,No Issue,
,OB Audit,B0U6L0HE,Staging Area,,Yes,,No Issue,1,0,,,,51,0,No Issue,
,OB Audit,B0U4IMWM,Staging Area,,Yes,,No Issue,1,0,,,,36,0,No Issue,
,OB Audit,B0U6L0GU,Staging Area,,Yes,,No Issue,1,0,,,,48,0,No Issue,
,OB Audit,B0U6KR14,Staging Area,,Yes,,No Issue,1,0,,,,41,0,No Issue,
,OB Audit,B0U0EGDK,Staging Area,,Yes,,No Issue,1,0,,,,50,0,No Issue,
,OB Audit,B0U6L0D8,Staging Area,,Yes,,No Issue,1,0,,,,32,0,No Issue,
,OB Audit,B0U7XRLK,Staging Area,,Yes,,No Issue,1,0,,,,11,0,No Issue,
,OB Audit,B0U7XR9M,Staging Area,,Yes,,No Issue,1,0,,,,25,0,No Issue,
,OB Audit,B0U7XR6A,Staging Area,,Yes,,No Issue,1,0,,,,2,0,No Issue,
,OB Audit,B0U7XR60,Staging Area,,Yes,,No Issue,1,0,,,,3,0,No Issue,
,OB Audit,B0U86YXM,Staging Area,,Yes,,No Issue,1,0,,,,1,0,No Issue,
,OB Audit,B0U86Z22,Staging Area,,Yes,,No Issue,1,0,,,,5,0,No Issue,
,OB Audit,B0U86Z0E,Staging Area,,Yes,,No Issue,1,0,,,,4,0,No Issue,
,OB Audit,B0U86YZU,Staging Area,,Yes,,No Issue,1,0,,,,4,0,No Issue,
,OB Audit,B0U86YZA,Staging Area,,Yes,,No Issue,1,0,,,,3,0,No Issue,
,OB Audit,B0U86YYG,Staging Area,,Yes,,No Issue,1,0,,,,8,0,No Issue,
,OB Audit,B0U86YZ0,Staging Area,,Yes,,No Issue,1,0,,,,7,0,No Issue,
,OB Audit,B0U86YY6,Staging Area,,Yes,,No Issue,1,0,,,,1,0,No Issue,
,OB Audit,B0U86YWS,Staging Area,,Yes,,No Issue,1,0,,,,1,0,No Issue,
,OB Audit,B0U86YW8,Staging Area,,Yes,,No Issue,1,0,,,,4,0,No Issue,
,OB Audit,B0U86YYQ,Staging Area,,Yes,,No Issue,1,0,,,,4,0,No Issue,
,OB Audit,B0U86Z1S,Staging Area,,Yes,,No Issue,1,0,,,,3,0,No Issue,
,OB Audit,B0U6L0T2,Staging Area,,Yes,,No Issue,1,0,,,,2,0,No Issue,
,OB Audit,B0U6L0QA,Staging Area,,Yes,,No Issue,1,0,,,,2,0,No Issue,
,OB Audit,B0U86Z0Y,Staging Area,,Yes,,No Issue,1,0,,,,5,0,No Issue,
,OB Audit,B0U7XRC4,Staging Area,,Yes,,No Issue,1,0,,,,12,0,No Issue,
,OB Audit,B0U86Z0O,Staging Area,,Yes,,No Issue,1,0,,,,26,0,No Issue,
,OB Audit,B0U7XRVU,Staging Area,,Yes,,No Issue,1,0,,,,3,0,No Issue,
,OB Audit,B0U6L0F6,Staging Area,,Yes,,No Issue,1,0,,,,4,0,No Issue,
,OB Audit,B0U6L0OM,Staging Area,,Yes,,No Issue,1,0,,,,29,0,No Issue,
,OB Audit,B0U6L0EW,Staging Area,,Yes,,No Issue,1,0,,,,39,0,No Issue,
,OB Audit,B0U6L0MO,Staging Area,,Yes,,No Issue,1,0,,,,47,0,No Issue,
,OB Audit,B0U6L0OW,Staging Area,,Yes,,No Issue,1,0,,,,26,0,No Issue,
,OB Audit,B0U7XRCY,Staging Area,,Yes,,No Issue,1,0,,,,66,0,No Issue,
,OB Audit,B0U7XRBK,Staging Area,,Yes,,No Issue,1,0,,,,45,0,No Issue,
,OB Audit,B0U7XRVK,Staging Area,,Yes,,No Issue,1,0,,,,21,0,No Issue,
,OB Audit,B0U6L06U,Staging Area,,Yes,,No Issue,1,0,,,,76,0,No Issue,
,OB Audit,B0U7XRJW,Staging Area,,Yes,,No Issue,1,0,,,,25,0,No Issue,
,OB Audit,B0U86Z2C,Staging Area,,Yes,,No Issue,1,0,,,,40,0,No Issue,
,OB Audit,B0U7XRD8,Staging Area,,Yes,,Misshipment,1,1,,,,79,5,Misshipment,
,OB Audit,B0U6L05Q,Staging Area,,Yes,,No Issue,1,0,,,,91,0,No Issue,
,OB Audit,B0U7XRMO,Staging Area,,Yes,,No Issue,1,0,,,,99,0,No Issue,
,OB Audit,B0U7XRDI,Staging Area,,Yes,,No Issue,1,0,,,,125,0,No Issue,
,OB Audit,B0U7XRCO,Staging Area,,Yes,,No Issue,1,0,,,,101,0,No Issue,
,OB Audit,B0U7XRGA,Staging Area,,Yes,,No Issue,1,0,,,,6,0,No Issue,
,OB Audit,B0U7XR9C,Staging Area,,Yes,,No Issue,1,0,,,,26,0,No Issue,
,OB Audit,B0U7XRGU,Staging Area,,Yes,,No Issue,1,0,,,,4,0,No Issue,
,OB Audit,B0U6L0DS,Staging Area,,Yes,,No Issue,1,0,,,,59,0,No Issue,
,OB Audit,B0U6L0H4,Staging Area,,Yes,,No Issue,1,0,,,,100,0,No Issue,
,OB Audit,B0U6L07Y,Staging Area,,Yes,,No Issue,1,0,,,,116,0,No Issue,
,OB Audit,B0U7XRAQ,Staging Area,,Yes,,No Issue,1,0,,,,100,0,No Issue,
,OB Audit,B0U6L0JC,Staging Area,,Yes,,No Issue,1,0,,,,110,0,No Issue,
,OB Audit,B0U6L0PQ,Staging Area,,Yes,,No Issue,1,0,,,,100,0,No Issue,
,OB Audit,B0U6L0CE,Staging Area,,Yes,,No Issue,1,0,,,,94,0,No Issue,
,OB Audit,B0U7XRN8,Staging Area,,Yes,,No Issue,1,0,,,,109,0,No Issue,
,OB Audit,B0U7XRE2,Staging Area,,Yes,,No Issue,1,0,,,,38,0,No Issue,
,OB Audit,B0U7XRLA,Staging Area,,Yes,,No Issue,1,0,,,,164,0,No Issue,
,OB Audit,B0U7XRWY,Staging Area,,Yes,,No Issue,1,0,,,,123,0,No Issue,
,OB Audit,B0U7XRX8,Staging Area,,Yes,,Misshipment,1,1,,,,105,1,Misshipment,
,OB Audit,B0U6L0UG,Staging Area,,Yes,,No Issue,1,0,,,,120,0,No Issue,
,OB Audit,B0U7XR7E,Staging Area,,Yes,,No Issue,1,0,,,,100,0,No Issue,
,OB Audit,B0U7XR88,Staging Area,,Yes,,No Issue,1,0,,,,99,0,No Issue,
,OB Audit,B0U7XRUQ,Staging Area,,Yes,,No Issue,1,0,,,,1,0,No Issue,
,OB Audit,B0U7XREC,Staging Area,,Yes,,No Issue,1,0,,,,10,0,No Issue,
,OB Audit,B0U7XRIS,Staging Area,,Yes,,No Issue,1,0,,,,2,0,No Issue,
,OB Audit,B0U7XRWE,Staging Area,,Yes,,No Issue,1,0,,,,6,0,No Issue,
,OB Audit,B0U7XRHY,Staging Area,,Yes,,No Issue,1,0,,,,2,0,No Issue,
,OB Audit,B0U7XRCE,Staging Area,,Yes,,No Issue,1,0,,,,12,0,No Issue,
,OB Audit,B0U7XRGK,Staging Area,,Yes,,No Issue,1,0,,,,22,0,No Issue,
,OB Audit,B0U7XRNS,Staging Area,,Yes,,No Issue,1,0,,,,1,0,No Issue,
,OB Audit,B0U7XRHO,Staging Area,,Yes,,No Issue,1,0,,,,3,0,No Issue,
,OB Audit,B0U7XRH4,Staging Area,,Yes,,No Issue,1,0,,,,6,0,No Issue,
,OB Audit,B0U7XRQU,Staging Area,,Yes,,No Issue,1,0,,,,1,0,No Issue,
,OB Audit,B0U7XR9W,Staging Area,,Yes,,No Issue,1,0,,,,53,0,No Issue,
,OB Audit,B0U7XRRE,Staging Area,,Yes,,No Issue,1,0,,,,12,0,No Issue,
,OB Audit,B0U7XRFQ,Staging Area,,Yes,,No Issue,1,0,,,,10,0,No Issue,
,OB Audit,B0U7XREW,Staging Area,,Yes,,No Issue,1,0,,,,1,0,No Issue,
,OB Audit,B0U7XREM,Staging Area,,Yes,,No Issue,1,0,,,,5,0,No Issue,
,OB Audit,B0U7XRAG,Staging Area,,Yes,,No Issue,1,0,,,,16,0,No Issue,
,OB Audit,B0U7XR6U,Staging Area,,Yes,,No Issue,1,0,,,,44,0,No Issue,
,OB Audit,B0U7XRU6,Staging Area,,Yes,,No Issue,1,0,,,,21,0,No Issue,
,OB Audit,B0U7CO6Y,Staging Area,,Yes,,No Issue,1,0,,,,65,0,No Issue,
,OB Audit,B0U6L0EM,Staging Area,,Yes,,No Issue,1,0,,,,97,0,No Issue,
,OB Audit,B0U6L0JM,Staging Area,,Yes,,No Issue,1,0,,,,19,0,No Issue,
,OB Audit,B0U7CO46,Staging Area,,Yes,,No Issue,1,0,,,,36,0,No Issue,
,OB Audit,B0U7XR8S,Staging Area,,Yes,,No Issue,1,0,,,,17,0,No Issue,
,OB Audit,B0U6L0E2,Staging Area,,Yes,,No Issue,1,0,,,,79,0,No Issue,
,OB Audit,B0U7XRSI,Staging Area,,Yes,,No Issue,1,0,,,,46,0,No Issue,
,OB Audit,B0U7XR74,Staging Area,,Yes,,No Issue,1,0,,,,16,0,No Issue,
,OB Audit,B0U7XRTM,Staging Area,,Yes,,No Issue,1,0,,,,74,0,No Issue,
,OB Audit,B0U7XRA6,Staging Area,,Yes,,No Issue,1,0,,,,89,0,No Issue,
,OB Audit,B0U6L0GK,Staging Area,,Yes,,No Issue,1,0,,,,30,0,No Issue,
,OB Audit,B0U7XRTC,Staging Area,,Yes,,No Issue,1,0,,,,36,0,No Issue,
,OB Audit,B0U7XRI8,Staging Area,,Yes,,No Issue,1,0,,,,57,0,No Issue,
,OB Audit,B0U6L0TM,Staging Area,,Yes,,No Issue,1,0,,,,16,0,No Issue,
,OB Audit,B0U7XRRO,Staging Area,,Yes,,No Issue,1,0,,,,24,0,No Issue,
,OB Audit,B0U7XRTW,Staging Area,,Yes,,No Issue,1,0,,,,60,0,No Issue,
,OB Audit,B0U6L0ME,Staging Area,,Yes,,No Issue,1,0,,,,28,0,No Issue,
,OB Audit,B0U7XR8I,Staging Area,,Yes,,No Issue,1,0,,,,36,0,No Issue,
,OB Audit,B0U6L0TW,Staging Area,,Yes,,No Issue,1,0,,,,65,0,No Issue,
,OB Audit,B0U7XRII,Staging Area,,Yes,,No Issue,1,0,,,,74,0,No Issue,
,OB Audit,B0U7XRG0,Staging Area,,Yes,,No Issue,1,0,,,,47,0,No Issue,
,OB Audit,B0U7XRB0,Staging Area,,Yes,,No Issue,1,0,,,,81,0,No Issue,
,OB Audit,B0U6L0J2,Staging Area,,Yes,,No Issue,1,0,,,,36,0,No Issue,
,OB Audit,B0U7XRBA,Staging Area,,Yes,,No Issue,1,0,,,,66,0,No Issue,
,OB Audit,B0U7XRQ0,Staging Area,,Yes,,No Issue,1,0,,,,29,0,No Issue,
,OB Audit,B0U7XR6K,Staging Area,,Yes,,No Issue,1,0,,,,39,0,No Issue,
,OB Audit,B0U6L0U6,Staging Area,,Yes,,No Issue,1,0,,,,52,0,No Issue,
,OB Audit,B0U7XRDS,Staging Area,,Yes,,No Issue,1,0,,,,38,0,No Issue,
,OB Audit,B0U7XRW4,Staging Area,,Yes,,No Issue,1,0,,,,22,0,No Issue,
,OB Audit,B0U6P4QM,Staging Area,,Yes,,No Issue,1,0,,,,2,0,No Issue,
,OB Audit,B0U6L0TC,Staging Area,,Yes,,No Issue,1,0,,,,48,0,No Issue,
,OB Audit,B0U7XR5Q,Staging Area,,Yes,,No Issue,1,0,,,,41,0,No Issue,
,OB Audit,B0U7CO3W,Staging Area,,Yes,,No Issue,1,0,,,,49,0,No Issue,
,OB Audit,B0U7XR92,Staging Area,,Yes,,No Issue,1,0,,,,44,0,No Issue,
,OB Audit,B0U7XR7O,Staging Area,,Yes,,No Issue,1,0,,,,81,0,No Issue,
,OB Audit,B0TXGUOQ,Staging Area,,Yes,,No Issue,1,0,,,,56,0,No Issue,
,OB Audit,B0U9GV9I,Staging Area,,Yes,,No Issue,1,0,,,,9,0,No Issue,
,OB Audit,B0U9GV52,Staging Area,,Yes,,No Issue,1,0,,,,101,0,No Issue,
,OB Audit,B0U9LFZ8,Staging Area,,Yes,,No Issue,1,0,,,,2,0,No Issue,
,OB Audit,B0TXGUAK,Staging Area,,Yes,,No Issue,1,0,,,,14,0,No Issue,
,OB Audit,B0U9LFZI,Staging Area,,Yes,,No Issue,1,0,,,,2,0,No Issue,
,OB Audit,B0U9GV6G,Staging Area,,Yes,,No Issue,1,0,,,,42,0,No Issue,
,OB Audit,B0TXGUA0,Staging Area,,Yes,,No Issue,1,0,,,,21,0,No Issue,
,OB Audit,B0U9LFXA,Staging Area,,Yes,,No Issue,1,0,,,,1,0,No Issue,
,OB Audit,B0U9GVAW,Staging Area,,Yes,,No Issue,1,0,,,,1,0,No Issue,
,OB Audit,B0U9LFXU,Staging Area,,Yes,,No Issue,1,0,,,,3,0,No Issue,
,OB Audit,B0U9LFYO,Staging Area,,Yes,,No Issue,1,0,,,,5,0,No Issue,
,OB Audit,B0U9LFXK,Staging Area,,Yes,,No Issue,1,0,,,,1,0,No Issue,
,OB Audit,B0TXGUO6,Staging Area,,Yes,,No Issue,1,0,,,,30,0,No Issue,
,OB Audit,B0U9GV8E,Staging Area,,Yes,,No Issue,1,0,,,,2,0,No Issue,
,OB Audit,B0U9GV84,Staging Area,,Yes,,No Issue,1,0,,,,1,0,No Issue,
,OB Audit,B0U9GV5W,Staging Area,,Yes,,No Issue,1,0,,,,109,0,No Issue,
,OB Audit,B0U9GV98,Staging Area,,Yes,,No Issue,1,0,,,,3,0,No Issue,
,OB Audit,B0U9GV5C,Staging Area,,Yes,,No Issue,1,0,,,,79,0,No Issue,
,OB Audit,B0U9GVB6,Staging Area,,Yes,,No Issue,1,0,,,,7,0,No Issue,
,OB Audit,B0U9GV7U,Staging Area,,Yes,,No Issue,1,0,,,,5,0,No Issue,
,OB Audit,B0U9GV8Y,Staging Area,,Yes,,No Issue,1,0,,,,93,0,No Issue,
,OB Audit,B0U9GV70,Staging Area,,Yes,,No Issue,1,0,,,,98,0,No Issue,
,OB Audit,B0U6L038,Staging Area,,Yes,,No Issue,1,0,,,,3,0,No Issue,
,OB Audit,B0U9GVBQ,Staging Area,,Yes,,No Issue,1,0,,,,4,0,No Issue,
,OB Audit,B0U9GV7K,Staging Area,,Yes,,No Issue,1,0,,,,1,0,No Issue,
,OB Audit,B0U9GV9S,Staging Area,,Yes,,No Issue,1,0,,,,17,0,No Issue,
,OB Audit,B0U7XRPQ,Staging Area,,Yes,,No Issue,1,0,,,,21,0,No Issue,
,OB Audit,B0U9GVC0,Staging Area,,Yes,,No Issue,1,0,,,,37,0,No Issue,
,OB Audit,B0U9GZW6,Staging Area,,Yes,,No Issue,1,0,,,,13,0,No Issue,
,OB Audit,B0U9GV3O,Staging Area,,Yes,,No Issue,1,0,,,,14,0,No Issue,
,OB Audit,B0U9GV4S,Staging Area,,Yes,,No Issue,1,0,,,,28,0,No Issue,
,OB Audit,B0U9GVCA,Staging Area,,Yes,,No Issue,1,0,,,,32,0,No Issue,
,OB Audit,B0U9GVA2,Staging Area,,Yes,,No Issue,1,0,,,,6,0,No Issue,
,OB Audit,B0U9GV4I,Staging Area,,Yes,,No Issue,1,0,,,,33,0,No Issue,
,OB Audit,B0U9GZY4,Staging Area,,Yes,,No Issue,1,0,,,,18,0,No Issue,
,OB Audit,B0U9GZVW,Staging Area,,Yes,,No Issue,1,0,,,,1,0,No Issue,
,OB Audit,B0U6L05G,Staging Area,,Yes,,Missing,1,1,,,,59,1,Short,
,OB Audit,B0U7XRVA,Staging Area,,Yes,,No Issue,1,0,,,,47,0,No Issue,
,OB Audit,B0U9H002,Staging Area,,Yes,,No Issue,1,0,,,,43,0,No Issue,
,OB Audit,B0U9GZUI,Staging Area,,Yes,,No Issue,1,0,,,,54,0,No Issue,
,OB Audit,B0U9H00C,Staging Area,,Yes,,No Issue,1,0,,,,50,0,No Issue,
,OB Audit,B0U9GZXA,Staging Area,,Yes,,No Issue,1,0,,,,25,0,No Issue,
,OB Audit,B0U9GZX0,Staging Area,,Yes,,No Issue,1,0,,,,2,0,No Issue,
,OB Audit,B0U7XROW,Staging Area,,Yes,,No Issue,1,0,,,,39,0,No Issue,
,OB Audit,B0U7XRT2,Staging Area,,Yes,,No Issue,1,0,,,,33,0,No Issue,
,OB Audit,B0U9GVCK,Staging Area,,Yes,,No Issue,1,0,,,,89,0,No Issue,
,OB Audit,B0U9GZUS,Staging Area,,Yes,,No Issue,1,0,,,,35,0,No Issue,
,OB Audit,B0U9GVAC,Staging Area,,Yes,,No Issue,1,0,,,,42,0,No Issue,
,OB Audit,B0U9GZZ8,Staging Area,,Yes,,No Issue,1,0,,,,3,0,No Issue,
,OB Audit,B0U7XRMY,Staging Area,,Yes,,No Issue,1,0,,,,3,0,No Issue,
,OB Audit,B0U7XRO2,Staging Area,,Yes,,No Issue,1,0,,,,2,0,No Issue,
,OB Audit,B0U9H01G,Staging Area,,Yes,,No Issue,1,0,,,,27,0,No Issue,
,OB Audit,B0U9GVFW,Staging Area,,Yes,,No Issue,1,0,,,,42,0,No Issue,
,OB Audit,B0U6L09W,Staging Area,,Yes,,No Issue,1,0,,,,18,0,No Issue,
,OB Audit,B0U6L0B0,Staging Area,,Yes,,No Issue,1,0,,,,37,0,No Issue,
,OB Audit,B0U6L04M,Staging Area,,Yes,,No Issue,1,0,,,,74,0,No Issue,
,OB Audit,B0U6L06A,Staging Area,,Yes,,No Issue,1,0,,,,38,0,No Issue,
,OB Audit,B0U9GVD4,Staging Area,,Yes,,No Issue,1,0,,,,36,0,No Issue,
,OB Audit,B0U9GZXU,Staging Area,,Yes,,No Issue,1,0,,,,22,0,No Issue,
,OB Audit,B0U9GVES,Staging Area,,Yes,,No Issue,1,0,,,,63,0,No Issue,
,OB Audit,B0U7XRQK,Staging Area,,Yes,,No Issue,1,0,,,,19,0,No Issue,
,OB Audit,B0U6L0C4,Staging Area,,Yes,,No Issue,1,0,,,,77,0,No Issue,
,OB Audit,B0U9H01Q,Staging Area,,Yes,,No Issue,1,0,,,,25,0,No Issue,
,OB Audit,B0U9H02U,Staging Area,,Yes,,No Issue,1,0,,,,63,0,No Issue,
,OB Audit,B0U7XRS8,Staging Area,,Yes,,No Issue,1,0,,,,59,0,No Issue,
,OB Audit,B0U9H052,Staging Area,,Yes,,Missing,1,1,,,,46,7,Short,
,OB Audit,B0U7XRQA,Staging Area,,Yes,,No Issue,1,0,,,,44,0,No Issue,
,OB Audit,B0U6L0BK,Staging Area,,Yes,,No Issue,1,0,,,,38,0,No Issue,
,OB Audit,B0U6L0BU,Staging Area,,Yes,,No Issue,1,0,,,,70,0,No Issue,
,OB Audit,B0U9H052,Staging Area,,Yes,,No Issue,1,0,,,,45,0,No Issue,
,OB Audit,B0TXGUVE,Staging Area,,Yes,,No Issue,1,0,,,,1,0,No Issue,
,OB Audit,B0U0B0CA,Staging Area,,Yes,,No Issue,1,0,,,,2,0,No Issue,
,OB Audit,B0U0B00M,Staging Area,,Yes,,No Issue,1,0,,,,2,0,No Issue,
,OB Audit,B0U0B01Q,Staging Area,,Yes,,No Issue,1,0,,,,3,0,No Issue,
,OB Audit,B0U0B020,Staging Area,,Yes,,No Issue,1,0,,,,1,0,No Issue,
,OB Audit,B0UBA64W,Staging Area,,Yes,,No Issue,1,0,,,,2,0,No Issue,
,OB Audit,B0UB5C9G,Staging Area,,Yes,,No Issue,1,0,,,,64,0,No Issue,
,OB Audit,B0UB5C5K,Staging Area,,Yes,,No Issue,1,0,,,,100,0,No Issue,
,OB Audit,B0UB5C3C,Staging Area,,Yes,,No Issue,1,0,,,,84,0,No Issue,
,OB Audit,B0UB5CAA,Staging Area,,Yes,,No Issue,1,0,,,,100,0,No Issue,
,OB Audit,B0UB5BZG,Staging Area,,Yes,,No Issue,1,0,,,,43,0,No Issue,
,OB Audit,B0UB2HNK,Staging Area,,Yes,,No Issue,1,0,,,,100,0,No Issue,
,OB Audit,B0UB5C8W,Staging Area,,Yes,,No Issue,1,0,,,,100,0,No Issue,
,OB Audit,B0UB5C50,Staging Area,,Yes,,No Issue,1,0,,,,109,0,No Issue,
,OB Audit,B0UB5C7S,Staging Area,,Yes,,No Issue,1,0,,,,177,0,No Issue,
,OB Audit,B0UBA6HE,Staging Area,,Yes,,No Issue,1,0,,,,107,0,No Issue,
,OB Audit,B0UB5C4G,Staging Area,,Yes,,No Issue,1,0,,,,84,0,No Issue,
,OB Audit,B0UB5C1O,Staging Area,,Yes,,No Issue,1,0,,,,83,0,No Issue,
,OB Audit,B0UB5C1E,Staging Area,,Yes,,No Issue,1,0,,,,101,0,No Issue,
,OB Audit,B0UB5BZQ,Staging Area,,Yes,,No Issue,1,0,,,,188,0,No Issue,
,OB Audit,B0UBA67Y,Staging Area,,Yes,,No Issue,1,0,,,,66,0,No Issue,
,OB Audit,B0UB5C8M,Staging Area,,Yes,,No Issue,1,0,,,,109,0,No Issue,
,OB Audit,B0TXGUD2,Staging Area,,Yes,,No Issue,1,0,,,,6,0,No Issue,
,OB Audit,B0UBA6H4,Staging Area,,Yes,,No Issue,1,0,,,,22,0,No Issue,
,OB Audit,B0UBA64M,Staging Area,,Yes,,No Issue,1,0,,,,41,0,No Issue,
,OB Audit,B0UBA67E,Staging Area,,Yes,,No Issue,1,0,,,,53,0,No Issue,
,OB Audit,B0UB2HNU,Staging Area,,Yes,,No Issue,1,0,,,,84,0,No Issue,
,OB Audit,B0UBA66A,Staging Area,,Yes,,No Issue,1,0,,,,54,0,No Issue,
,OB Audit,B0UB5C6O,Staging Area,,Yes,,No Issue,1,0,,,,61,0,No Issue,
,OB Audit,B0TXGUB4,Staging Area,,Yes,,No Issue,1,0,,,,4,0,No Issue,
,OB Audit,B0UB5C14,Staging Area,,Yes,,No Issue,1,0,,,,110,0,No Issue,
,OB Audit,B0U9H05M,Staging Area,,Yes,,No Issue,1,0,,,,46,0,No Issue,
,OB Audit,B0TXGUC8,Staging Area,,Yes,,No Issue,1,0,,,,2,0,No Issue,
,OB Audit,B0UB5C0A,Staging Area,,Yes,,No Issue,1,0,,,,103,0,No Issue,
,OB Audit,B0UBA6HO,Staging Area,,Yes,,No Issue,1,0,,,,100,0,No Issue,
,OB Audit,B0UBA6GA,Staging Area,,Yes,,No Issue,1,0,,,,91,0,No Issue,
,OB Audit,B0UB5CBO,Staging Area,,Yes,,No Issue,1,0,,,,100,0,No Issue,
,OB Audit,B0UBA688,Staging Area,,Yes,,No Issue,1,0,,,,102,0,No Issue,
,OB Audit,B0TXGUIC,Staging Area,,Yes,,No Issue,1,0,,,,3,0,No Issue,
,OB Audit,B0TXGUIM,Staging Area,,Yes,,No Issue,1,0,,,,7,0,No Issue,
,OB Audit,B0TXGUK0,Staging Area,,Yes,,No Issue,1,0,,,,1,0,No Issue,
,OB Audit,B0U39YBQ,Staging Area,,Yes,,No Issue,1,0,,,,7,0,No Issue,
,OB Audit,B0UNJ96Q,Staging Area,,Yes,,No Issue,1,0,,,,10,0,No Issue,
,OB Audit,B0UNJ97A,Staging Area,,Yes,,No Issue,1,0,,,,11,0,No Issue,
,OB Audit,B0UNCJ36,Staging Area,,Yes,,No Issue,1,0,,,,8,0,No Issue,
,OB Audit,B0UNCJGS,Staging Area,,Yes,,No Issue,1,0,,,,80,0,No Issue,
,OB Audit,B0UNCIY6,Staging Area,,Yes,,No Issue,1,0,,,,102,0,No Issue,
,OB Audit,B0UNCJ2W,Staging Area,,Yes,,No Issue,1,0,,,,105,0,No Issue,
,OB Audit,B0UNCJ40,Staging Area,,Yes,,No Issue,1,0,,,,161,0,No Issue,
,OB Audit,B0UNCJHM,Staging Area,,Yes,,No Issue,1,0,,,,130,0,No Issue,
,OB Audit,B0UNCIW8,Staging Area,,Yes,,No Issue,1,0,,,,159,0,No Issue,
,OB Audit,B0UNJ9B6,Staging Area,,Yes,,No Issue,1,0,,,,6,0,No Issue,
,OB Audit,B0UNCJ04,Staging Area,,Yes,,No Issue,1,0,,,,1,0,No Issue,
,OB Audit,B0UNJ9CK,Staging Area,,Yes,,No Issue,1,0,,,,20,0,No Issue,
,OB Audit,B0UNCJ90,Staging Area,,Yes,,No Issue,1,0,,,,33,0,No Issue,
,OB Audit,B0UNCIXW,Staging Area,,Yes,,No Issue,1,0,,,,93,0,No Issue,
,OB Audit,B0UNCJ5O,Staging Area,,Yes,,No Issue,1,0,,,,18,0,No Issue,
,OB Audit,B0UNCJ6S,Staging Area,,Yes,,No Issue,1,0,,,,106,0,No Issue,
,OB Audit,B0UNJ9AW,Staging Area,,Yes,,No Issue,1,0,,,,59,0,No Issue,
,OB Audit,B0UNJ94S,Staging Area,,Yes,,No Issue,1,0,,,,26,0,No Issue,
,OB Audit,B0UNJ948,Staging Area,,Yes,,No Issue,1,0,,,,62,0,No Issue,
,OB Audit,B0UNCJAO,Staging Area,,Yes,,No Issue,1,0,,,,74,0,No Issue,
,OB Audit,B0UNCJ8G,Staging Area,,Yes,,No Issue,1,0,,,,70,0,No Issue,
,OB Audit,B0TTBMPC,Staging Area,,Yes,,No Issue,1,0,,,,1,0,No Issue,
,OB Audit,B0TTBMQ6,Staging Area,,Yes,,No Issue,1,0,,,,6,0,No Issue,
,OB Audit,B0UNCJ1S,Staging Area,,Yes,,No Issue,1,0,,,,8,0,No Issue,
,OB Audit,B0UNCJ1I,Staging Area,,Yes,,No Issue,1,0,,,,41,0,No Issue,
,OB Audit,B0UK7FI8,Staging Area,,Yes,,No Issue,1,0,,,,26,0,No Issue,
,OB Audit,B0UNLSBA,Staging Area,,Yes,,No Issue,1,0,,,,82,0,No Issue,
,OB Audit,B0UNCJ9K,Staging Area,,Yes,,No Issue,1,0,,,,162,0,No Issue,
,OB Audit,B0UNCJ6I,Staging Area,,Yes,,No Issue,1,0,,,,110,0,No Issue,
,OB Audit,B0TTBMQG,Staging Area,,Yes,,No Issue,1,0,,,,6,0,No Issue,
,OB Audit,B0UNHRVK,Staging Area,,Yes,,No Issue,1,0,,,,1,0,No Issue,
,OB Audit,B0UNJ95M,Staging Area,,Yes,,No Issue,1,0,,,,106,0,No Issue,
,OB Audit,B0UNHRVU,Staging Area,,Yes,,No Issue,1,0,,,,7,0,No Issue,
,OB Audit,B0UNCJAY,Staging Area,,Yes,,No Issue,1,0,,,,131,0,No Issue,
,OB Audit,B0UNCJGI,Staging Area,,Yes,,No Issue,1,0,,,,45,0,No Issue,
,OB Audit,B0UNCJ68,Staging Area,,Yes,,No Issue,1,0,,,,104,0,No Issue,
,OB Audit,B0TTBMOS,Staging Area,,Yes,,No Issue,1,0,,,,1,0,No Issue,
,OB Audit,B0UNCIZ0,Staging Area,,Yes,,No Issue,1,0,,,,106,0,No Issue,
,OB Audit,B0UNCJ2C,Staging Area,,Yes,,No Issue,1,0,,,,103,0,No Issue,
,OB Audit,B0UNHRKQ,Staging Area,,Yes,,No Issue,1,0,,,,2,0,No Issue,
,OB Audit,B0UNCJCC,Staging Area,,Yes,,No Issue,1,0,,,,163,0,No Issue,
,OB Audit,B0UNCJ9A,Staging Area,,Yes,,No Issue,1,0,,,,130,0,No Issue,
,OB Audit,B0UNCJ86,Staging Area,,Yes,,No Issue,1,0,,,,117,0,No Issue,
,OB Audit,B0UK7ER0,Staging Area,,Yes,,No Issue,1,0,,,,96,0,No Issue,
,OB Audit,B0UNJ9CA,Staging Area,,Yes,,No Issue,1,0,,,,101,0,No Issue,
,OB Audit,B0UK7ERK,Staging Area,,Yes,,No Issue,1,0,,,,100,0,No Issue,
,OB Audit,B0UNJ91G,Staging Area,,Yes,,No Issue,1,0,,,,108,0,No Issue,
,OB Audit,B0UNCJ4A,Staging Area,,Yes,,No Issue,1,0,,,,101,0,No Issue,
,OB Audit,B0UNCJ8Q,Staging Area,,Yes,,No Issue,1,0,,,,180,0,No Issue,
,OB Audit,B0UNCIXC,Staging Area,,Yes,,No Issue,1,0,,,,108,0,No Issue,
,OB Audit,B0UNJ95C,Staging Area,,Yes,,No Issue,1,0,,,,100,0,No Issue,
,OB Audit,B0UNCIX2,Staging Area,,Yes,,No Issue,1,0,,,,137,0,No Issue,
,OB Audit,B0UNCJF4,Staging Area,,Yes,,No Issue,1,0,,,,134,0,No Issue,
,OB Audit,B0UNCJ72,Staging Area,,Yes,,Excess,1,1,,,,122,1,Excess,
,OB Audit,B0UNCJBS,Staging Area,,Yes,,No Issue,1,0,,,,141,0,No Issue,
,OB Audit,B0UNHRTC,Staging Area,,Yes,,No Issue,1,0,,,,7,0,No Issue,
,OB Audit,B0UKFN9G,Staging Area,,Yes,,No Issue,1,0,,,,9,0,No Issue,
,OB Audit,B0UNHRLU,Staging Area,,Yes,,No Issue,1,0,,,,34,0,No Issue,
,OB Audit,B0UNCIZA,Staging Area,,Yes,,No Issue,1,0,,,,12,0,No Issue,
,OB Audit,B0UNCITQ,Staging Area,,Yes,,No Issue,1,0,,,,55,0,No Issue,
,OB Audit,B0UKFN7S,Staging Area,,Yes,,No Issue,1,0,,,,53,0,No Issue,
,OB Audit,B0UNCIWS,Staging Area,,Yes,,No Issue,1,0,,,,36,0,No Issue,
,OB Audit,B0UNHRWO,Staging Area,,Yes,,No Issue,1,0,,,,33,0,No Issue,
,OB Audit,B0UKFN82,Staging Area,,Yes,,No Issue,1,0,,,,36,0,No Issue,
,OB Audit,B0UNHRW4,Staging Area,,Yes,,No Issue,1,0,,,,53,0,No Issue,
,OB Audit,B0UKFNA0,Staging Area,,Yes,,No Issue,1,0,,,,47,0,No Issue,
,OB Audit,B0UNHRWY,Staging Area,,Yes,,No Issue,1,0,,,,49,0,No Issue,
,OB Audit,B0UNJ93Y,Staging Area,,Yes,,No Issue,1,0,,,,12,0,No Issue,
,OB Audit,B0UKFNBE,Staging Area,,Yes,,No Issue,1,0,,,,13,0,No Issue,
,OB Audit,B0UNHRXS,Staging Area,,Yes,,No Issue,1,0,,,,70,0,No Issue,
,OB Audit,B0UNCIZU,Staging Area,,Yes,,No Issue,1,0,,,,6,0,No Issue,
,OB Audit,B0UNJ916,Staging Area,,Yes,,No Issue,1,0,,,,18,0,No Issue,
,OB Audit,B0UKFNAK,Staging Area,,Yes,,No Issue,1,0,,,,14,0,No Issue,
,OB Audit,B0UNCIR8,Staging Area,,Yes,,No Issue,1,0,,,,38,0,No Issue,
,OB Audit,B0UKFN8W,Staging Area,,Yes,,No Issue,1,0,,,,70,0,No Issue,
,OB Audit,B0UNCJEK,Staging Area,,Yes,,No Issue,1,0,,,,11,0,No Issue,
,OB Audit,B0UNHRUG,Staging Area,,Yes,,No Issue,1,0,,,,67,0,No Issue,
,OB Audit,B0UNCJ0O,Staging Area,,Yes,,No Issue,1,0,,,,17,0,No Issue,
,OB Audit,B0UNCJHW,Staging Area,,Yes,,No Issue,1,0,,,,48,0,No Issue,
,OB Audit,B0UNCJ5Y,Staging Area,,Yes,,No Issue,1,0,,,,21,0,No Issue,
,OB Audit,B0UNCJA4,Staging Area,,Yes,,No Issue,1,0,,,,23,0,No Issue,
,OB Audit,B0UNCJI6,Staging Area,,Yes,,No Issue,1,0,,,,21,0,No Issue,
,OB Audit,B0UNCITG,Staging Area,,Yes,,No Issue,1,0,,,,1,0,No Issue,
,OB Audit,B0ULUTW6,Staging Area,,Yes,,No Issue,1,0,,,,29,0,No Issue,
,OB Audit,B0UNCIU0,Staging Area,,Yes,,No Issue,1,0,,,,1,0,No Issue,
,OB Audit,B0UKFN8C,Staging Area,,Yes,,No Issue,1,0,,,,32,0,No Issue,
,OB Audit,B0UNCJ0Y,Staging Area,,Yes,,No Issue,1,0,,,,21,0,No Issue,
,OB Audit,B0UNCJ7C,Staging Area,,Yes,,No Issue,1,0,,,,39,0,No Issue,
,OB Audit,B0UNCIUU,Staging Area,,Yes,,No Issue,1,0,,,,42,0,No Issue,
,OB Audit,B0UNCJ0E,Staging Area,,Yes,,No Issue,1,0,,,,45,0,No Issue,
,OB Audit,B0ULUTU8,Staging Area,,Yes,,No Issue,1,0,,,,42,0,No Issue,
,OB Audit,B0UNJ99I,Staging Area,,Yes,,No Issue,1,0,,,,24,0,No Issue,
,OB Audit,B0UNHRMO,Staging Area,,Yes,,No Issue,1,0,,,,23,0,No Issue,
,OB Audit,B0UNHRTM,Staging Area,,Yes,,No Issue,1,0,,,,53,0,No Issue,
,OB Audit,B0UNCIXM,Staging Area,,Yes,,No Issue,1,0,,,,68,0,No Issue,
,OB Audit,B0UNCISC,Staging Area,,Yes,,No Issue,1,0,,,,30,0,No Issue,
,OB Audit,B0UNCIWI,Staging Area,,Yes,,No Issue,1,0,,,,31,0,No Issue,
,OB Audit,B0ULUTWG,Staging Area,,Yes,,No Issue,1,0,,,,17,0,No Issue,
,OB Audit,B0UIMZHQ,Staging Area,,Yes,,No Issue,1,0,,,,2,0,No Issue,
,OB Audit,B0UKFNAA,Staging Area,,Yes,,No Issue,1,0,,,,30,0,No Issue,
,OB Audit,B0UNCJ22,Staging Area,,Yes,,No Issue,1,0,,,,13,0,No Issue,
,OB Audit,B0UNHRRE,Staging Area,,Yes,,No Issue,1,0,,,,18,0,No Issue,
,OB Audit,B0UNHRX8,Staging Area,,Yes,,No Issue,1,0,,,,60,0,No Issue,
,OB Audit,B0ULUTXK,Staging Area,,Yes,,No Issue,1,0,,,,30,0,No Issue,
,OB Audit,B0UNCJD6,Staging Area,,Yes,,No Issue,1,0,,,,46,0,No Issue,
,OB Audit,B0ULUTVW,Staging Area,,Yes,,No Issue,1,0,,,,27,0,No Issue,
,OB Audit,B0UNCJHC,Staging Area,,Yes,,No Issue,1,0,,,,29,0,No Issue,
,OB Audit,B0ULUTYY,Staging Area,,Yes,,No Issue,1,0,,,,39,0,No Issue,
,OB Audit,B0ULUT8U,Staging Area,,Yes,,No Issue,1,0,,,,2,0,No Issue,
,OB Audit,B0ULUTWQ,Staging Area,,Yes,,No Issue,1,0,,,,4,0,No Issue,
,OB Audit,B0UNCIUA,Staging Area,,Yes,,No Issue,1,0,,,,7,0,No Issue,
,OB Audit,B0ULUTBW,Staging Area,,Yes,,No Issue,1,0,,,,20,0,No Issue,
,OB Audit,B0UKFNCI,Staging Area,,Yes,,No Issue,1,0,,,,28,0,No Issue,
,OB Audit,B0UNCIT6,Staging Area,,Yes,,No Issue,1,0,,,,24,0,No Issue,
,OB Audit,B0UNHRRY,Staging Area,,Yes,,No Issue,1,0,,,,52,0,No Issue,
,OB Audit,B0UNHRQ0,Staging Area,,Yes,,No Issue,1,0,,,,34,0,No Issue,
,OB Audit,B0UNHRLK,Staging Area,,Yes,,No Issue,1,0,,,,48,0,No Issue,
,OB Audit,B0UNCJFY,Staging Area,,Yes,,No Issue,1,0,,,,61,0,No Issue,
,OB Audit,B0UNCJG8,Staging Area,,Yes,,No Issue,1,0,,,,55,0,No Issue,
,OB Audit,B0UNCJ3Q,Staging Area,,Yes,,No Issue,1,0,,,,74,0,No Issue,
,OB Audit,B0UNJ94I,Staging Area,,Yes,,No Issue,1,0,,,,51,0,No Issue,
,OB Audit,B0UNHRQK,Staging Area,,Yes,,No Issue,1,0,,,,48,0,No Issue,
,OB Audit,B0UNHRO2,Staging Area,,Yes,,No Issue,1,0,,,,36,0,No Issue,
,OB Audit,B0UNHRPQ,Staging Area,,Yes,,No Issue,1,0,,,,27,0,No Issue,
,OB Audit,B0UNJ93E,Staging Area,,Yes,,Excess,1,1,,,,64,5,Excess,
,OB Audit,B0UNHRMY,Staging Area,,Yes,,No Issue,1,0,,,,40,0,No Issue,
,OB Audit,B0ULUTZ8,Staging Area,,Yes,,No Issue,1,0,,,,54,0,No Issue,
,OB Audit,B0UNCJCW,Staging Area,,Yes,,Excess,1,1,,,,55,1,Excess,
,OB Audit,B0UWL4CY,Staging Area,,Yes,,No Issue,1,0,,,,18,0,No Issue,
,OB Audit,B0UWL4ME,Staging Area,,Yes,,No Issue,1,0,,,,50,0,No Issue,
,OB Audit,B0UWL4GA,Staging Area,,Yes,,No Issue,1,0,,,,23,0,No Issue,
,OB Audit,B0UUOBPS,Staging Area,,Yes,,No Issue,1,0,,,,47,0,No Issue,
,OB Audit,B0UWL44C,Staging Area,,Yes,,No Issue,1,0,,,,64,0,No Issue,
,OB Audit,B0UWL49C,Staging Area,,Yes,,No Issue,1,0,,,,105,0,No Issue,
,OB Audit,B0UWL424,Staging Area,,Yes,,No Issue,1,0,,,,100,0,No Issue,
,OB Audit,B0UWL4JW,Staging Area,,Yes,,No Issue,1,0,,,,78,0,No Issue,
,OB Audit,B0UWL4E2,Staging Area,,Yes,,No Issue,1,0,,,,102,0,No Issue,
,OB Audit,B0UWL47Y,Staging Area,,Yes,,No Issue,1,0,,,,80,0,No Issue,
,OB Audit,B0UWL43S,Staging Area,,Yes,,No Issue,1,0,,,,138,0,No Issue,
,OB Audit,B0UWL46A,Staging Area,,Yes,,No Issue,1,0,,,,144,0,No Issue,
,OB Audit,B0UWL45G,Staging Area,,Yes,,No Issue,1,0,,,,105,0,No Issue,
,OB Audit,B0UWL42O,Staging Area,,Yes,,No Issue,1,0,,,,19,0,No Issue,
,OB Audit,B0UWL4LA,Staging Area,,Yes,,No Issue,1,0,,,,100,0,No Issue,
,OB Audit,B0UUOBLW,Staging Area,,Yes,,No Issue,1,0,,,,100,0,No Issue,
,OB Audit,B0UWL4FG,Staging Area,,Yes,,No Issue,1,0,,,,70,0,No Issue,
,OB Audit,B0UUOBNA,Staging Area,,Yes,,No Issue,1,0,,,,86,0,No Issue,
,OB Audit,B0UWL48I,Staging Area,,Yes,,No Issue,1,0,,,,142,0,No Issue,
,OB Audit,B0UUPXTQ,Staging Area,,Yes,,No Issue,1,0,,,,3,0,No Issue,
,OB Audit,B0UWP58S,Staging Area,,Yes,,No Issue,1,0,,,,2,0,No Issue,
,OB Audit,B0UWP4VQ,Staging Area,,Yes,,No Issue,1,0,,,,3,0,No Issue,
,OB Audit,B0UWL4RO,Staging Area,,Yes,,No Issue,1,0,,,,153,0,No Issue,
,OB Audit,B0UWL4EW,Staging Area,,Yes,,No Issue,1,0,,,,1,0,No Issue,
,OB Audit,B0UWP4WU,Staging Area,,Yes,,No Issue,1,0,,,,33,0,No Issue,
,OB Audit,B0UWP54W,Staging Area,,Yes,,No Issue,1,0,,,,49,0,No Issue,
,OB Audit,B0UWL4D8,Staging Area,,Yes,,No Issue,1,0,,,,35,0,No Issue,
,OB Audit,B0UUPXVE,Staging Area,,Yes,,No Issue,1,0,,,,80,0,No Issue,
,OB Audit,B0UVBZCO,Staging Area,,Yes,,No Issue,1,0,,,,56,0,No Issue,
,OB Audit,B0UUPXVY,Staging Area,,Yes,,No Issue,1,0,,,,90,0,No Issue,
,OB Audit,B0UWR6WQ,Staging Area,,Yes,,No Issue,1,0,,,,52,0,No Issue,
,OB Audit,B0UWL4AG,Staging Area,,Yes,,No Issue,1,0,,,,22,0,No Issue,
,OB Audit,B0UWL4DI,Staging Area,,Yes,,No Issue,1,0,,,,51,0,No Issue,
,OB Audit,B0UWL4QU,Staging Area,,Yes,,No Issue,1,0,,,,44,0,No Issue,
,OB Audit,B0UUOC3Y,Staging Area,,Yes,,No Issue,1,0,,,,73,0,No Issue,
,OB Audit,B0UWR6AS,Staging Area,,Yes,,No Issue,1,0,,,,21,0,No Issue,
,OB Audit,B0UWL4MO,Staging Area,,Yes,,No Issue,1,0,,,,25,0,No Issue,
,OB Audit,B0UWP4WA,Staging Area,,Yes,,No Issue,1,0,,,,88,0,No Issue,
,OB Audit,B0UWL4PG,Staging Area,,Yes,,No Issue,1,0,,,,63,0,No Issue,
,OB Audit,B0UWP57Y,Staging Area,,Yes,,No Issue,1,0,,,,10,0,No Issue,
,OB Audit,B0UWP56K,Staging Area,,Yes,,No Issue,1,0,,,,1,0,No Issue,
,OB Audit,B0UWP588,Staging Area,,Yes,,No Issue,1,0,,,,51,0,No Issue,
,OB Audit,B0UUOBD0,Staging Area,,Yes,,No Issue,1,0,,,,47,0,No Issue,
,OB Audit,B0UWP56U,Staging Area,,Yes,,No Issue,1,0,,,,46,0,No Issue,
,OB Audit,B0UUOBXA,Staging Area,,Yes,,No Issue,1,0,,,,32,0,No Issue,
,OB Audit,B0UUFQHU,Staging Area,,Yes,,No Issue,1,0,,,,57,0,No Issue,
,OB Audit,B0UWP51K,Staging Area,,Yes,,No Issue,1,0,,,,68,0,No Issue,
,OB Audit,B0UWL4K6,Staging Area,,Yes,,No Issue,1,0,,,,92,0,No Issue,
,OB Audit,B0UWP5II,Staging Area,,Yes,,No Issue,1,0,,,,6,0,No Issue,
,OB Audit,B0UWR71Q,Staging Area,,Yes,,No Issue,1,0,,,,4,0,No Issue,
,OB Audit,B0UUOB26,Staging Area,,Yes,,No Issue,1,0,,,,7,0,No Issue,
,OB Audit,B0UWP5G0,Staging Area,,Yes,,No Issue,1,0,,,,20,0,No Issue,
,OB Audit,B0UWP5HY,Staging Area,,Yes,,No Issue,1,0,,,,46,0,No Issue,
,OB Audit,B0UWP560,Staging Area,,Yes,,No Issue,1,0,,,,39,0,No Issue,
,OB Audit,B0UUPXUU,Staging Area,,Yes,,No Issue,1,0,,,,32,0,No Issue,
,OB Audit,B0UUPXUK,Staging Area,,Yes,,No Issue,1,0,,,,66,0,No Issue,
,OB Audit,B0UUOBFI,Staging Area,,Yes,,No Issue,1,0,,,,28,0,No Issue,
,OB Audit,B0UWP4ZM,Staging Area,,Yes,,No Issue,1,0,,,,10,0,No Issue,
,OB Audit,B0UWL4CE,Staging Area,,Yes,,No Issue,1,0,,,,23,0,No Issue,
,OB Audit,B0UWL4G0,Staging Area,,Yes,,No Issue,1,0,,,,39,0,No Issue,
,OB Audit,B0UWL4GU,Staging Area,,Yes,,No Issue,1,0,,,,41,0,No Issue,
,OB Audit,B0UVBZE2,Staging Area,,Yes,,No Issue,1,0,,,,2,0,No Issue,
,OB Audit,B0UUOBOE,Staging Area,,Yes,,No Issue,1,0,,,,33,0,No Issue,
,OB Audit,B0UWR6Z8,Staging Area,,Yes,,No Issue,1,0,,,,66,0,No Issue,
,OB Audit,B0UUOBZI,Staging Area,,Yes,,No Issue,1,0,,,,22,0,No Issue,
,OB Audit,B0UWL4OW,Staging Area,,Yes,,No Issue,1,0,,,,78,0,No Issue,
,OB Audit,B0UWL4EM,Staging Area,,Yes,,No Issue,1,0,,,,64,0,No Issue,
,OB Audit,B0UYE2LM,Staging Area,,Yes,,No Issue,1,0,,,,8,0,No Issue,
,OB Audit,B0UYAUP4,Staging Area,,Yes,,No Issue,1,0,,,,48,0,No Issue,
,OB Audit,B0UYE2MG,Staging Area,,Yes,,No Issue,1,0,,,,5,0,No Issue,
,OB Audit,B0UYE2MQ,Staging Area,,Yes,,No Issue,1,0,,,,6,0,No Issue,
,OB Audit,B0UYE2KS,Staging Area,,Yes,,No Issue,1,0,,,,5,0,No Issue,
,OB Audit,B0UYAUOA,Staging Area,,Yes,,No Issue,1,0,,,,40,0,No Issue,
,OB Audit,B0UYE2O4,Staging Area,,Yes,,No Issue,1,0,,,,8,0,No Issue,
,OB Audit,B0UYAUJ0,Staging Area,,Yes,,No Issue,1,0,,,,25,0,No Issue,
,OB Audit,B0UYAUHM,Staging Area,,Yes,,No Issue,1,0,,,,25,0,No Issue,
,OB Audit,B0UYE2OY,Staging Area,,Yes,,No Issue,1,0,,,,11,0,No Issue,
,OB Audit,B0UYE2OY,Staging Area,,Yes,,No Issue,1,0,,,,11,0,No Issue,
,OB Audit,B0UYAUJU,Staging Area,,Yes,,No Issue,1,0,,,,26,0,No Issue,
,OB Audit,B0UYE2VC,Staging Area,,Yes,,No Issue,1,0,,,,14,0,No Issue,
,OB Audit,B0UYAULS,Staging Area,,Yes,,No Issue,1,0,,,,26,0,No Issue,
,OB Audit,B0UYE2Q2,Staging Area,,Yes,,No Issue,1,0,,,,12,0,No Issue,
,OB Audit,B0UYE2VW,Staging Area,,Yes,,No Issue,1,0,,,,15,0,No Issue,
,OB Audit,B0UYAUO0,Staging Area,,Yes,,No Issue,1,0,,,,60,0,No Issue,
,OB Audit,B0UYE2TO,Staging Area,,Yes,,No Issue,1,0,,,,14,0,No Issue,
,OB Audit,B0UWR6LW,Staging Area,,Yes,,No Issue,1,0,,,,10,0,No Issue,
,OB Audit,B0UYE2R6,Staging Area,,Yes,,No Issue,1,0,,,,12,0,No Issue,
,OB Audit,B0UYE2L2,Staging Area,,Yes,,No Issue,1,0,,,,12,0,No Issue,
,OB Audit,B0UWR6M6,Staging Area,,Yes,,No Issue,1,0,,,,38,0,No Issue,
,OB Audit,B0UYE31G,Staging Area,,Yes,,No Issue,1,0,,,,18,0,No Issue,
,OB Audit,B0UYE2M6,Staging Area,,Yes,,No Issue,1,0,,,,7,0,No Issue,
,OB Audit,B0UYE2NA,Staging Area,,Yes,,No Issue,1,0,,,,16,0,No Issue,
,OB Audit,B0UYE2XK,Staging Area,,Yes,,No Issue,1,0,,,,19,0,No Issue,
,OB Audit,B0UYE2P8,Staging Area,,Yes,,No Issue,1,0,,,,7,0,No Issue,
,OB Audit,B0UYE2LC,Staging Area,,Yes,,No Issue,1,0,,,,10,0,No Issue,
,OB Audit,B0UYE32A,Staging Area,,Yes,,No Issue,1,0,,,,30,0,No Issue,
,OB Audit,B0UYE2PI,Staging Area,,Yes,,No Issue,1,0,,,,16,0,No Issue,
,OB Audit,B0UYE2XU,Staging Area,,Yes,,No Issue,1,0,,,,2,0,No Issue,
,OB Audit,B0UYE2YY,Staging Area,,Yes,,No Issue,1,0,,,,6,0,No Issue,
,OB Audit,B0UYE2XA,Staging Area,,Yes,,No Issue,1,0,,,,18,0,No Issue,
,OB Audit,B0UYE2ZS,Staging Area,,Yes,,No Issue,1,0,,,,31,0,No Issue,
,OB Audit,B0UYE302,Staging Area,,Yes,,No Issue,1,0,,,,19,0,No Issue,
,OB Audit,B0UYAUHC,Staging Area,,Yes,,No Issue,1,0,,,,52,0,No Issue,
,OB Audit,B0UYAUQI,Staging Area,,Yes,,No Issue,1,0,,,,42,0,No Issue,
,OB Audit,B0UYAUUE,Staging Area,,Yes,,No Issue,1,0,,,,16,0,No Issue,
,OB Audit,B0UYAUPE,Staging Area,,Yes,,No Issue,1,0,,,,14,0,No Issue,
,OB Audit,B0UYAUMM,Staging Area,,Yes,,No Issue,1,0,,,,2,0,No Issue,
,OB Audit,B0UYAUFO,Staging Area,,Yes,,No Issue,1,0,,,,23,0,No Issue,
,OB Audit,B0UYAUWM,Staging Area,,Yes,,No Issue,1,0,,,,9,0,No Issue,
,OB Audit,B0UWR6CQ,Staging Area,,Yes,,No Issue,1,0,,,,14,0,No Issue,
,OB Audit,B0UWR720,Staging Area,,Yes,,No Issue,1,0,,,,39,0,No Issue,
,OB Audit,B0UWR6XU,Staging Area,,Yes,,No Issue,1,0,,,,39,0,No Issue,
,OB Audit,B0UYAUWW,Staging Area,,Yes,,No Issue,1,0,,,,57,0,No Issue,
,OB Audit,B0UYAUIG,Staging Area,,Yes,,No Issue,1,0,,,,49,0,No Issue,
,OB Audit,B0UYAUU4,Staging Area,,Yes,,No Issue,1,0,,,,58,0,No Issue,
,OB Audit,B0UYAU6S,Staging Area,,Yes,,No Issue,1,0,,,,89,0,No Issue,
,OB Audit,B0UYAUJK,Staging Area,,Yes,,No Issue,1,0,,,,82,0,No Issue,
,OB Audit,B0UWR6ZS,Staging Area,,Yes,,No Issue,1,0,,,,52,0,No Issue,
,OB Audit,B0UYAU8G,Staging Area,,Yes,,No Issue,1,0,,,,84,0,No Issue,
,OB Audit,B0UYAU7M,Staging Area,,Yes,,No Issue,1,0,,,,65,0,No Issue,
,OB Audit,B0UWR6KI,Staging Area,,Yes,,No Issue,1,0,,,,67,0,No Issue,
,OB Audit,B0UYE36G,Staging Area,,Yes,,No Issue,1,0,,,,24,0,No Issue,
,OB Audit,B0UYAU9K,Staging Area,,Yes,,No Issue,1,0,,,,95,0,No Issue,
,OB Audit,B0UYAUIQ,Staging Area,,Yes,,No Issue,1,0,,,,27,0,No Issue,
,OB Audit,B0UYE2TY,Staging Area,,Yes,,No Issue,1,0,,,,92,0,No Issue,
,OB Audit,B0UWR6C6,Staging Area,,Yes,,No Issue,1,0,,,,51,0,No Issue,
,OB Audit,B0UYE38E,Staging Area,,Yes,,No Issue,1,0,,,,79,0,No Issue,
,OB Audit,B0UYAUBI,Staging Area,,Yes,,No Issue,1,0,,,,38,0,No Issue,
,OB Audit,B0UYE2QW,Staging Area,,Yes,,No Issue,1,0,,,,93,0,No Issue,
,OB Audit,B0UWP5CO,Staging Area,,Yes,,No Issue,1,0,,,,96,0,No Issue,
,OB Audit,B0UWP5GK,Staging Area,,Yes,,No Issue,1,0,,,,19,0,No Issue,
,OB Audit,B0UYAUKO,Staging Area,,Yes,,No Issue,1,0,,,,74,0,No Issue,
,OB Audit,B0UYAUI6,Staging Area,,Yes,,No Issue,1,0,,,,3,0,No Issue,
,OB Audit,B0UWP59M,Staging Area,,Yes,,No Issue,1,0,,,,106,0,No Issue,
,OB Audit,B0UWR6X0,Staging Area,,Yes,,No Issue,1,0,,,,105,0,No Issue,
,OB Audit,B0UYE39I,Staging Area,,Yes,,No Issue,1,0,,,,38,0,No Issue,
,OB Audit,B0UYAU5O,Staging Area,,Yes,,No Issue,1,0,,,,74,0,No Issue,
,OB Audit,B0UYE39S,Staging Area,,Yes,,No Issue,1,0,,,,15,0,No Issue,
,OB Audit,B0UWR6P8,Staging Area,,Yes,,No Issue,1,0,,,,14,0,No Issue,
,OB Audit,B0UYAUCM,Staging Area,,Yes,,No Issue,1,0,,,,26,0,No Issue,
,OB Audit,B0UYAUMC,Staging Area,,Yes,,No Issue,1,0,,,,12,0,No Issue,
,OB Audit,B0UYE35W,Staging Area,,Yes,,No Issue,1,0,,,,20,0,No Issue,
,OB Audit,B0UWP5F6,Staging Area,,Yes,,No Issue,1,0,,,,76,0,No Issue,
,OB Audit,B0UWR6VW,Staging Area,,Yes,,No Issue,1,0,,,,86,0,No Issue,
,OB Audit,B0UYAUHW,Staging Area,,Yes,,No Issue,1,0,,,,90,0,No Issue,
,OB Audit,B0UYAURC,Staging Area,,Yes,,No Issue,1,0,,,,1,0,No Issue,
,OB Audit,B0UYE3AC,Staging Area,,Yes,,No Issue,1,0,,,,50,0,No Issue,
,OB Audit,B0UYE2SK,Staging Area,,Yes,,No Issue,1,0,,,,147,0,No Issue,
,OB Audit,B0UWP5E2,Staging Area,,Yes,,No Issue,1,0,,,,44,0,No Issue,
,OB Audit,B0UYAUBS,Staging Area,,Yes,,No Issue,1,0,,,,54,0,No Issue,
,OB Audit,B0UWR6OE,Staging Area,,Yes,,No Issue,1,0,,,,66,0,No Issue,
,OB Audit,B0UYE36Q,Staging Area,,Yes,,No Issue,1,0,,,,40,0,No Issue,
,OB Audit,B0UYAU7W,Staging Area,,Yes,,No Issue,1,0,,,,83,0,No Issue,
,OB Audit,B0UYAU86,Staging Area,,Yes,,No Issue,1,0,,,,116,0,No Issue,
,OB Audit,B0UYAUGS,Staging Area,,Yes,,No Issue,1,0,,,,21,0,No Issue,
,OB Audit,B0UYE37U,Staging Area,,Yes,,No Issue,1,0,,,,45,0,No Issue,
,OB Audit,B0UYAU7C,Staging Area,,Yes,,No Issue,1,0,,,,125,0,No Issue,
,OB Audit,B0UYAUTA,Staging Area,,Yes,,No Issue,1,0,,,,35,0,No Issue,
,OB Audit,B0UYAUEK,Staging Area,,Yes,,No Issue,1,0,,,,128,0,No Issue,
,OB Audit,B0UYAUVS,Staging Area,,Yes,,No Issue,1,0,,,,51,0,No Issue,
,OB Audit,B0UWP5DI,Staging Area,,Yes,,Excess,1,1,,,,124,1,Excess,
,OB Audit,B0UYAUJA,Staging Area,,Yes,,No Issue,1,0,,,,87,0,No Issue,
,OB Audit,B0UYAUF4,Staging Area,,Yes,,No Issue,1,0,,,,3,0,No Issue,
,OB Audit,B0UYAUAE,Staging Area,,Yes,,No Issue,1,0,,,,78,0,No Issue,
,OB Audit,B0UYAUSG,Staging Area,,Yes,,No Issue,1,0,,,,35,0,No Issue,
,OB Audit,B0UYAUCW,Staging Area,,Yes,,No Issue,1,0,,,,190,0,No Issue,
,OB Audit,B0UYAUGI,Staging Area,,Yes,,No Issue,1,0,,,,60,0,No Issue,
,OB Audit,B0UYAUUO,Staging Area,,Yes,,No Issue,1,0,,,,19,0,No Issue,
,OB Audit,B0UYAUPO,Staging Area,,Yes,,No Issue,1,0,,,,42,0,No Issue,
,OB Audit,B0UWR6Y4,Staging Area,,Yes,,No Issue,1,0,,,,3,0,No Issue,
,OB Audit,B0UWR6YO,Staging Area,,Yes,,No Issue,1,0,,,,5,0,No Issue,
,OB Audit,B0UYE34I,Staging Area,,Yes,,No Issue,1,0,,,,53,0,No Issue,
,OB Audit,B0UYAUVI,Staging Area,,Yes,,No Issue,1,0,,,,5,0,No Issue,
,OB Audit,B0UYAU5Y,Staging Area,,Yes,,No Issue,1,0,,,,34,0,No Issue,
,OB Audit,B0UWP5IS,Staging Area,,Yes,,No Issue,1,0,,,,39,0,No Issue,
,OB Audit,B0UYAUFY,Staging Area,,Yes,,No Issue,1,0,,,,2,0,No Issue,
,OB Audit,B0UYAUV8,Staging Area,,Yes,,No Issue,1,0,,,,48,0,No Issue,
,OB Audit,B0UWR6B2,Staging Area,,Yes,,No Issue,1,0,,,,12,0,No Issue,
,OB Audit,B0UYAUR2,Staging Area,,Yes,,No Issue,1,0,,,,49,0,No Issue,
,OB Audit,B0UYAUQ8,Staging Area,,Yes,,No Issue,1,0,,,,50,0,No Issue,
,OB Audit,B0UYAUUY,Staging Area,,Yes,,No Issue,1,0,,,,61,0,No Issue,
,OB Audit,B0UYAUTK,Staging Area,,Yes,,No Issue,1,0,,,,22,0,No Issue,
,OB Audit,B0UWR6U8,Staging Area,,Yes,,No Issue,1,0,,,,9,0,No Issue,
,OB Audit,B0UYAUEA,Staging Area,,Yes,,No Issue,1,0,,,,52,0,No Issue,
,OB Audit,B0UYAU9U,Staging Area,,Yes,,No Issue,1,0,,,,50,0,No Issue,
,OB Audit,B0UWR6TE,Staging Area,,Yes,,No Issue,1,0,,,,32,0,No Issue,
,OB Audit,B0UYAURW,Staging Area,,Yes,,No Issue,1,0,,,,48,0,No Issue,
,OB Audit,B0UWR6SU,Staging Area,,Yes,,No Issue,1,0,,,,74,0,No Issue,
,OB Audit,B0UYE2Z8,Staging Area,,Yes,,No Issue,1,0,,,,53,0,No Issue,
,OB Audit,B0UYAU8Q,Staging Area,,Yes,,No Issue,1,0,,,,38,0,No Issue,
,OB Audit,B0UZSCCQ,Staging Area,,Yes,,No Issue,1,0,,,,1,0,No Issue,
,OB Audit,B0UZSCCG,Staging Area,,Yes,,No Issue,1,0,,,,1,0,No Issue,
,OB Audit,B0UZSCEY,Staging Area,,Yes,,No Issue,1,0,,,,3,0,No Issue,
,OB Audit,B0UYE37K,Staging Area,,Yes,,No Issue,1,0,,,,1,0,No Issue,
,OB Audit,B0UZNMSK,Staging Area,,Yes,,No Issue,1,0,,,,14,0,No Issue,
,OB Audit,B0UZNMVC,Staging Area,,Yes,,No Issue,1,0,,,,7,0,No Issue,
,OB Audit,B0UZNMYY,Staging Area,,Yes,,No Issue,1,0,,,,15,0,No Issue,
,OB Audit,B0UZNN1G,Staging Area,,Yes,,No Issue,1,0,,,,18,0,No Issue,
,OB Audit,B0UZNMNK,Staging Area,,Yes,,No Issue,1,0,,,,60,0,No Issue,
,OB Audit,B0UZNNAM,Staging Area,,Yes,,No Issue,1,0,,,,4,0,No Issue,
,OB Audit,B0UZNNDE,Staging Area,,Yes,,No Issue,1,0,,,,3,0,No Issue,
,OB Audit,B0UZN0A0,Staging Area,,Yes,,No Issue,1,0,,,,43,0,No Issue,
,OB Audit,B0UYE370,Staging Area,,Yes,,No Issue,1,0,,,,79,0,No Issue,
,OB Audit,B0UZN05U,Staging Area,,Yes,,No Issue,1,0,,,,30,0,No Issue,
,OB Audit,B0UZN0H8,Staging Area,,Yes,,No Issue,1,0,,,,95,0,No Issue,
,OB Audit,B0UZNNAW,Staging Area,,Yes,,No Issue,1,0,,,,4,0,No Issue,
,OB Audit,B0UZN0JG,Staging Area,,Yes,,No Issue,1,0,,,,24,0,No Issue,
,OB Audit,B0UZN0DC,Staging Area,,Yes,,No Issue,1,0,,,,22,0,No Issue,
,OB Audit,B0UZNMYO,Staging Area,,Yes,,No Issue,1,0,,,,15,0,No Issue,
,OB Audit,B0UYE30M,Staging Area,,Yes,,No Issue,1,0,,,,7,0,No Issue,
,OB Audit,B0UZNMWQ,Staging Area,,Yes,,No Issue,1,0,,,,4,0,No Issue,
,OB Audit,B0UZN0DM,Staging Area,,Yes,,No Issue,1,0,,,,4,0,No Issue,
,OB Audit,B0UZNMQM,Staging Area,,Yes,,No Issue,1,0,,,,24,0,No Issue,
,OB Audit,B0UZN0CS,Staging Area,,Yes,,No Issue,1,0,,,,139,0,No Issue,
,OB Audit,B0UZN09Q,Staging Area,,Yes,,No Issue,1,0,,,,96,0,No Issue,
,OB Audit,B0UZN05A,Staging Area,,Yes,,No Issue,1,0,,,,54,0,No Issue,
,OB Audit,B0UZSCQC,Staging Area,,Yes,,No Issue,1,0,,,,1,0,No Issue,
,OB Audit,B0UZNMTO,Staging Area,,Yes,,No Issue,1,0,,,,15,0,No Issue,
,OB Audit,B0UZN07S,Staging Area,,Yes,,No Issue,1,0,,,,26,0,No Issue,
,OB Audit,B0UZNMSU,Staging Area,,Yes,,No Issue,1,0,,,,9,0,No Issue,
,OB Audit,B0UZNMQW,Staging Area,,Yes,,No Issue,1,0,,,,26,0,No Issue,
,OB Audit,B0UZN082,Staging Area,,Yes,,No Issue,1,0,,,,56,0,No Issue,
,OB Audit,B0UZNNBG,Staging Area,,Yes,,No Issue,1,0,,,,23,0,No Issue,
,OB Audit,B0UZN0C8,Staging Area,,Yes,,No Issue,1,0,,,,25,0,No Issue,
,OB Audit,B0UZNNDO,Staging Area,,Yes,,No Issue,1,0,,,,15,0,No Issue,
,OB Audit,B0UZNMOO,Staging Area,,Yes,,No Issue,1,0,,,,54,0,No Issue,
,OB Audit,B0UZNNC0,Staging Area,,Yes,,No Issue,1,0,,,,13,0,No Issue,
,OB Audit,B0UZNNE8,Staging Area,,Yes,,No Issue,1,0,,,,12,0,No Issue,
,OB Audit,B0UZNMN0,Staging Area,,Yes,,No Issue,1,0,,,,83,0,No Issue,
,OB Audit,B0UZNN84,Staging Area,,Yes,,No Issue,1,0,,,,21,0,No Issue,
,OB Audit,B0UZNN4I,Staging Area,,Yes,,No Issue,1,0,,,,25,0,No Issue,
,OB Audit,B0UZNN70,Staging Area,,Yes,,No Issue,1,0,,,,31,0,No Issue,
,OB Audit,B0UZN0EQ,Staging Area,,Yes,,No Issue,1,0,,,,41,0,No Issue,
,OB Audit,B0UZNN7K,Staging Area,,Yes,,No Issue,1,0,,,,16,0,No Issue,
,OB Audit,B0UZNMNU,Staging Area,,Yes,,No Issue,1,0,,,,3,0,No Issue,
,OB Audit,B0UZNMOE,Staging Area,,Yes,,No Issue,1,0,,,,2,0,No Issue,
,OB Audit,B0UZN0GE,Staging Area,,Yes,,No Issue,1,0,,,,72,0,No Issue,
,OB Audit,B0UZNNBQ,Staging Area,,Yes,,No Issue,1,0,,,,17,0,No Issue,
,OB Audit,B0UZNMPS,Staging Area,,Yes,,No Issue,1,0,,,,2,0,No Issue,
,OB Audit,B0UZN0AU,Staging Area,,Yes,,No Issue,1,0,,,,54,0,No Issue,
,OB Audit,B0UZN0F0,Staging Area,,Yes,,No Issue,1,0,,,,48,0,No Issue,
,OB Audit,B0UZNN5C,Staging Area,,Yes,,No Issue,1,0,,,,12,0,No Issue,
,OB Audit,B0UYE31Q,Staging Area,,Yes,,No Issue,1,0,,,,22,0,No Issue,
,OB Audit,B0UZNN8Y,Staging Area,,Yes,,No Issue,1,0,,,,18,0,No Issue,
,OB Audit,B0UZNN9I,Staging Area,,Yes,,No Issue,1,0,,,,21,0,No Issue,
,OB Audit,B0UZN08W,Staging Area,,Yes,,No Issue,1,0,,,,44,0,No Issue,
,OB Audit,B0UZNMTE,Staging Area,,Yes,,No Issue,1,0,,,,27,0,No Issue,
,OB Audit,B0UZNN9S,Staging Area,,Yes,,No Issue,1,0,,,,13,0,No Issue,
,OB Audit,B0UZN0HS,Staging Area,,Yes,,No Issue,1,0,,,,78,0,No Issue,
,OB Audit,B0UZNN48,Staging Area,,Yes,,No Issue,1,0,,,,20,0,No Issue,
,OB Audit,B0UZNN3Y,Staging Area,,Yes,,No Issue,1,0,,,,15,0,No Issue,
,OB Audit,B0UYE2TE,Staging Area,,Yes,,No Issue,1,0,,,,103,0,No Issue,
,OB Audit,B0UZNN3O,Staging Area,,Yes,,No Issue,1,0,,,,5,0,No Issue,
,OB Audit,B0UZN0D2,Staging Area,,Yes,,No Issue,1,0,,,,94,0,No Issue,
,OB Audit,B0UZNN34,Staging Area,,Yes,,No Issue,1,0,,,,25,0,No Issue,
,OB Audit,B0UYE2S0,Staging Area,,Yes,,No Issue,1,0,,,,113,0,No Issue,
,OB Audit,B0UYE2RG,Staging Area,,Yes,,No Issue,1,0,,,,64,0,No Issue,
,OB Audit,B0UYE2ZI,Staging Area,,Yes,,Excess,1,1,,,,146,1,Excess,
,OB Audit,B0UYE33E,Staging Area,,Yes,,No Issue,1,0,,,,108,0,No Issue,
,OB Audit,B0UZNMT4,Staging Area,,Yes,,No Issue,1,0,,,,92,0,No Issue,
,OB Audit,B0UZN0BO,Staging Area,,Yes,,No Issue,1,0,,,,65,0,No Issue,
,OB Audit,B0UZN0DW,Staging Area,,Yes,,No Issue,1,0,,,,98,0,No Issue,
,OB Audit,B0UZN0EG,Staging Area,,Yes,,No Issue,1,0,,,,23,0,No Issue,
,OB Audit,B0UZN0AA,Staging Area,,Yes,,No Issue,1,0,,,,137,0,No Issue,
,OB Audit,B0UZN0BY,Staging Area,,Yes,,No Issue,1,0,,,,109,0,No Issue,
,OB Audit,B0UZN0BE,Staging Area,,Yes,,No Issue,1,0,,,,100,0,No Issue,
,OB Audit,B0UZN0GO,Staging Area,,Yes,,No Issue,1,0,,,,111,0,No Issue,
,OB Audit,B0UZNMV2,Staging Area,,Yes,,No Issue,1,0,,,,87,0,No Issue,
,OB Audit,B0UZN0B4,Staging Area,,Yes,,No Issue,1,0,,,,116,0,No Issue,
,OB Audit,B0UZN0AK,Staging Area,,Yes,,No Issue,1,0,,,,100,0,No Issue,
,OB Audit,B0UZN08C,Staging Area,,Yes,,No Issue,1,0,,,,151,0,No Issue,
,OB Audit,B0UYE2U8,Staging Area,,Yes,,No Issue,1,0,,,,139,0,No Issue,
,OB Audit,B0UZN09G,Staging Area,,Yes,,No Issue,1,0,,,,83,0,No Issue,
,OB Audit,B0UYE2UI,Staging Area,,Yes,,No Issue,1,0,,,,106,0,No Issue,
,OB Audit,B0UZSCUS,Staging Area,,Yes,,No Issue,1,0,,,,2,0,No Issue,
,OB Audit,B0UZNNCU,Staging Area,,Yes,,No Issue,1,0,,,,17,0,No Issue,
,OB Audit,B0UZN032,Staging Area,,Yes,,No Issue,1,0,,,,28,0,No Issue,
,OB Audit,B0UZN0IW,Staging Area,,Yes,,No Issue,1,0,,,,6,0,No Issue,
,OB Audit,B0UZSCS0,Staging Area,,Yes,,No Issue,1,0,,,,9,0,No Issue,
,OB Audit,B0UZN02I,Staging Area,,Yes,,No Issue,1,0,,,,1,0,No Issue,
,OB Audit,B0UYE2Y4,Staging Area,,Yes,,No Issue,1,0,,,,140,0,No Issue,
,OB Audit,B0UZSCV2,Staging Area,,Yes,,No Issue,1,0,,,,19,0,No Issue,
,OB Audit,B0UZN0FA,Staging Area,,Yes,,No Issue,1,0,,,,12,0,No Issue,
,OB Audit,B0UZSC76,Staging Area,,Yes,,No Issue,1,0,,,,64,0,No Issue,
,OB Audit,B0UZN096,Staging Area,,Yes,,No Issue,1,0,,,,141,0,No Issue,
,OB Audit,B0UZN014,Staging Area,,Yes,,No Issue,1,0,,,,14,0,No Issue,
,OB Audit,B0UZNMWG,Staging Area,,Yes,,No Issue,1,0,,,,45,0,No Issue,
,OB Audit,B0UZSCXU,Staging Area,,Yes,,No Issue,1,0,,,,4,0,No Issue,
,OB Audit,B0UZNMPI,Staging Area,,Yes,,No Issue,1,0,,,,41,0,No Issue,
,OB Audit,B0UZN0HI,Staging Area,,Yes,,No Issue,1,0,,,,101,0,No Issue,
,OB Audit,B0UZSC6W,Staging Area,,Yes,,No Issue,1,0,,,,25,0,No Issue,
,OB Audit,B0UZN0P0,Staging Area,,Yes,,No Issue,1,0,,,,14,0,No Issue,
,OB Audit,B0UZSC9Y,Staging Area,,Yes,,No Issue,1,0,,,,63,0,No Issue,
,OB Audit,B0UZN0FU,Staging Area,,Yes,,No Issue,1,0,,,,60,0,No Issue,
,OB Audit,B0UZSC7Q,Staging Area,,Yes,,No Issue,1,0,,,,28,0,No Issue,
,OB Audit,B0UZSCP8,Staging Area,,Yes,,No Issue,1,0,,,,40,0,No Issue,
,OB Audit,B0UZN0OQ,Staging Area,,Yes,,No Issue,1,0,,,,30,0,No Issue,
,OB Audit,B0UZN06E,Staging Area,,Yes,,No Issue,1,0,,,,19,0,No Issue,
,OB Audit,B0UZN0FK,Staging Area,,Yes,,No Issue,1,0,,,,40,0,No Issue,
,OB Audit,B0UZN078,Staging Area,,Yes,,No Issue,1,0,,,,49,0,No Issue,
,OB Audit,B0UZN064,Staging Area,,Yes,,No Issue,1,0,,,,37,0,No Issue,
,OB Audit,B0UZSCWQ,Staging Area,,Yes,,No Issue,1,0,,,,57,0,No Issue,
,OB Audit,B0UZN03W,Staging Area,,Yes,,No Issue,1,0,,,,48,0,No Issue,
,OB Audit,B0UYE2V2,Staging Area,,Yes,,No Issue,1,0,,,,11,0,No Issue,
,OB Audit,B0UZN0G4,Staging Area,,Yes,,No Issue,1,0,,,,53,0,No Issue,
,OB Audit,B0UZN0I2,Staging Area,,Yes,,No Issue,1,0,,,,15,0,No Issue,
,OB Audit,B0UYE2WQ,Staging Area,,Yes,,No Issue,1,0,,,,46,0,No Issue,
,OB Audit,B0UZSC9E,Staging Area,,Yes,,No Issue,1,0,,,,41,0,No Issue,
,OB Audit,B0UZNMNA,Staging Area,,Yes,,No Issue,1,0,,,,32,0,No Issue,
,OB Audit,B0UZNMX0,Staging Area,,Yes,,No Issue,1,0,,,,7,0,No Issue,
,OB Audit,B0UZNMW6,Staging Area,,Yes,,No Issue,1,0,,,,55,0,No Issue,
,OB Audit,B0UZN0CI,Staging Area,,Yes,,No Issue,1,0,,,,42,0,No Issue,
,OB Audit,B0UZSCC6,Staging Area,,Yes,,No Issue,1,0,,,,4,0,No Issue,
,OB Audit,B0UZNMXA,Staging Area,,Yes,,Excess,1,1,,,,33,1,Excess,
,OB Audit,B0UYE2X0,Staging Area,,Yes,,No Issue,1,0,,,,37,0,No Issue,
,OB Audit,B0UZNN0W,Staging Area,,Yes,,No Issue,1,0,,,,2,0,No Issue,
,OB Audit,B0UZSC7G,Staging Area,,Yes,,No Issue,1,0,,,,1,0,No Issue,
,OB Audit,B0UZN0E6,Staging Area,,Yes,,No Issue,1,0,,,,45,0,No Issue,
,OB Audit,B0UZSCRQ,Staging Area,,Yes,,No Issue,1,0,,,,2,0,No Issue,
,OB Audit,B0UZNMZI,Staging Area,,Yes,,No Issue,1,0,,,,5,0,No Issue,
,OB Audit,B0UZSC8K,Staging Area,,Yes,,No Issue,1,0,,,,64,0,No Issue,
,OB Audit,B0UYE2US,Staging Area,,Yes,,No Issue,1,0,,,,59,0,No Issue,
,OB Audit,B0UZN06Y,Staging Area,,Yes,,No Issue,1,0,,,,32,0,No Issue,
,OB Audit,B0UZSCB2,Staging Area,,Yes,,No Issue,1,0,,,,52,0,No Issue,
,OB Audit,B0UYE2VM,Staging Area,,Yes,,No Issue,1,0,,,,62,0,No Issue,
,OB Audit,B0UZNMZ8,Staging Area,,Yes,,No Issue,1,0,,,,3,0,No Issue,
,OB Audit,B0UZNMQC,Staging Area,,Yes,,No Issue,1,0,,,,24,0,No Issue,
,OB Audit,B0UZN06O,Staging Area,,Yes,,No Issue,1,0,,,,6,0,No Issue,
,OB Audit,B0UZNMVW,Staging Area,,Yes,,No Issue,1,0,,,,6,0,No Issue,
,OB Audit,B0UZSCTY,Staging Area,,Yes,,No Issue,1,0,,,,1,0,No Issue,
,OB Audit,B0UYE2YO,Staging Area,,Yes,,No Issue,1,0,,,,8,0,No Issue,
,OB Audit,B0UZN0SC,Staging Area,,Yes,,No Issue,1,0,,,,4,0,No Issue,
,OB Audit,B0UYE2W6,Staging Area,,Yes,,No Issue,1,0,,,,4,0,No Issue,
,OB Audit,B0UYE38O,Staging Area,,Yes,,No Issue,1,0,,,,30,0,No Issue,
,OB Audit,B0UZNN02,Staging Area,,Yes,,No Issue,1,0,,,,1,0,No Issue,
,OB Audit,B0UZN046,Staging Area,,Yes,,No Issue,1,0,,,,4,0,No Issue,
,OB Audit,B0UZNMQ2,Staging Area,,Yes,,No Issue,1,0,,,,69,0,No Issue,
,OB Audit,B0UZNMXK,Staging Area,,Yes,,Excess,1,1,,,,61,1,Excess,
,OB Audit,B0UZNMMQ,Staging Area,,Yes,,No Issue,1,0,,,,62,0,No Issue,
,OB Audit,B0UZNMP8,Staging Area,,Yes,,No Issue,1,0,,,,63,0,No Issue,
,OB Audit,B0UZNN2U,Staging Area,,Yes,,No Issue,1,0,,,,39,0,No Issue,
,OB Audit,B0UZNMOY,Staging Area,,Yes,,No Issue,1,0,,,,8,0,No Issue,
,OB Audit,B0UZN01O,Staging Area,,Yes,,No Issue,1,0,,,,62,0,No Issue,
,OB Audit,B0UYE3A2,Staging Area,,Yes,,No Issue,1,0,,,,75,0,No Issue,
,OB Audit,B0V49GN0,Staging Area,,Yes,,No Issue,1,0,,,,17,0,No Issue,
,OB Audit,B0V4CL8M,Staging Area,,Yes,,No Issue,1,0,,,,14,0,No Issue,
,OB Audit,B0V4CL8C,Staging Area,,Yes,,No Issue,1,0,,,,12,0,No Issue,
,OB Audit,B0V488AC,Staging Area,,Yes,,No Issue,1,0,,,,3,0,No Issue,
,OB Audit,B0V488DO,Staging Area,,Yes,,No Issue,1,0,,,,3,0,No Issue,
,OB Audit,B0V48820,Staging Area,,Yes,,No Issue,1,0,,,,2,0,No Issue,
,OB Audit,B0V488G6,Staging Area,,Yes,,No Issue,1,0,,,,17,0,No Issue,
,OB Audit,B0V4880W,Staging Area,,Yes,,No Issue,1,0,,,,2,0,No Issue,
,OB Audit,B0V4CL1O,Staging Area,,Yes,,No Issue,1,0,,,,4,0,No Issue,
,OB Audit,B0V488EI,Staging Area,,Yes,,No Issue,1,0,,,,12,0,No Issue,
,OB Audit,B0V4CLBE,Staging Area,,Yes,,No Issue,1,0,,,,3,0,No Issue,
,OB Audit,B0V488M0,Staging Area,,Yes,,No Issue,1,0,,,,3,0,No Issue,
,OB Audit,B0V488MK,Staging Area,,Yes,,No Issue,1,0,,,,3,0,No Issue,
,OB Audit,B0V488NE,Staging Area,,Yes,,No Issue,1,0,,,,21,0,No Issue,
,OB Audit,B0V48870,Staging Area,,Yes,,No Issue,1,0,,,,1,0,No Issue,
,OB Audit,B0V4887U,Staging Area,,Yes,,No Issue,1,0,,,,45,0,No Issue,
,OB Audit,B0V487Y4,Staging Area,,Yes,,No Issue,1,0,,,,9,0,No Issue,
,OB Audit,B0V488CK,Staging Area,,Yes,,No Issue,1,0,,,,9,0,No Issue,
,OB Audit,B0V49GFS,Staging Area,,Yes,,No Issue,1,0,,,,5,0,No Issue,
,OB Audit,B0V4CLAK,Staging Area,,Yes,,No Issue,1,0,,,,29,0,No Issue,
,OB Audit,B0V48848,Staging Area,,Yes,,No Issue,1,0,,,,12,0,No Issue,
,OB Audit,B0V48898,Staging Area,,Yes,,No Issue,1,0,,,,4,0,No Issue,
,OB Audit,B0V4883O,Staging Area,,Yes,,No Issue,1,0,,,,4,0,No Issue,
,OB Audit,B0V4CL1Y,Staging Area,,Yes,,No Issue,1,0,,,,21,0,No Issue,
,OB Audit,B0V487XU,Staging Area,,Yes,,No Issue,1,0,,,,11,0,No Issue,
,OB Audit,B0V488GG,Staging Area,,Yes,,No Issue,1,0,,,,25,0,No Issue,
,OB Audit,B0V4CL7I,Staging Area,,Yes,,No Issue,1,0,,,,19,0,No Issue,
,OB Audit,B0V48884,Staging Area,,Yes,,No Issue,1,0,,,,56,0,No Issue,
,OB Audit,B0V4881G,Staging Area,,Yes,,No Issue,1,0,,,,4,0,No Issue,
,OB Audit,B0V4CL3C,Staging Area,,Yes,,No Issue,1,0,,,,13,0,No Issue,
,OB Audit,B0V488HU,Staging Area,,Yes,,No Issue,1,0,,,,4,0,No Issue,
,OB Audit,B0V4CL96,Staging Area,,Yes,,No Issue,1,0,,,,8,0,No Issue,
,OB Audit,B0V4880M,Staging Area,,Yes,,No Issue,1,0,,,,44,0,No Issue,
,OB Audit,B0V4CKYM,Staging Area,,Yes,,No Issue,1,0,,,,35,0,No Issue,
,OB Audit,B0V49GNA,Staging Area,,Yes,,No Issue,1,0,,,,49,0,No Issue,
,OB Audit,B0V49GX0,Staging Area,,Yes,,No Issue,1,0,,,,64,0,No Issue,
,OB Audit,B0V488FM,Staging Area,,Yes,,No Issue,1,0,,,,27,0,No Issue,
,OB Audit,B0V488LG,Staging Area,,Yes,,No Issue,1,0,,,,44,0,No Issue,
,OB Audit,B0V488GQ,Staging Area,,Yes,,No Issue,1,0,,,,1,0,No Issue,
,OB Audit,B0V49GZI,Staging Area,,Yes,,No Issue,1,0,,,,3,0,No Issue,
,OB Audit,B0V4CLNM,Staging Area,,Yes,,No Issue,1,0,,,,5,0,No Issue,
,OB Audit,B0V4887A,Staging Area,,Yes,,No Issue,1,0,,,,104,0,No Issue,
,OB Audit,B0V4CLPU,Staging Area,,Yes,,No Issue,1,0,,,,55,0,No Issue,
,OB Audit,B0V4CLPK,Staging Area,,Yes,,No Issue,1,0,,,,143,0,No Issue,
,OB Audit,B0V49H34,Staging Area,,Yes,,No Issue,1,0,,,,100,0,No Issue,
,OB Audit,B0V49GW6,Staging Area,,Yes,,No Issue,1,0,,,,2,0,No Issue,
,OB Audit,B0V488MA,Staging Area,,Yes,,No Issue,1,0,,,,84,0,No Issue,
,OB Audit,B0V49GUS,Staging Area,,Yes,,No Issue,1,0,,,,17,0,No Issue,
,OB Audit,B0V49GGC,Staging Area,,Yes,,No Issue,1,0,,,,46,0,No Issue,
,OB Audit,B0V4CLMS,Staging Area,,Yes,,No Issue,1,0,,,,6,0,No Issue,
,OB Audit,B0V49GEO,Staging Area,,Yes,,No Issue,1,0,,,,28,0,No Issue,
,OB Audit,B0V4CL28,Staging Area,,Yes,,No Issue,1,0,,,,26,0,No Issue,
,OB Audit,B0V4CLM8,Staging Area,,Yes,,No Issue,1,0,,,,4,0,No Issue,
,OB Audit,B0V488HA,Staging Area,,Yes,,No Issue,1,0,,,,43,0,No Issue,
,OB Audit,B0V49GE4,Staging Area,,Yes,,No Issue,1,0,,,,18,0,No Issue,
,OB Audit,B0V49H1G,Staging Area,,Yes,,No Issue,1,0,,,,11,0,No Issue,
,OB Audit,B0V487XA,Staging Area,,Yes,,No Issue,1,0,,,,93,0,No Issue,
,OB Audit,B0V487YO,Staging Area,,Yes,,No Issue,1,0,,,,60,0,No Issue,
,OB Audit,B0V487YE,Staging Area,,Yes,,No Issue,1,0,,,,104,0,No Issue,
,OB Audit,B0V4CLPA,Staging Area,,Yes,,No Issue,1,0,,,,54,0,No Issue,
,OB Audit,B0V488FC,Staging Area,,Yes,,No Issue,1,0,,,,47,0,No Issue,
,OB Audit,B0V4CKZG,Staging Area,,Yes,,No Issue,1,0,,,,1,0,No Issue,
,OB Audit,B0V49GYE,Staging Area,,Yes,,No Issue,1,0,,,,20,0,No Issue,
,OB Audit,B0V4CLBO,Staging Area,,Yes,,No Issue,1,0,,,,9,0,No Issue,
,OB Audit,B0V488DE,Staging Area,,Yes,,No Issue,1,0,,,,1,0,No Issue,
,OB Audit,B0V488J8,Staging Area,,Yes,,No Issue,1,0,,,,86,0,No Issue,
,OB Audit,B0V4CLMI,Staging Area,,Yes,,No Issue,1,0,,,,27,0,No Issue,
,OB Audit,B0V488JI,Staging Area,,Yes,,No Issue,1,0,,,,40,0,No Issue,
,OB Audit,B0V49H20,Staging Area,,Yes,,No Issue,1,0,,,,9,0,No Issue,
,OB Audit,B0V488CA,Staging Area,,Yes,,No Issue,1,0,,,,4,0,No Issue,
,OB Audit,B0V488E8,Staging Area,,Yes,,No Issue,1,0,,,,35,0,No Issue,
,OB Audit,B0V4CLJG,Staging Area,,Yes,,No Issue,1,0,,,,15,0,No Issue,
,OB Audit,B0V4889S,Staging Area,,Yes,,No Issue,1,0,,,,7,0,No Issue,
,OB Audit,B0V4CLKU,Staging Area,,Yes,,No Issue,1,0,,,,14,0,No Issue,
,OB Audit,B0V487YY,Staging Area,,Yes,,No Issue,1,0,,,,114,0,No Issue,
,OB Audit,B0V4CLNC,Staging Area,,Yes,,No Issue,1,0,,,,18,0,No Issue,
,OB Audit,B0V487X0,Staging Area,,Yes,,No Issue,1,0,,,,84,0,No Issue,
,OB Audit,B0V49GP8,Staging Area,,Yes,,No Issue,1,0,,,,6,0,No Issue,
,OB Audit,B0V49H2U,Staging Area,,Yes,,No Issue,1,0,,,,45,0,No Issue,
,OB Audit,B0V49GTE,Staging Area,,Yes,,No Issue,1,0,,,,62,0,No Issue,
,OB Audit,B0V49H0W,Staging Area,,Yes,,No Issue,1,0,,,,24,0,No Issue,
,OB Audit,B0V49GNK,Staging Area,,Yes,,No Issue,1,0,,,,26,0,No Issue,
,OB Audit,B0V4CKZQ,Staging Area,,Yes,,No Issue,1,0,,,,26,0,No Issue,
,OB Audit,B0V1RFTK,Staging Area,,Yes,,No Issue,1,0,,,,38,0,No Issue,
,OB Audit,B0V49H02,Staging Area,,Yes,,No Issue,1,0,,,,20,0,No Issue,
,OB Audit,B0V4CLK0,Staging Area,,Yes,,No Issue,1,0,,,,38,0,No Issue,
,OB Audit,B0V49GEE,Staging Area,,Yes,,No Issue,1,0,,,,90,0,No Issue,
,OB Audit,B0V49GRG,Staging Area,,Yes,,No Issue,1,0,,,,43,0,No Issue,
,OB Audit,B0V49GQM,Staging Area,,Yes,,No Issue,1,0,,,,41,0,No Issue,
,OB Audit,B0V4CLNW,Staging Area,,Yes,,No Issue,1,0,,,,40,0,No Issue,
,OB Audit,B0V49H16,Staging Area,,Yes,,No Issue,1,0,,,,40,0,No Issue,
,OB Audit,B0V1RFQI,Staging Area,,Yes,,No Issue,1,0,,,,23,0,No Issue,
,OB Audit,B0V4CLFK,Staging Area,,Yes,,No Issue,1,0,,,,17,0,No Issue,
,OB Audit,B0V49GVW,Staging Area,,Yes,,No Issue,1,0,,,,56,0,No Issue,
,OB Audit,B0V49GZ8,Staging Area,,Yes,,No Issue,1,0,,,,36,0,No Issue,
,OB Audit,B0V488LQ,Staging Area,,Yes,,No Issue,1,0,,,,36,0,No Issue,
,OB Audit,B0V49GSU,Staging Area,,Yes,,No Issue,1,0,,,,17,0,No Issue,
,OB Audit,B0V49GCQ,Staging Area,,Yes,,No Issue,1,0,,,,1,0,No Issue,
,OB Audit,B0V4CLLE,Staging Area,,Yes,,No Issue,1,0,,,,2,0,No Issue,
,OB Audit,B0V1RFTA,Staging Area,,Yes,,No Issue,1,0,,,,10,0,No Issue,
,OB Audit,B0V1RFO0,Staging Area,,Yes,,No Issue,1,0,,,,1,0,No Issue,
,OB Audit,B0V49GOE,Staging Area,,Yes,,No Issue,1,0,,,,34,0,No Issue,
,OB Audit,B0V49GOY,Staging Area,,Yes,,No Issue,1,0,,,,1,0,No Issue,
,OB Audit,B0V49GS0,Staging Area,,Yes,,No Issue,1,0,,,,10,0,No Issue,
,OB Audit,B0V49GJY,Staging Area,,Yes,,No Issue,1,0,,,,41,0,No Issue,
,OB Audit,B0V4CLIM,Staging Area,,Yes,,No Issue,1,0,,,,2,0,No Issue,
,OB Audit,B0V49GIA,Staging Area,,Yes,,No Issue,1,0,,,,1,0,No Issue,
,OB Audit,B0V49GT4,Staging Area,,Yes,,No Issue,1,0,,,,1,0,No Issue,
,OB Audit,B0V4880C,Staging Area,,Yes,,No Issue,1,0,,,,98,0,No Issue,
,OB Audit,B0V49GSA,Staging Area,,Yes,,No Issue,1,0,,,,45,0,No Issue,
,OB Audit,B0V49GY4,Staging Area,,Yes,,No Issue,1,0,,,,1,0,No Issue,
,OB Audit,B0V49GHQ,Staging Area,,Yes,,No Issue,1,0,,,,13,0,No Issue,
,OB Audit,B0V49GEY,Staging Area,,Yes,,No Issue,1,0,,,,3,0,No Issue,
,OB Audit,B0V4CL6Y,Staging Area,,Yes,,No Issue,1,0,,,,1,0,No Issue,
,OB Audit,B0V49GJ4,Staging Area,,Yes,,No Issue,1,0,,,,2,0,No Issue,
,OB Audit,B0V49GDU,Staging Area,,Yes,,No Issue,1,0,,,,2,0,No Issue,
,OB Audit,B0V49GLC,Staging Area,,Yes,,No Issue,1,0,,,,22,0,No Issue,
,OB Audit,B0V487ZI,Staging Area,,Yes,,No Issue,1,0,,,,49,0,No Issue,
,OB Audit,B0V4CLQ4,Staging Area,,Yes,,No Issue,1,0,,,,66,0,No Issue,
,OB Audit,B0V4CL8W,Staging Area,,Yes,,No Issue,1,0,,,,1,0,No Issue,
,OB Audit,B0V49GPI,Staging Area,,Yes,,No Issue,1,0,,,,1,0,No Issue,
,OB Audit,B0V1RFT0,Staging Area,,Yes,,No Issue,1,0,,,,17,0,No Issue,
,OB Audit,B0V1RFRW,Staging Area,,Yes,,No Issue,1,0,,,,5,0,No Issue,
,OB Audit,B0V49H0M,Staging Area,,Yes,,No Issue,1,0,,,,14,0,No Issue,
,OB Audit,B0V1RFOU,Staging Area,,Yes,,No Issue,1,0,,,,4,0,No Issue,
,OB Audit,B0V1RFLI,Staging Area,,Yes,,No Issue,1,0,,,,42,0,No Issue,
,OB Audit,B0V488A2,Staging Area,,Yes,,No Issue,1,0,,,,99,0,No Issue,
,OB Audit,B0V4CLKA,Staging Area,,Yes,,No Issue,1,0,,,,31,0,No Issue,
,OB Audit,B0V1RFL8,Staging Area,,Yes,,No Issue,1,0,,,,14,0,No Issue,
,OB Audit,B0V488D4,Staging Area,,Yes,,No Issue,1,0,,,,10,0,No Issue,
,OB Audit,B0V49GYY,Staging Area,,Yes,,No Issue,1,0,,,,36,0,No Issue,
,OB Audit,B0V1RFQ8,Staging Area,,Yes,,No Issue,1,0,,,,37,0,No Issue,
,OB Audit,B0V49GSK,Staging Area,,Yes,,No Issue,1,0,,,,72,0,No Issue,
,OB Audit,B0V49GI0,Staging Area,,Yes,,No Issue,1,0,,,,14,0,No Issue,
,OB Audit,B0V4CLCI,Staging Area,,Yes,,No Issue,1,0,,,,23,0,No Issue,
,OB Audit,B0V49GIK,Staging Area,,Yes,,No Issue,1,0,,,,32,0,No Issue,
,OB Audit,B0V4CLBY,Staging Area,,Yes,,No Issue,1,0,,,,41,0,No Issue,
,OB Audit,B0V4CL6O,Staging Area,,Yes,,No Issue,1,0,,,,37,0,No Issue,
,OB Audit,B0V49GHG,Staging Area,,Yes,,No Issue,1,0,,,,40,0,No Issue,
,OB Audit,B0V49GXA,Staging Area,,Yes,,No Issue,1,0,,,,16,0,No Issue,
,OB Audit,B0V49GDK,Staging Area,,Yes,,No Issue,1,0,,,,126,0,No Issue,
,OB Audit,B0V49GCG,Staging Area,,Yes,,No Issue,1,0,,,,28,0,No Issue,
,OB Audit,B0V49H3E,Staging Area,,Yes,,No Issue,1,0,,,,53,0,No Issue,
,OB Audit,B0V49GKI,Staging Area,,Yes,,No Issue,1,0,,,,43,0,No Issue,
,OB Audit,B0V4882A,Staging Area,,Yes,,No Issue,1,0,,,,49,0,No Issue,
,OB Audit,B0V49GXU,Staging Area,,Yes,,No Issue,1,0,,,,49,0,No Issue,
,OB Audit,B0V49GYO,Staging Area,,Yes,,No Issue,1,0,,,,50,0,No Issue,
,OB Audit,B0V49GOO,Staging Area,,Yes,,No Issue,1,0,,,,43,0,No Issue,
,OB Audit,B0V65YQQ,Staging Area,,Yes,,No Issue,1,0,,,,2,0,No Issue,
,OB Audit,B0V65YPW,Staging Area,,Yes,,No Issue,1,0,,,,6,0,No Issue,
,OB Audit,B0V65YPC,Staging Area,,Yes,,No Issue,1,0,,,,5,0,No Issue,
,OB Audit,B0V65YMU,Staging Area,,Yes,,No Issue,1,0,,,,9,0,No Issue,
,OB Audit,B0V65YOI,Staging Area,,Yes,,No Issue,1,0,,,,4,0,No Issue,
,OB Audit,B0V65YSY,Staging Area,,Yes,,No Issue,1,0,,,,4,0,No Issue,
,OB Audit,B0V65YSE,Staging Area,,Yes,,No Issue,1,0,,,,1,0,No Issue,
,OB Audit,B0V65YNE,Staging Area,,Yes,,No Issue,1,0,,,,7,0,No Issue,
,OB Audit,B0V65YO8,Staging Area,,Yes,,No Issue,1,0,,,,5,0,No Issue,
,OB Audit,B0V65YS4,Staging Area,,Yes,,No Issue,1,0,,,,1,0,No Issue,
,OB Audit,B0V65YRU,Staging Area,,Yes,,No Issue,1,0,,,,1,0,No Issue,
,OB Audit,B0V65YRA,Staging Area,,Yes,,No Issue,1,0,,,,1,0,No Issue,
,OB Audit,B0V65YNO,Staging Area,,Yes,,No Issue,1,0,,,,6,0,No Issue,
,OB Audit,B0V65YUM,Staging Area,,Yes,,No Issue,1,0,,,,1,0,No Issue,
,OB Audit,B0V65YU2,Staging Area,,Yes,,No Issue,1,0,,,,3,0,No Issue,
,OB Audit,B0V65YTI,Staging Area,,Yes,,No Issue,1,0,,,,1,0,No Issue,
,OB Audit,B0V65Z6K,Staging Area,,Yes,,No Issue,1,0,,,,7,0,No Issue,
,OB Audit,B0V65Z60,Staging Area,,Yes,,No Issue,1,0,,,,2,0,No Issue,
,OB Audit,B0V635B2,Staging Area,,Yes,,No Issue,1,0,,,,2,0,No Issue,
,OB Audit,B0V6358K,Staging Area,,Yes,,No Issue,1,0,,,,3,0,No Issue,
,OB Audit,B0V634Y0,Staging Area,,Yes,,No Issue,1,0,,,,10,0,No Issue,
,OB Audit,B0V6354O,Staging Area,,Yes,,No Issue,1,0,,,,7,0,No Issue,
,OB Audit,B0V635DU,Staging Area,,Yes,,No Issue,1,0,,,,5,0,No Issue,
,OB Audit,B0V634WW,Staging Area,,Yes,,No Issue,1,0,,,,11,0,No Issue,
,OB Audit,B0V63580,Staging Area,,Yes,,No Issue,1,0,,,,3,0,No Issue,
,OB Audit,B0V6359O,Staging Area,,Yes,,No Issue,1,0,,,,6,0,No Issue,
,OB Audit,B0V65Z5Q,Staging Area,,Yes,,No Issue,1,0,,,,1,0,No Issue,
,OB Audit,B0V65Z5G,Staging Area,,Yes,,No Issue,1,0,,,,1,0,No Issue,
,OB Audit,B0V65Z3I,Staging Area,,Yes,,No Issue,1,0,,,,16,0,No Issue,
,OB Audit,B0V634BI,Staging Area,,Yes,,No Issue,1,0,,,,23,0,No Issue,
,OB Audit,B0V6354E,Staging Area,,Yes,,No Issue,1,0,,,,5,0,No Issue,
,OB Audit,B0V635YY,Staging Area,,Yes,,No Issue,1,0,,,,4,0,No Issue,
,OB Audit,B0V635Y4,Staging Area,,Yes,,No Issue,1,0,,,,8,0,No Issue,
,OB Audit,B0V6355I,Staging Area,,Yes,,No Issue,1,0,,,,10,0,No Issue,
,OB Audit,B0V635PS,Staging Area,,Yes,,No Issue,1,0,,,,15,0,No Issue,
,OB Audit,B0V6353U,Staging Area,,Yes,,No Issue,1,0,,,,35,0,No Issue,
,OB Audit,B0V635EE,Staging Area,,Yes,,No Issue,1,0,,,,2,0,No Issue,
,OB Audit,B0V488IY,Staging Area,,Yes,,No Issue,1,0,,,,1,0,No Issue,
,OB Audit,B0V6356W,Staging Area,,Yes,,No Issue,1,0,,,,2,0,No Issue,
,OB Audit,B0V634FO,Staging Area,,Yes,,No Issue,1,0,,,,4,0,No Issue,
,OB Audit,B0V634S6,Staging Area,,Yes,,No Issue,1,0,,,,4,0,No Issue,
,OB Audit,B0V634TU,Staging Area,,Yes,,No Issue,1,0,,,,1,0,No Issue,
,OB Audit,B0V634EK,Staging Area,,Yes,,No Issue,1,0,,,,1,0,No Issue,
,OB Audit,B0V635C6,Staging Area,,Yes,,No Issue,1,0,,,,31,0,No Issue,
,OB Audit,B0V6942G,Staging Area,,Yes,,No Issue,1,0,,,,30,0,No Issue,
,OB Audit,B0V635CQ,Staging Area,,Yes,,No Issue,1,0,,,,8,0,No Issue,
,OB Audit,B0V6351C,Staging Area,,Yes,,No Issue,1,0,,,,12,0,No Issue,
,OB Audit,B0V635DA,Staging Area,,Yes,,No Issue,1,0,,,,7,0,No Issue,
,OB Audit,B0V635TY,Staging Area,,Yes,,No Issue,1,0,,,,30,0,No Issue,
,OB Audit,B0V6352G,Staging Area,,Yes,,No Issue,1,0,,,,56,0,No Issue,
,OB Audit,B0V634UY,Staging Area,,Yes,,No Issue,1,0,,,,1,0,No Issue,
,OB Audit,B0V634ZY,Staging Area,,Yes,,No Issue,1,0,,,,1,0,No Issue,
,OB Audit,B0V634QS,Staging Area,,Yes,,No Issue,1,0,,,,20,0,No Issue,
,OB Audit,B0V634T0,Staging Area,,Yes,,No Issue,1,0,,,,3,0,No Issue,
,OB Audit,B0V634W2,Staging Area,,Yes,,No Issue,1,0,,,,3,0,No Issue,
,OB Audit,B0V634ZE,Staging Area,,Yes,,No Issue,1,0,,,,5,0,No Issue,
,OB Audit,B0V634PY,Staging Area,,Yes,,No Issue,1,0,,,,13,0,No Issue,
,OB Audit,B0V634EU,Staging Area,,Yes,,No Issue,1,0,,,,3,0,No Issue,
,OB Audit,B0V6FJOS,Staging Area,,Yes,,No Issue,1,0,,,,4,0,No Issue,
,OB Audit,B0V4CL50,Staging Area,,Yes,,No Issue,1,0,,,,5,0,No Issue,
,OB Audit,B0V1MJLY,Staging Area,,Yes,,No Issue,1,0,,,,19,0,No Issue,
,OB Audit,B0V636OI,Staging Area,,Yes,,No Issue,1,0,,,,58,0,No Issue,
,OB Audit,B0V63648,Staging Area,,Yes,,No Issue,1,0,,,,1,0,No Issue,
,OB Audit,B0V634E0,Staging Area,,Yes,,No Issue,1,0,,,,23,0,No Issue,
,OB Audit,B0V4CLEG,Staging Area,,Yes,,No Issue,1,0,,,,51,0,No Issue,
,OB Audit,B0V4CLH8,Staging Area,,Yes,,No Issue,1,0,,,,31,0,No Issue,
,OB Audit,B0V635BM,Staging Area,,Yes,,No Issue,1,0,,,,1,0,No Issue,
,OB Audit,B0V634BS,Staging Area,,Yes,,No Issue,1,0,,,,33,0,No Issue,
,OB Audit,B0V4CLFU,Staging Area,,Yes,,No Issue,1,0,,,,94,0,No Issue,
,OB Audit,B0V635XK,Staging Area,,Yes,,No Issue,1,0,,,,6,0,No Issue,
,OB Audit,B0V635W6,Staging Area,,Yes,,No Issue,1,0,,,,8,0,No Issue,
,OB Audit,B0V4CL0A,Staging Area,,Yes,,No Issue,1,0,,,,16,0,No Issue,
,OB Audit,B0V4CL78,Staging Area,,Yes,,No Issue,1,0,,,,15,0,No Issue,
,OB Audit,B0V636PM,Staging Area,,Yes,,No Issue,1,0,,,,55,0,No Issue,
,OB Audit,B0V4CKZ6,Staging Area,,Yes,,No Issue,1,0,,,,56,0,No Issue,
,OB Audit,B0V4CLGE,Staging Area,,Yes,,No Issue,1,0,,,,15,0,No Issue,
,OB Audit,B0V4CL5A,Staging Area,,Yes,,No Issue,1,0,,,,3,0,No Issue,
,OB Audit,B0V4CL1E,Staging Area,,Yes,,No Issue,1,0,,,,107,0,No Issue,
,OB Audit,B0V635YO,Staging Area,,Yes,,No Issue,1,0,,,,109,0,No Issue,
,OB Audit,B0V1MJO6,Staging Area,,Yes,,No Issue,1,0,,,,94,0,No Issue,
,OB Audit,B0V1MJKU,Staging Area,,Yes,,No Issue,1,0,,,,73,0,No Issue,
,OB Audit,B0V6360W,Staging Area,,Yes,,No Issue,1,0,,,,20,0,No Issue,
,OB Audit,B0V635XU,Staging Area,,Yes,,No Issue,1,0,,,,3,0,No Issue,
,OB Audit,B0V4CLF0,Staging Area,,Yes,,No Issue,1,0,,,,86,0,No Issue,
,OB Audit,B0V634DG,Staging Area,,Yes,,No Issue,1,0,,,,85,0,No Issue,
,OB Audit,B0V4CL0K,Staging Area,,Yes,,No Issue,1,0,,,,86,0,No Issue,
,OB Audit,B0V6360C,Staging Area,,Yes,,No Issue,1,0,,,,94,0,No Issue,
,OB Audit,B0V6361G,Staging Area,,Yes,,No Issue,1,0,,,,5,0,No Issue,
,OB Audit,B0V63620,Staging Area,,Yes,,No Issue,1,0,,,,1,0,No Issue,
,OB Audit,B0V4CKYW,Staging Area,,Yes,,No Issue,1,0,,,,105,0,No Issue,
,OB Audit,B0V7SMTG,Staging Area,,Yes,,No Issue,1,0,,,,11,0,No Issue,
,OB Audit,B0V7SMT6,Staging Area,,Yes,,No Issue,1,0,,,,10,0,No Issue,
,OB Audit,B0V7SNKO,Staging Area,,Yes,,No Issue,1,0,,,,13,0,No Issue,
,OB Audit,B0V7SNJK,Staging Area,,Yes,,No Issue,1,0,,,,14,0,No Issue,
,OB Audit,B0V7SNK4,Staging Area,,Yes,,No Issue,1,0,,,,14,0,No Issue,
,OB Audit,B0V7SNIQ,Staging Area,,Yes,,No Issue,1,0,,,,17,0,No Issue,
,OB Audit,B0V7SNI6,Staging Area,,Yes,,No Issue,1,0,,,,8,0,No Issue,
,OB Audit,B0V7SNBS,Staging Area,,Yes,,No Issue,1,0,,,,12,0,No Issue,
,OB Audit,B0V80I4W,Staging Area,,Yes,,No Issue,1,0,,,,2,0,No Issue,
,OB Audit,B0V80HKC,Staging Area,,Yes,,No Issue,1,0,,,,1,0,No Issue,
,OB Audit,B0V7SNIG,Staging Area,,Yes,,No Issue,1,0,,,,15,0,No Issue,
,OB Audit,B0V80HQQ,Staging Area,,Yes,,No Issue,1,0,,,,1,0,No Issue,
,OB Audit,B0V80I4M,Staging Area,,Yes,,No Issue,1,0,,,,2,0,No Issue,
,OB Audit,B0V7SNCM,Staging Area,,Yes,,No Issue,1,0,,,,19,0,No Issue,
,OB Audit,B0V80HMU,Staging Area,,Yes,,No Issue,1,0,,,,3,0,No Issue,
,OB Audit,B0V80HN4,Staging Area,,Yes,,No Issue,1,0,,,,5,0,No Issue,
,OB Audit,B0V80HFM,Staging Area,,Yes,,No Issue,1,0,,,,1,0,No Issue,
,OB Audit,B0V80HGQ,Staging Area,,Yes,,No Issue,1,0,,,,20,0,No Issue,
,OB Audit,B0V80HFC,Staging Area,,Yes,,No Issue,1,0,,,,11,0,No Issue,
,OB Audit,B0V80HEI,Staging Area,,Yes,,No Issue,1,0,,,,16,0,No Issue,
,OB Audit,B0V80HE8,Staging Area,,Yes,,No Issue,1,0,,,,1,0,No Issue,
,OB Audit,B0V80HH0,Staging Area,,Yes,,No Issue,1,0,,,,19,0,No Issue,
,OB Audit,B0V80HLG,Staging Area,,Yes,,No Issue,1,0,,,,9,0,No Issue,
,OB Audit,B0V80HLQ,Staging Area,,Yes,,No Issue,1,0,,,,9,0,No Issue,
,OB Audit,B0V80HL6,Staging Area,,Yes,,No Issue,1,0,,,,10,0,No Issue,
,OB Audit,B0V80HHK,Staging Area,,Yes,,No Issue,1,0,,,,25,0,No Issue,
,OB Audit,B0V80HGG,Staging Area,,Yes,,No Issue,1,0,,,,3,0,No Issue,
,OB Audit,B0V65YXE,Staging Area,,Yes,,No Issue,1,0,,,,19,0,No Issue,
,OB Audit,B0V7SNDG,Staging Area,,Yes,,No Issue,1,0,,,,21,0,No Issue,
,OB Audit,B0V7SNC2,Staging Area,,Yes,,No Issue,1,0,,,,25,0,No Issue,
,OB Audit,B0V7SMZK,Staging Area,,Yes,,No Issue,1,0,,,,1,0,No Issue,
,OB Audit,B0V7SMXC,Staging Area,,Yes,,No Issue,1,0,,,,1,0,No Issue,
,OB Audit,B0V7SN7M,Staging Area,,Yes,,No Issue,1,0,,,,5,0,No Issue,
,OB Audit,B0V7SN7C,Staging Area,,Yes,,No Issue,1,0,,,,2,0,No Issue,
,OB Audit,B0V80HFW,Staging Area,,Yes,,No Issue,1,0,,,,43,0,No Issue,
,OB Audit,B0V7SN8G,Staging Area,,Yes,,No Issue,1,0,,,,7,0,No Issue,
,OB Audit,B0V7SN4U,Staging Area,,Yes,,No Issue,1,0,,,,14,0,No Issue,
,OB Audit,B0V7SMTQ,Staging Area,,Yes,,No Issue,1,0,,,,35,0,No Issue,
,OB Audit,B0V7SN04,Staging Area,,Yes,,No Issue,1,0,,,,21,0,No Issue,
,OB Audit,B0V65YXO,Staging Area,,Yes,,No Issue,1,0,,,,12,0,No Issue,
,OB Audit,B0V7SMZU,Staging Area,,Yes,,No Issue,1,0,,,,44,0,No Issue,
,OB Audit,B0V7SND6,Staging Area,,Yes,,No Issue,1,0,,,,12,0,No Issue,
,OB Audit,B0V7SNHC,Staging Area,,Yes,,No Issue,1,0,,,,24,0,No Issue,
,OB Audit,B0V7SMUK,Staging Area,,Yes,,No Issue,1,0,,,,1,0,No Issue,
,OB Audit,B0V7SMZA,Staging Area,,Yes,,No Issue,1,0,,,,1,0,No Issue,
,OB Audit,B0V7SMUA,Staging Area,,Yes,,No Issue,1,0,,,,66,0,No Issue,
,OB Audit,B0V7SMZA,Staging Area,,Yes,,No Issue,1,0,,,,1,0,No Issue,
,OB Audit,B0V7SMXW,Staging Area,,Yes,,No Issue,1,0,,,,2,0,No Issue,
,OB Audit,B0V7SNHM,Staging Area,,Yes,,No Issue,1,0,,,,3,0,No Issue,
,OB Audit,B0V7SN9A,Staging Area,,Yes,,No Issue,1,0,,,,12,0,No Issue,
,OB Audit,B0V7SNJU,Staging Area,,Yes,,No Issue,1,0,,,,103,0,No Issue,
,OB Audit,B0V7SMZ0,Staging Area,,Yes,,No Issue,1,0,,,,59,0,No Issue,
,OB Audit,B0V7SNEA,Staging Area,,Yes,,No Issue,1,0,,,,59,0,No Issue,
,OB Audit,B0V88O4S,Staging Area,,Yes,,No Issue,1,0,,,,1,0,No Issue,
,OB Audit,B0V7SMVE,Staging Area,,Yes,,No Issue,1,0,,,,13,0,No Issue,
,OB Audit,B0V88O5C,Staging Area,,Yes,,No Issue,1,0,,,,3,0,No Issue,
,OB Audit,B0V7SN3G,Staging Area,,Yes,,No Issue,1,0,,,,36,0,No Issue,
,OB Audit,B0V7SN4A,Staging Area,,Yes,,No Issue,1,0,,,,68,0,No Issue,
,OB Audit,B0V7SN22,Staging Area,,Yes,,No Issue,1,0,,,,19,0,No Issue,
,OB Audit,B0V7SN6S,Staging Area,,Yes,,No Issue,1,0,,,,87,0,No Issue,
,OB Audit,B0V7SNGI,Staging Area,,Yes,,No Issue,1,0,,,,73,0,No Issue,
,OB Audit,B0V7SNKE,Staging Area,,Yes,,No Issue,1,0,,,,72,0,No Issue,
,OB Audit,B0V7SNAY,Staging Area,,Yes,,No Issue,1,0,,,,83,0,No Issue,
,OB Audit,B0V7SN5Y,Staging Area,,Yes,,No Issue,1,0,,,,36,0,No Issue,
,OB Audit,B0V7SN9U,Staging Area,,Yes,,No Issue,1,0,,,,34,0,No Issue,
,OB Audit,B0V7SN86,Staging Area,,Yes,,No Issue,1,0,,,,88,0,No Issue,
,OB Audit,B0V7SNCW,Staging Area,,Yes,,No Issue,1,0,,,,81,0,No Issue,
,OB Audit,B0V7SNB8,Staging Area,,Yes,,No Issue,1,0,,,,68,0,No Issue,
,OB Audit,B0V7SN8Q,Staging Area,,Yes,,No Issue,1,0,,,,100,0,No Issue,
,OB Audit,B0V7SN90,Staging Area,,Yes,,No Issue,1,0,,,,39,0,No Issue,
,OB Audit,B0V65YX4,Staging Area,,Yes,,No Issue,1,0,,,,52,0,No Issue,
,OB Audit,B0V7SNG8,Staging Area,,Yes,,No Issue,1,0,,,,41,0,No Issue,
,OB Audit,B0V80I3I,Staging Area,,Yes,,No Issue,1,0,,,,65,0,No Issue,
,OB Audit,B0V7SNJ0,Staging Area,,Yes,,No Issue,1,0,,,,87,0,No Issue,
,OB Audit,B0V7SN6I,Staging Area,,Yes,,No Issue,1,0,,,,99,0,No Issue,
,OB Audit,B0V88O48,Staging Area,,Yes,,No Issue,1,0,,,,27,0,No Issue,
,OB Audit,B0V80HXY,Staging Area,,Yes,,No Issue,1,0,,,,9,0,No Issue,
,OB Audit,B0V7SN54,Staging Area,,Yes,,No Issue,1,0,,,,6,0,No Issue,
,OB Audit,B0V88O66,Staging Area,,Yes,,No Issue,1,0,,,,20,0,No Issue,
,OB Audit,B0V7SN9K,Staging Area,,Yes,,No Issue,1,0,,,,17,0,No Issue,
,OB Audit,B0V88O2U,Staging Area,,Yes,,No Issue,1,0,,,,42,0,No Issue,
,OB Audit,B0V88NWG,Staging Area,,Yes,,No Issue,1,0,,,,34,0,No Issue,
,OB Audit,B0V88O6Q,Staging Area,,Yes,,No Issue,1,0,,,,1,0,No Issue,
,OB Audit,B0V7SN9K,Staging Area,,Yes,,No Issue,1,0,,,,17,0,No Issue,
,OB Audit,B0V88OI4,Staging Area,,Yes,,No Issue,1,0,,,,1,0,No Issue,
,OB Audit,B0V88O3O,Staging Area,,Yes,,No Issue,1,0,,,,39,0,No Issue,
,OB Audit,B0V88O4I,Staging Area,,Yes,,No Issue,1,0,,,,4,0,No Issue,
,OB Audit,B0V80HXE,Staging Area,,Yes,,No Issue,1,0,,,,24,0,No Issue,
,OB Audit,B0V88O3E,Staging Area,,Yes,,No Issue,1,0,,,,9,0,No Issue,
,OB Audit,B0V88OKM,Staging Area,,Yes,,No Issue,1,0,,,,9,0,No Issue,
,OB Audit,B0V88O34,Staging Area,,Yes,,No Issue,1,0,,,,42,0,No Issue,
,OB Audit,B0V88O3Y,Staging Area,,Yes,,No Issue,1,0,,,,13,0,No Issue,
,OB Audit,B0V88OJS,Staging Area,,Yes,,No Issue,1,0,,,,23,0,No Issue,
,OB Audit,B0V88OBG,Staging Area,,Yes,,No Issue,1,0,,,,47,0,No Issue,
,OB Audit,B0V80I06,Staging Area,,Yes,,No Issue,1,0,,,,59,0,No Issue,
,OB Audit,B0V80I1A,Staging Area,,Yes,,No Issue,1,0,,,,69,0,No Issue,
,OB Audit,B0V80HIE,Staging Area,,Yes,,No Issue,1,0,,,,35,0,No Issue,
,OB Audit,B0V88O8E,Staging Area,,Yes,,No Issue,1,0,,,,41,0,No Issue,
,OB Audit,B0V88O52,Staging Area,,Yes,,No Issue,1,0,,,,77,0,No Issue,
,OB Audit,B0V80I10,Staging Area,,Yes,,Misshipment,1,1,,,,56,13,Misshipment,
,OB Audit,B0V80HKW,Staging Area,,Yes,,No Issue,1,0,,,,69,0,No Issue,
,OB Audit,B0V7SMVY,Staging Area,,Yes,,No Issue,1,0,,,,72,0,No Issue,
,OB Audit,B0V7SNFY,Staging Area,,Yes,,No Issue,1,0,,,,52,0,No Issue,
,OB Audit,B0V80HZM,Staging Area,,Yes,,No Issue,1,0,,,,16,0,No Issue,
,OB Audit,B0V88OKC,Staging Area,,Yes,,No Issue,1,0,,,,59,0,No Issue,
,OB Audit,B0V88OGG,Staging Area,,Yes,,No Issue,1,0,,,,1,0,No Issue,
,OB Audit,B0V88ODE,Staging Area,,Yes,,No Issue,1,0,,,,58,0,No Issue,
,OB Audit,B0V80HVG,Staging Area,,Yes,,No Issue,1,0,,,,47,0,No Issue,
,OB Audit,B0V80HS4,Staging Area,,Yes,,No Issue,1,0,,,,46,0,No Issue,
,OB Audit,B0V80I5Q,Staging Area,,Yes,,No Issue,1,0,,,,72,0,No Issue,
,OB Audit,B0V88OG6,Staging Area,,Yes,,No Issue,1,0,,,,31,0,No Issue,
,OB Audit,B0V7SNEU,Staging Area,,Yes,,No Issue,1,0,,,,36,0,No Issue,
