Timestamp,Box/Tote ID,Auditor,Pool Worker,FSN,Product,Qty,WID
2026-10-06 15:46:37,B0V692R8,Ca.4035960,Ca.4344752,CHEGB6Y6BFP6WQ3G,Amul NA Mozzarella and Cheddar Cheese Diced 200 g 1 8901262020558 125,1,XISVR4I
2026-10-06 15:47:01,B0V4CL0K,Ca.4344752,Ca.4035960,CHCG53J5HH8N9ZYP,"HERSHEY'S Kisses Moments Milk Chocolate, Compound Chocolate 124.5 g {"""":""""} {""ean"":""8901071705547""} 280",1,XIRGLTH
2026-10-06 15:47:01,B0V4CL0K,Ca.4344752,Ca.4035960,CHCGZ5RFCHEBQXTH,"NESTLE Milkybar Choo Strawberry Treats Milk Chocolate 80 g {"""":""""} {""ean"":""8901058009002""} 50",2,XIS3S0V
2026-10-06 15:47:01,B0V4CL0K,Ca.4344752,Ca.4035960,BUTEZ3B93EPCJTTV,Amul NA Unsalted Butter 100 g 8901262010085 65,4,XIS4TPV
2026-10-06 15:47:01,B0V4CL0K,Ca.4344752,Ca.4035960,CHCEWXEHTSN8QRZS,"Cadbury Gems Candy Chocolate Milk Chocolate 24.97 g {""customer_note"":""Image/design may vary""} {""ean"":""7622201799120, 8901233022352, 7622202819933, 8901233022864, 7622202332197, 7622202216749""} 20",1,XISYIN7
2026-10-06 15:47:01,B0V4CL0K,Ca.4344752,Ca.4035960,CHCFBQSRBCY2HF2P,"Amul India Twilight Tryst Single Origin Dark Chocolate Dark Chocolate 125 g {"""":""""} {""ean"":""8901262071703, 8901262072670""} 200",5,XIRT1HT
2026-10-06 15:47:01,B0V4CL0K,Ca.4344752,Ca.4035960,CHCEWXEH5DXSCTUP,"Cadbury Fuse Peanut & Caramel Filled Chocolate Milk Chocolate 23 g {""customer_note"":""Image/design may vary""} {""ean"":""7622202216336, 7622202820823, 7622202334115, 7622202846786""} 20",8,XISJ3EZ
2026-10-06 15:47:01,B0V4CL0K,Ca.4344752,Ca.4035960,CHCHCC8GWJWU83RC,"Cadbury Dairy Milk Chocolate Milk Chocolate 25 g {""customer_note"":""""} {""ean"":""7622202328770, 7622202375989, 7622300136055, 7622202851032""} 20",1,XISJAAN
2026-10-06 15:47:01,B0V4CL0K,Ca.4344752,Ca.4035960,CHEEZ6A8EG68GZM4,Amul NA Processed cheese Slices 200 g 10 8901262020015 145,2,XISSUTS
2026-10-06 15:47:01,B0V4CL0K,Ca.4344752,Ca.4035960,PTFH9WBCCWQXZ5HU,"ProPlant Plain Tofu 200 g 8908003398006, 8908003398532 80",1,XISWU66
2026-10-06 15:47:01,B0V4CL0K,Ca.4344752,Ca.4035960,CHCEWXEHUYVKXZY5,"Cadbury 5 Star Chocolate Milk Chocolate 35.2 g {""customer_note"":""Image/design may vary""} {""ean"":""7622202318047, 7622202315121, 7622202818462""} 20",1,XISM41A
2026-10-06 15:47:01,B0V4CL0K,Ca.4344752,Ca.4035960,CHCEZX2N7Y6HHARF,"NESTLE KitKat 4 Fingers Choco Coated Wafer Milk Chocolate 38.5 g {"""":""""} 8901058903164, 8901058903614 35",7,XIOGBDN
2026-10-06 15:47:01,B0V4CL0K,Ca.4344752,Ca.4035960,BUTFBQSTM8HVSPWJ,Delicious NA Fat Spread 100 g 8901262140041 25,1,XISZ9O2
2026-10-06 15:47:01,B0V4CL0K,Ca.4344752,Ca.4035960,PTFHE2E9HXDKMAGK,Frubon High Protein Paneer 200 g 8906129282742 110,4,XIT4BR8
2026-10-06 15:47:01,B0V4CL0K,Ca.4344752,Ca.4035960,CHCGDHM54BGBYTAH,"NESTLE Classic Rich & Creamy Milk Treat Milk Chocolate 31 g {"""":""""} 8901058850390, 8901058004809, 8901058009682, 8901058024128 20",11,XIOF55Q
2026-10-06 15:47:01,B0V4CL0K,Ca.4344752,Ca.4035960,CUYF4Z6GDY2CZGQS,EPIGAMIA NA Greek Yogurt 85 g 8906059635090 50,1,XIT2HCA
2026-10-06 15:47:01,B0V4CL0K,Ca.4344752,Ca.4035960,CUYF4Z6G3BBB3ZEZ,EPIGAMIA NA Greek Yogurt 85 g 8906059635069 60,1,XIT1EQ0
2026-10-06 15:47:01,B0V4CL0K,Ca.4344752,Ca.4035960,CHCFSEGJBQYPU5H6,"Cadbury Bournville 70% Cocoa Chocolate Dark Chocolate 75 g {""customer_note"":""Image/design may vary""} {""ean"":""7622202325960, 7622201138363, 7622202030789""} 130",1,XISJ5K2
2026-10-06 15:47:01,B0V4CL0K,Ca.4344752,Ca.4035960,PTFH5HKUTSSUZGWG,"Frubon Fresh Paneer 180 g 8906129283527, 8906129282285 95",1,XIT4BPM
2026-10-06 15:47:01,B0V4CL0K,Ca.4344752,Ca.4035960,CHCHDHZNYDSGBGBG,"Cadbury Dairy Milk Milkinis Chocolate Milk Chocolate 34 g {""customer_note"":""""} {""ean"":""7622202328749, 7622202847622""} 36",3,XISM544
2026-10-06 15:47:01,B0V4CL0K,Ca.4344752,Ca.4035960,MLKH45NKY5GG3ZAY,EPIGAMIA Turbo Coffee 25g Protein Milkshake Flavored 250 ml Coffee 8906059637285 141,2,XISB9G3
2026-10-06 15:47:01,B0V4CL0K,Ca.4344752,Ca.4035960,CHEEZWYRZQGXA5FA,Go NA Processed cheese Slices 200 g 1 8906001020196 169,2,XISMDB5
2026-10-06 15:47:01,B0V4CL0K,Ca.4344752,Ca.4035960,CHCF8YEC6HSDGYQC,"NESTLE Kitkat Minis Chocolate Milk Chocolate 111 g {"""":""""} {""ean"":""8901058011012, 8901058033441""} 147",2,XISIY4D
2026-10-06 15:47:01,B0V4CL0K,Ca.4344752,Ca.4035960,CHCG6G6JZMRVTZ5Q,"NESTLE Milkybar Creamy White Chocolate Tablet Milk Chocolate 12.5 g {"""":""""} 8901058875577, 8901058875584 10",5,XINSDXL
2026-10-06 15:47:01,B0V4CL0K,Ca.4344752,Ca.4035960,CHCG25S7RZVHNFGN,"Amul Dark Chocolate Dark Chocolate 35 g {"""":""""} {""ean"":""8901262070454""} 45",6,XISZ8ZT
2026-10-06 15:47:01,B0V4CL0K,Ca.4344752,Ca.4035960,CHCHGHZFU4BDVDHK,"NESTLE Munch Max Crunchies Chocolate Compound Chocolate 45 g {"""":""""} {""ean"":""8901058027778""} 40",1,XIRF468
2026-10-06 15:47:01,B0V4CL0K,Ca.4344752,Ca.4035960,CHEHBF8AFRQHFHG5,Amul A+ Processed cheese Slices 200 g 1 8901262020367 170,1,XISNTNG
2026-10-06 15:47:01,B0V4CL0K,Ca.4344752,Ca.4035960,MLKHMG8BQFXVZ9HT,Avvatar Classic 15g Protein Cold Coffee Flavored 250 ml Coffee 8906001028772 120,5,XISCF4Y
2026-10-06 15:47:01,B0V4CL0K,Ca.4344752,Ca.4035960,CHCHMAP2TVJAWXEE,"Smoor Truffles Box Of Chocolate Milk Chocolate 224 g {"""":""""} {""ean"":""8904303417799, 8904303414248""} 650",1,XISZRL1
2026-10-06 15:47:01,B0V4CL0K,Ca.4344752,Ca.4035960,CHCFBQSRAJGHP7YX,"Amul Fruit 'N' Nut Chocolate Dark Chocolate 40 g {"""":""""} {""ean"":""8901262070058""} 45",2,XISCOKT
2026-10-06 15:47:01,B0V4CL0K,Ca.4344752,Ca.4035960,PSLH8GF6TVU2PFJG,"EPIGAMIA Turbo Chocolate 25g Protein Milkshake Flavored 250 ml Chocolate 8906059637452, 8906059636615 141",3,XISJBGD
2026-10-06 16:03:06,B0V6360C,Ca.4344752,Ca.4344752,MLKG6WUFDRZRG5ZG,Yakult Fermented Milk Drink Fermented 325 ml Plain 8906019270019 90,1,XISWUDT
2026-10-06 16:03:06,B0V6360C,Ca.4344752,Ca.4344752,CHCG53J5HH8N9ZYP,"HERSHEY'S Kisses Moments Milk Chocolate, Compound Chocolate 124.5 g {"""":""""} {""ean"":""8901071705547""} 280",1,XIRGLTH
2026-10-06 16:03:06,B0V6360C,Ca.4344752,Ca.4344752,CHCHGHZFEBD5YK4Z,"NESTLE Milky Bar Buttersctoch Bites Milk Chocolate 45 g {"""":""""} {""ean"":""8901058027051""} 60",1,XIQV4LD
2026-10-06 16:03:06,B0V6360C,Ca.4344752,Ca.4344752,BUTEZ3B93EPCJTTV,Amul NA Unsalted Butter 100 g 8901262010085 65,5,XIS4TPV
2026-10-06 16:03:06,B0V6360C,Ca.4344752,Ca.4344752,CHCFBQSRBCY2HF2P,"Amul India Twilight Tryst Single Origin Dark Chocolate Dark Chocolate 125 g {"""":""""} {""ean"":""8901262071703, 8901262072670""} 200",6,XIRT1HT
2026-10-06 16:03:06,B0V6360C,Ca.4344752,Ca.4344752,CHCEWXEH5DXSCTUP,"Cadbury Fuse Peanut & Caramel Filled Chocolate Milk Chocolate 23 g {""customer_note"":""Image/design may vary""} {""ean"":""7622202216336, 7622202820823, 7622202334115, 7622202846786""} 20",3,XISJ3EZ
2026-10-06 16:03:06,B0V6360C,Ca.4344752,Ca.4344752,CHCHCC8GWJWU83RC,"Cadbury Dairy Milk Chocolate Milk Chocolate 25 g {""customer_note"":""""} {""ean"":""7622202328770, 7622202375989, 7622300136055, 7622202851032""} 20",2,XISJAAN
2026-10-06 16:03:06,B0V6360C,Ca.4344752,Ca.4344752,CHEEZ6A8EG68GZM4,Amul NA Processed cheese Slices 200 g 10 8901262020015 145,3,XISSUTS
2026-10-06 16:03:06,B0V6360C,Ca.4344752,Ca.4344752,CUYF4Z6GTKSY2CJ2,EPIGAMIA NA Greek Yogurt 85 g 8906059635007 55,10,XIT1HJ0
2026-10-06 16:03:06,B0V6360C,Ca.4344752,Ca.4344752,CHCEZ3BNH4HBDGYY,"Amul Sugar Free Dark Chocolate Dark Chocolate 150 g {"""":""""} {""ean"":""8901262071048""} 250",1,XIS3I3J
2026-10-06 16:03:06,B0V6360C,Ca.4344752,Ca.4344752,CHCEWXEHUYVKXZY5,"Cadbury 5 Star Chocolate Milk Chocolate 35.2 g {""customer_note"":""Image/design may vary""} {""ean"":""7622202318047, 7622202315121, 7622202818462""} 20",2,XISM41A
2026-10-06 16:03:06,B0V6360C,Ca.4344752,Ca.4344752,CHCEZX2N7Y6HHARF,"NESTLE KitKat 4 Fingers Choco Coated Wafer Milk Chocolate 38.5 g {"""":""""} 8901058903164, 8901058903614 35",2,XIOGBDN
2026-10-06 16:03:06,B0V6360C,Ca.4344752,Ca.4344752,BUTFBQSTM8HVSPWJ,Delicious NA Fat Spread 100 g 8901262140041 25,2,XISLJFB
2026-10-06 16:03:06,B0V6360C,Ca.4344752,Ca.4344752,PTFHE2E9HXDKMAGK,Frubon High Protein Paneer 200 g 8906129282742 110,8,XIT4BR8
2026-10-06 16:03:06,B0V6360C,Ca.4344752,Ca.4344752,CHCEWXEHUJJEZKJJ,"Cadbury Dairy Milk Silk Chocolate Milk Chocolate 60 g {""customer_note"":""Image/design may vary""} {""ean"":""7622201710255, 7622201762315, 7622201757380, 7622202206689, 7622202216831, 7622202342196""} 80",1,XISJ6S8
2026-10-06 16:03:06,B0V6360C,Ca.4344752,Ca.4344752,CHCGDHM54BGBYTAH,"NESTLE Classic Rich & Creamy Milk Treat Milk Chocolate 31 g {"""":""""} 8901058850390, 8901058004809, 8901058009682, 8901058024128 20",8,XIOF55Q
2026-10-06 16:03:06,B0V6360C,Ca.4344752,Ca.4344752,CHCEWXEHYHSEGYVD,"Cadbury Dairy Milk Fruit And Nut Chocolate Milk Chocolate 36 g {""customer_note"":""Image/design may vary""} {""ean"":""7622201150181, 7622202324871""} 40",1,XIRPA2F
2026-10-06 16:03:06,B0V6360C,Ca.4344752,Ca.4344752,CHCEX42BBBNRHUN8,"SNICKERS Peanut, Nougat & Caramel Chocolate Milk Chocolate 40 g {"""":""""} {""ean"":""8902433030109""} 45",1,XISGWU9
2026-10-06 16:03:06,B0V6360C,Ca.4344752,Ca.4344752,PTFH5HKUTSSUZGWG,"Frubon Fresh Paneer 180 g 8906129283527, 8906129282285 95",1,XIT4BPM
2026-10-06 16:03:06,B0V6360C,Ca.4344752,Ca.4344752,CHCGFRWG4NKBUZD9,"NESTLE Munch Max Crunchy Wafer Milk Chocolate 38.5 g {"""":""""} {""ean"":""8901058904093, 8901058005080""} 10",10,XISK125
2026-10-06 16:03:06,B0V6360C,Ca.4344752,Ca.4344752,CHCHDHZNYDSGBGBG,"Cadbury Dairy Milk Milkinis Chocolate Milk Chocolate 34 g {""customer_note"":""""} {""ean"":""7622202328749, 7622202847622""} 36",1,XISM544
2026-10-06 16:03:06,B0V6360C,Ca.4344752,Ca.4344752,CHCEWXEHNUTNFAQU,"Cadbury Dairy Milk Silk Fruit & Nut Chocolate Milk Chocolate 51 g {""customer_note"":""Image/design may vary""} {""ean"":""7622202326028, 7622202842368""} 95",1,XISIJT9
2026-10-06 16:03:06,B0V6360C,Ca.4344752,Ca.4344752,CUYHZUFHBZAHYXDS,Amul Mango Shrikhand Shrikhand 100 g 8901262040075 30,1,XISZ9VG
2026-10-06 16:03:06,B0V6360C,Ca.4344752,Ca.4344752,CHEEZWYRZQGXA5FA,Go NA Processed cheese Slices 200 g 1 8906001020196 169,3,XISMDB5
2026-10-06 16:03:06,B0V6360C,Ca.4344752,Ca.4344752,CHEEZ6A8KJRBNKED,Amul NA Processed cheese Cubes 200 g 8 8901262020039 135,1,XISLIM1
2026-10-06 16:03:06,B0V6360C,Ca.4344752,Ca.4344752,CHCG25S7RZVHNFGN,"Amul Dark Chocolate Dark Chocolate 35 g {"""":""""} {""ean"":""8901262070454""} 45",6,XISZ8ZT
2026-10-06 16:03:06,B0V6360C,Ca.4344752,Ca.4344752,CHEHBF8AFRQHFHG5,Amul A+ Processed cheese Slices 200 g 1 8901262020367 170,1,XISNTNG
2026-10-06 16:03:06,B0V6360C,Ca.4344752,Ca.4344752,MLKHMG8BQFXVZ9HT,Avvatar Classic 15g Protein Cold Coffee Flavored 250 ml Coffee 8906001028772 120,1,XISCF4Y
2026-10-06 16:03:06,B0V6360C,Ca.4344752,Ca.4344752,CHCFBQSRAJGHP7YX,"Amul Fruit 'N' Nut Chocolate Dark Chocolate 40 g {"""":""""} {""ean"":""8901262070058""} 45",2,XISCOKT
2026-10-06 16:03:06,B0V6360C,Ca.4344752,Ca.4344752,CHCFYGAHXGHZCBGC,"Cadbury Gems Mini Treats Chocolate Milk Chocolate 94.04 g {""customer_note"":""Image/design may vary""} {""ean"":""7622202332210, 7622202031205, 7622201802813, 7622202338977, 7622202810220""} 108",1,XISJ7IR
2026-10-06 16:03:06,B0V6360C,Ca.4344752,Ca.4344752,CUYHZUFHSJ732DGT,Amul Kesar Shrikhand Shrikhand 100 g 8901262040068 30,1,XISZ9UW
2026-10-06 16:03:06,B0V6360C,Ca.4344752,Ca.4344752,BUTGG78XDEHHVQJU,Amul Safed Makhan Unsalted Butter 100 g 8901262010436 65,2,XIS1HAQ
2026-10-06 16:03:06,B0V6360C,Ca.4344752,Ca.4344752,CHCG8SUY6FD7V8TM,"Cadbury Dairy Milk Maha Chocolate Milk Chocolate 46 g {""customer_note"":""Image/design may vary""} {""ean"":""7622202398735, 7622201822163, 7622202245589""} 55",1,XIRXP4V
2026-10-06 16:03:06,B0V6360C,Ca.4344752,Ca.4344752,CHCEWXEHNYCYNMU2,"Cadbury Dairy Milk Crackle Chocolate Milk Chocolate 36 g {""customer_note"":""Image/design may vary""} {""ean"":""7622202324901, 7622202329586, 7622201149543""} 45",1,XISE8S8
2026-10-06 16:03:06,B0V6360C,Ca.4344752,Ca.4344752,CHEFF2FR8YZ9UVZZ,Amul NA Processed cheese Block 200 g 1 8901262020244 129,1,XISZA58
2026-10-06 16:03:06,B0V6360C,Ca.4344752,Ca.4344752,CHCH7W29SHZXRD9H,"GALAXY Smooth Milk Chocolate Milk Chocolate 30 g {"""":""""} {""ean"":""8902433003677""} 65",1,XISGXUY
2026-10-06 16:14:13,B0V4CKYW,Ca.4035960,Ca.4344752,CHCEWXEHYE2WDURK,"Cadbury Temptations Almond Treat Chocolate Milk Chocolate 70 g {""customer_note"":""""} {""ean"":""7622202335624""} 128",1,XISKS22
2026-10-06 16:14:13,B0V4CKYW,Ca.4035960,Ca.4344752,CUYH5HHHHQZD26PQ,"Frubon NA Fruit Yogurt 100 g 8906129282018, 8906129282018 40",3,XISW2B8
2026-10-06 16:14:13,B0V4CKYW,Ca.4035960,Ca.4344752,CHCHGHZFEBD5YK4Z,"NESTLE Milky Bar Buttersctoch Bites Milk Chocolate 45 g {"""":""""} {""ean"":""8901058027051""} 60",1,XIQV4LD
2026-10-06 16:14:13,B0V4CKYW,Ca.4035960,Ca.4344752,CUYH5HHHSTUAZJZK,"Frubon Low Fat Plain Curd 360 g 8906129280700, 8906129280700 35",9,XIT4BOG
2026-10-06 16:14:13,B0V4CKYW,Ca.4035960,Ca.4344752,CHCGZ5RFCHEBQXTH,"NESTLE Milkybar Choo Strawberry Treats Milk Chocolate 80 g {"""":""""} {""ean"":""8901058009002""} 50",2,XIS3S0V
2026-10-06 16:14:13,B0V4CKYW,Ca.4035960,Ca.4344752,BUTEZ3B93EPCJTTV,Amul NA Unsalted Butter 100 g 8901262010085 65,3,XIS4TPV
2026-10-06 16:14:13,B0V4CKYW,Ca.4035960,Ca.4344752,CHCEWXEH5DXSCTUP,"Cadbury Fuse Peanut & Caramel Filled Chocolate Milk Chocolate 23 g {""customer_note"":""Image/design may vary""} {""ean"":""7622202216336, 7622202820823, 7622202334115, 7622202846786""} 20",6,XISJ3EZ
2026-10-06 16:14:13,B0V4CKYW,Ca.4035960,Ca.4344752,CHCHCC8GWJWU83RC,"Cadbury Dairy Milk Chocolate Milk Chocolate 25 g {""customer_note"":""""} {""ean"":""7622202328770, 7622202375989, 7622300136055, 7622202851032""} 20",2,XISJAAN
2026-10-06 16:14:13,B0V4CKYW,Ca.4035960,Ca.4344752,CHEEZ6A8EG68GZM4,Amul NA Processed cheese Slices 200 g 10 8901262020015 145,2,XISSUTS
2026-10-06 16:14:13,B0V4CKYW,Ca.4035960,Ca.4344752,CUYF4Z6GTKSY2CJ2,EPIGAMIA NA Greek Yogurt 85 g 8906059635007 55,6,XIT1HJ0
2026-10-06 16:14:13,B0V4CKYW,Ca.4035960,Ca.4344752,BUTFZ9C8ZBNG5HS8,"Nutralite Doodhshakti Probiotic Butter Spread 500 g 8901548310403, 8901548100943 305",3,XISZYSS
2026-10-06 16:14:13,B0V4CKYW,Ca.4035960,Ca.4344752,PTFHE2E9HXDKMAGK,Frubon High Protein Paneer 200 g 8906129282742 110,12,XIT4BR8
2026-10-06 16:14:13,B0V4CKYW,Ca.4035960,Ca.4344752,CHCEWXEHUJJEZKJJ,"Cadbury Dairy Milk Silk Chocolate Milk Chocolate 60 g {""customer_note"":""Image/design may vary""} {""ean"":""7622201710255, 7622201762315, 7622201757380, 7622202206689, 7622202216831, 7622202342196""} 80",1,XISJ6S8
2026-10-06 16:14:13,B0V4CKYW,Ca.4035960,Ca.4344752,CHCGDHM54BGBYTAH,"NESTLE Classic Rich & Creamy Milk Treat Milk Chocolate 31 g {"""":""""} 8901058850390, 8901058004809, 8901058009682, 8901058024128 20",21,XIOF55Q
2026-10-06 16:14:13,B0V4CKYW,Ca.4035960,Ca.4344752,CUYF4Z6G3BBB3ZEZ,EPIGAMIA NA Greek Yogurt 85 g 8906059635069 60,1,XIT1EQ0
2026-10-06 16:14:13,B0V4CKYW,Ca.4035960,Ca.4344752,CHCEWA2ZYKSBWHED,"Amul Fruit And Nut Chocolate Dark Chocolate 150 g {"""":""""} {""ean"":""8901262070539""} 150",1,XIS3FNU
2026-10-06 16:14:13,B0V4CKYW,Ca.4035960,Ca.4344752,CHCFSEGJBQYPU5H6,"Cadbury Bournville 70% Cocoa Chocolate Dark Chocolate 75 g {""customer_note"":""Image/design may vary""} {""ean"":""7622202325960, 7622201138363, 7622202030789""} 130",1,XISJ5K2
2026-10-06 16:14:13,B0V4CKYW,Ca.4035960,Ca.4344752,SAMG4H44PFNE5Y9Z,Amul Kaju Katri Kaju Katli 500 g 8901262220392 525,1,XIS8UT2
2026-10-06 16:14:13,B0V4CKYW,Ca.4035960,Ca.4344752,PTFH5HKUTSSUZGWG,"Frubon Fresh Paneer 180 g 8906129283527, 8906129282285 95",6,XIT4BPM
2026-10-06 16:14:13,B0V4CKYW,Ca.4035960,Ca.4344752,CUYH5HHHWURHGMDG,"Frubon Premium Dahi Plain Curd 400 g 8906129282476, 8906129282476 50",3,XIT4BU2
2026-10-06 16:14:13,B0V4CKYW,Ca.4035960,Ca.4344752,CHCHDHZNYDSGBGBG,"Cadbury Dairy Milk Milkinis Chocolate Milk Chocolate 34 g {""customer_note"":""""} {""ean"":""7622202328749, 7622202847622""} 36",2,XISM544
2026-10-06 16:14:13,B0V4CKYW,Ca.4035960,Ca.4344752,CHCEWXEHNUTNFAQU,"Cadbury Dairy Milk Silk Fruit & Nut Chocolate Milk Chocolate 51 g {""customer_note"":""Image/design may vary""} {""ean"":""7622202326028, 7622202842368""} 95",1,XISIJT9
2026-10-06 16:14:13,B0V4CKYW,Ca.4035960,Ca.4344752,CHCF8YEC6HSDGYQC,"NESTLE Kitkat Minis Chocolate Milk Chocolate 111 g {"""":""""} {""ean"":""8901058011012, 8901058033441""} 147",3,XISIY4D
2026-10-06 16:14:13,B0V4CKYW,Ca.4035960,Ca.4344752,CHCG25S7RZVHNFGN,"Amul Dark Chocolate Dark Chocolate 35 g {"""":""""} {""ean"":""8901262070454""} 45",4,XISZ8ZT
2026-10-06 16:14:13,B0V4CKYW,Ca.4035960,Ca.4344752,MLKHMG8BQFXVZ9HT,Avvatar Classic 15g Protein Cold Coffee Flavored 250 ml Coffee 8906001028772 120,1,XISCF4Y
2026-10-06 16:14:13,B0V4CKYW,Ca.4035960,Ca.4344752,LSIEXAZNJNJYHYMY,MOTHER DAIRY Mango Sweet 180 ml 8901648001775 20,1,XISZ2XE
2026-10-06 16:14:13,B0V4CKYW,Ca.4035960,Ca.4344752,CHCEWXEHZESSDDWV,"Cadbury Bournville Cranberry 50% Dark Chocolate Dark Chocolate 78 g {""customer_note"":""Image/design may vary""} {""ean"":""7622202325939""} 105",1,XISEYJ3
2026-10-06 16:14:13,B0V4CKYW,Ca.4035960,Ca.4344752,CHCH2X2Y56DJ8RJM,"Cadbury Nutties Crackles Chocolate Milk Chocolate 54 g {""customer_note"":""Image/design may vary""} {""ean"":""7622202238741, 7622202335457""} 89",1,XIRZDIX
2026-10-06 16:14:13,B0V4CKYW,Ca.4035960,Ca.4344752,CUYH5HHHFG3KGYTG,"Frubon NA Fruit Yogurt 100 g 8906129282032, 8906129282032 35",1,XISGWKI
2026-10-06 16:14:13,B0V4CKYW,Ca.4035960,Ca.4344752,CHEHZQTMURYGBZFY,BRITANNIA NA Processed cheese Slices 90 g 1 8901063401143 85,1,XISZ3TC
2026-10-06 16:14:13,B0V4CKYW,Ca.4035960,Ca.4344752,BUTHD5VFBHKYPAAT,Nutralite Yummy Spread | Healthy Table Spread for Cooking & Spreading Butter Spread 500 g 8901548100080 145,2,XIREGFJ
2026-10-06 16:14:13,B0V4CKYW,Ca.4035960,Ca.4344752,CUYF79ZZRRY3TV5U,EPIGAMIA Artisanal Mishti Doi Sweet Curd 80 g 8906059638329 30,1,XISZ3XL
2026-10-06 16:14:13,B0V4CKYW,Ca.4035960,Ca.4344752,PTFEZWF2MHG2H5FK,Gowardhan Block Paneer 200 g 8906001021278 120,1,XISTA6X
2026-10-06 16:17:26,B0V6361G,Ca.4344752,Ca.4344752,SAMHDFW5YPWPZQZG,ChakNow Butterscotch Soan Papdi Soan Papdi 200 g 8906069726580 99,1,XISIZX5
2026-10-06 16:17:26,B0V6361G,Ca.4344752,Ca.4344752,ICEHACQJ83HFXMEZ,Amul Kulfi 8901262176545 25,4,XISTHNX
2026-10-06 16:21:13,B0V63620,Ca.4344752,Ca.4344752,ICEGYYWJTP9SNAEH,"Amul Gold Ice Cream 8901262174138, 8901262301251 208",1,XISN0HP
2026-10-06 16:22:32,B0V6362K,Ca.4344752,Ca.4344752,MLKG6WUFDRZRG5ZG,Yakult Fermented Milk Drink Fermented 325 ml Plain 8906019270019 90,1,XISWUDT
2026-10-06 16:22:32,B0V6362K,Ca.4344752,Ca.4344752,CHCHGHZFEBD5YK4Z,"NESTLE Milky Bar Buttersctoch Bites Milk Chocolate 45 g {"""":""""} {""ean"":""8901058027051""} 60",1,XIQV4LD
2026-10-06 16:22:32,B0V6362K,Ca.4344752,Ca.4344752,CUYH5HHHSTUAZJZK,"Frubon Low Fat Plain Curd 360 g 8906129280700, 8906129280700 35",3,XIT4BOG
2026-10-06 16:22:32,B0V6362K,Ca.4344752,Ca.4344752,BUTEZ3B93EPCJTTV,Amul NA Unsalted Butter 100 g 8901262010085 65,5,XIS4TPV
2026-10-06 16:22:32,B0V6362K,Ca.4344752,Ca.4344752,CHCHBRXF9AZHDDP5,"NESTLE Munch Max Nuts Dark Chocolate 37.5 g {"""":""""} {""ean"":""8901058020021""} 25",2,XISIYB0
2026-10-06 16:22:32,B0V6362K,Ca.4344752,Ca.4344752,CHEEZ6A8EG68GZM4,Amul NA Processed cheese Slices 200 g 10 8901262020015 145,3,XISSUTS
2026-10-06 16:22:32,B0V6362K,Ca.4344752,Ca.4344752,CUYH5HHH6P4JAAEK,"Frubon Creamy Dahi Plain Curd 180 g 8906129280571, 8906129280571 23",1,XIT4BSE
2026-10-06 16:22:32,B0V6362K,Ca.4344752,Ca.4344752,BUTFZ9C8ZBNG5HS8,"Nutralite Doodhshakti Probiotic Butter Spread 500 g 8901548310403, 8901548100943 305",9,XISZYSS
2026-10-06 16:22:32,B0V6362K,Ca.4344752,Ca.4344752,BUTFBQSTM8HVSPWJ,Delicious NA Fat Spread 100 g 8901262140041 25,4,XISLJFB
2026-10-06 16:22:32,B0V6362K,Ca.4344752,Ca.4344752,PTFHE2E9HXDKMAGK,Frubon High Protein Paneer 200 g 8906129282742 110,13,XIT4BR8
2026-10-06 16:22:32,B0V6362K,Ca.4344752,Ca.4344752,CHCGDHM54BGBYTAH,"NESTLE Classic Rich & Creamy Milk Treat Milk Chocolate 31 g {"""":""""} 8901058850390, 8901058004809, 8901058009682, 8901058024128 20",9,XIOF55Q
2026-10-06 16:22:32,B0V6362K,Ca.4344752,Ca.4344752,CHCEWXEHYHSEGYVD,"Cadbury Dairy Milk Fruit And Nut Chocolate Milk Chocolate 36 g {""customer_note"":""Image/design may vary""} {""ean"":""7622201150181, 7622202324871""} 40",3,XIRPA2F
2026-10-06 16:22:32,B0V6362K,Ca.4344752,Ca.4344752,WFWEU7NTGPMUDW85,"NESTLE Kitkat Coated Wafer Chocolate Milk Chocolate 18.5 g {"""":""""} {""ean"":""8901058016116, 8901058015171, 8901058033045""} 20",6,XIRCDOO
2026-10-06 16:22:32,B0V6362K,Ca.4344752,Ca.4344752,CUYF4Z6G3BBB3ZEZ,EPIGAMIA NA Greek Yogurt 85 g 8906059635069 60,3,XIT1EQ0
2026-10-06 16:22:32,B0V6362K,Ca.4344752,Ca.4344752,CHCFSEGJBQYPU5H6,"Cadbury Bournville 70% Cocoa Chocolate Dark Chocolate 75 g {""customer_note"":""Image/design may vary""} {""ean"":""7622202325960, 7622201138363, 7622202030789""} 130",1,XISJ5K2
2026-10-06 16:22:32,B0V6362K,Ca.4344752,Ca.4344752,PTFH5HKUTSSUZGWG,"Frubon Fresh Paneer 180 g 8906129283527, 8906129282285 95",1,XIT4BPM
2026-10-06 16:22:32,B0V6362K,Ca.4344752,Ca.4344752,CUYH5HHHWURHGMDG,"Frubon Premium Dahi Plain Curd 400 g 8906129282476, 8906129282476 50",2,XIT4BU2
2026-10-06 16:22:32,B0V6362K,Ca.4344752,Ca.4344752,CHCGFRWG4NKBUZD9,"NESTLE Munch Max Crunchy Wafer Milk Chocolate 38.5 g {"""":""""} {""ean"":""8901058904093, 8901058005080""} 10",6,XISK125
2026-10-06 16:22:32,B0V6362K,Ca.4344752,Ca.4344752,CUYF4Z6GAZMUYSYK,EPIGAMIA Strawberry ypgurt Greek Yogurt 85 g 8906059635021 55,1,XISWREY
2026-10-06 16:22:32,B0V6362K,Ca.4344752,Ca.4344752,CHEFANKGNZFSSUFW,Dlecta NA Processed cheese Cubes 200 g 1 8906010090005 165,1,XIRXPC1
2026-10-06 16:22:32,B0V6362K,Ca.4344752,Ca.4344752,CHEEZWYRZQGXA5FA,Go NA Processed cheese Slices 200 g 1 8906001020196 169,1,XISMDB5
2026-10-06 16:22:32,B0V6362K,Ca.4344752,Ca.4344752,CHEEZ6A8KJRBNKED,Amul NA Processed cheese Cubes 200 g 8 8901262020039 135,1,XISLIM1
2026-10-06 16:22:32,B0V6362K,Ca.4344752,Ca.4344752,CHCG6G6JZMRVTZ5Q,"NESTLE Milkybar Creamy White Chocolate Tablet Milk Chocolate 12.5 g {"""":""""} 8901058875577, 8901058875584 10",2,XINSDXL
2026-10-06 16:22:32,B0V6362K,Ca.4344752,Ca.4344752,CHCG25S7RZVHNFGN,"Amul Dark Chocolate Dark Chocolate 35 g {"""":""""} {""ean"":""8901262070454""} 45",4,XISZ8ZT
2026-10-06 16:22:32,B0V6362K,Ca.4344752,Ca.4344752,CHCHGHZFU4BDVDHK,"NESTLE Munch Max Crunchies Chocolate Compound Chocolate 45 g {"""":""""} {""ean"":""8901058027778""} 40",2,XIRF468
2026-10-06 16:22:32,B0V6362K,Ca.4344752,Ca.4344752,CHCHF29NKY7FFQ7H,"Cadbury Dairy Milk Silk Walnut Brownie Chocolate Milk Chocolate 140 g {""customer_note"":""Image/design may vary""} {""ean"":""7622202225093""} 250",1,XISM59O
2026-10-06 16:22:32,B0V6362K,Ca.4344752,Ca.4344752,CHEHBF8AFRQHFHG5,Amul A+ Processed cheese Slices 200 g 1 8901262020367 170,3,XISNTNG
2026-10-06 16:22:32,B0V6362K,Ca.4344752,Ca.4344752,CHCEWXEHTFTAFZUW,"Cadbury Dairy Milk Silk Oreo Chocolate Milk Chocolate 124 g {""customer_note"":""Image/design may vary""} {""ean"":""7622202309175, 7622202816413, 7622201762223, 7622202326080, 7622201452889""} 268",1,XISJ5YQ
2026-10-06 16:22:32,B0V6362K,Ca.4344752,Ca.4344752,CHEGJYJ7QKRUFQWM,"D'lecta NA Mozzarella cheese Block 200 g 1 8906010090128, 8906010090869 169",1,XISJ1X4
2026-10-06 16:22:32,B0V6362K,Ca.4344752,Ca.4344752,SAMHEST75FDHHRZD,EAT BETTER CO Peanut Chocolate Laddoos Laddu 40 g 8908024057081 59,1,XISR9AT
2026-10-06 16:22:32,B0V6362K,Ca.4344752,Ca.4344752,CHCFYGAHXGHZCBGC,"Cadbury Gems Mini Treats Chocolate Milk Chocolate 94.04 g {""customer_note"":""Image/design may vary""} {""ean"":""7622202332210, 7622202031205, 7622201802813, 7622202338977, 7622202810220""} 108",1,XISJ7IR
2026-10-06 16:22:32,B0V6362K,Ca.4344752,Ca.4344752,LSIEXAZNJNJYHYMY,MOTHER DAIRY Mango Sweet 180 ml 8901648001775 20,1,XISZ2XE
2026-10-06 16:22:32,B0V6362K,Ca.4344752,Ca.4344752,CUYH5HHHFG3KGYTG,"Frubon NA Fruit Yogurt 100 g 8906129282032, 8906129282032 35",1,XISGWKI
2026-10-06 16:22:32,B0V6362K,Ca.4344752,Ca.4344752,CHEHZQTMURYGBZFY,BRITANNIA NA Processed cheese Slices 90 g 1 8901063401143 85,1,XISZ3TC
2026-10-06 16:22:32,B0V6362K,Ca.4344752,Ca.4344752,CHCEWXEHNYCYNMU2,"Cadbury Dairy Milk Crackle Chocolate Milk Chocolate 36 g {""customer_note"":""Image/design may vary""} {""ean"":""7622202324901, 7622202329586, 7622201149543""} 45",3,XISE8S8
2026-10-06 16:22:32,B0V6362K,Ca.4344752,Ca.4344752,CHEFF2FR8YZ9UVZZ,Amul NA Processed cheese Block 200 g 1 8901262020244 129,1,XISZA58
2026-10-07 10:10:33,B0V7SMTG,Ca.4260256,Ca.4260256,CHCG53J5HH8N9ZYP,"HERSHEY'S Kisses Moments Milk Chocolate, Compound Chocolate 124.5 g {"""":""""} {""ean"":""8901071705547""} 280",1,XIRGLTH
2026-10-07 10:10:33,B0V7SMTG,Ca.4260256,Ca.4260256,CHCF4PA9BJR2XA9B,"NESTLE Munch Chocolate Milk Chocolate 158.4 g {"""":""""} {""ean"":""8901058022162, 8901058000702, 8901058018950, 8901058901771""} 160",8,XISNOY5
2026-10-07 10:10:33,B0V7SMTG,Ca.4260256,Ca.4260256,CHCEWA35HTSZ73ZY,"Kinder JOY Pink Chocolate Milk Chocolate 20 g {"""":""""} {""ean"":""80135890, 80768258, 80906407, 80948933""} 50",1,XISSOC5
2026-10-07 10:10:33,B0V7SMTG,Ca.4260256,Ca.4260256,CHCH6FCPVGC8ZG4R,"Cadbury Dairy Milk Mini Treats Chocolate Milk Chocolate 140 g {"""":""""} {""ean"":""7622202220944, 7622202324512""} 173",1,XIRSUM9
2026-10-07 10:15:13,B0V7SMT6,Ca.4260256,Ca.4260256,CHCG53J5HH8N9ZYP,"HERSHEY'S Kisses Moments Milk Chocolate, Compound Chocolate 124.5 g {"""":""""} {""ean"":""8901071705547""} 280",1,XIRGLTH
2026-10-07 10:15:13,B0V7SMT6,Ca.4260256,Ca.4260256,CHCFUTBE7ZP3NGRW,"Kinder Creamy Chocolate Milk Chocolate 19 g {""customer_note"":""Image/design may vary""} {""ean"":""80824107""} 25",1,XIT2J7Z
2026-10-07 10:15:13,B0V7SMT6,Ca.4260256,Ca.4260256,CHCFAH2HYPXSFK72,"HERSHEY'S Kisses Milk, Melt, In, Mouth Chocolates Milk Chocolate 36 g {"""":""""} {""ean"":""8901071701938""} 60",3,XISDCSA
2026-10-07 10:15:13,B0V7SMT6,Ca.4260256,Ca.4260256,CHCGSAZ6ZAHXTXFC,"Kinder Schoko, Bons Crispy Chocolate Milk Chocolate 22.4 g {""customer_note"":""Image/design may vary""} {""ean"":""8000500418512""} 50",4,XIT2JBJ
2026-10-07 10:15:13,B0V7SMT6,Ca.4260256,Ca.4260256,CHCH6FCPVGC8ZG4R,"Cadbury Dairy Milk Mini Treats Chocolate Milk Chocolate 140 g {"""":""""} {""ean"":""7622202220944, 7622202324512""} 173",1,XIRSUM9
2026-10-07 10:27:01,B0V7SNKO,Ca.4344752,Ca.4260256,CHCFAH2HYPXSFK72,"HERSHEY'S Kisses Milk, Melt, In, Mouth Chocolates Milk Chocolate 36 g {"""":""""} {""ean"":""8901071701938""} 60",5,XISDCSA
2026-10-07 10:27:01,B0V7SNKO,Ca.4344752,Ca.4260256,CHCFKK9CNACTFA4Q,"HERSHEY'S Milk Chocolate Milk Chocolate 38 g {"""":""""} {""ean"":""16942836717947, 6942836717957, 8901071705646""} 55",1,XIS38QN
2026-10-07 10:27:01,B0V7SNKO,Ca.4344752,Ca.4260256,CHCFAH2HG8ZVGKWY,"HERSHEY'S Almond Kisses Small Chocolate Milk Chocolate 33.6 g {"""":""""} {""ean"":""8901071701945""} 50",1,XIS2YNV
2026-10-07 10:27:01,B0V7SNKO,Ca.4344752,Ca.4260256,CHCGSAZ6ZAHXTXFC,"Kinder Schoko, Bons Crispy Chocolate Milk Chocolate 22.4 g {""customer_note"":""Image/design may vary""} {""ean"":""8000500418512""} 50",4,XIT2JBJ
2026-10-07 10:27:01,B0V7SNKO,Ca.4344752,Ca.4260256,CHCEWA35HTSZ73ZY,"Kinder JOY Pink Chocolate Milk Chocolate 20 g {"""":""""} {""ean"":""80135890, 80768258, 80906407, 80948933""} 50",1,XISSOC5
2026-10-07 10:27:01,B0V7SNKO,Ca.4344752,Ca.4260256,CHCH6FCPVGC8ZG4R,"Cadbury Dairy Milk Mini Treats Chocolate Milk Chocolate 140 g {"""":""""} {""ean"":""7622202220944, 7622202324512""} 173",1,XIRSUM9
2026-10-07 10:30:29,B0V7SNJK,Ca.4344752,Ca.4260256,CHCG3HMVNPM4FYYP,"LuvIt Cocoa Crush - Milk Compound Bar | Perfect for Baking, Frosting, Chocolate Making Compound Chocolate 500 g {"""":""""} {""ean"":""890607910730, 8906079010532""} 325",1,XISW3MA
2026-10-07 10:30:29,B0V7SNJK,Ca.4344752,Ca.4260256,CHCFAH2HYPXSFK72,"HERSHEY'S Kisses Milk, Melt, In, Mouth Chocolates Milk Chocolate 36 g {"""":""""} {""ean"":""8901071701938""} 60",7,XISDCSA
2026-10-07 10:30:29,B0V7SNJK,Ca.4344752,Ca.4260256,CHCHGHZFSAEE22ZE,"NESTLE Kitkat Pops Chocolate Baking Chocolate 32 g {"""":""""} {""ean"":""8901058024937""} 40",2,XISE6K4
2026-10-07 10:30:29,B0V7SNJK,Ca.4344752,Ca.4260256,CHCEWA35STGNHC8M,"FERRERO ROCHER Milk Chocolate Milk Chocolate 200 g {"""":""""} {""ean"":""8000500003787""} 529",1,XISOLIJ
2026-10-07 10:30:29,B0V7SNJK,Ca.4344752,Ca.4260256,CHCGSAZ6ZAHXTXFC,"Kinder Schoko, Bons Crispy Chocolate Milk Chocolate 22.4 g {""customer_note"":""Image/design may vary""} {""ean"":""8000500418512""} 50",1,XIT2JBJ
2026-10-07 10:30:29,B0V7SNJK,Ca.4344752,Ca.4260256,CHCEWA35HTSZ73ZY,"Kinder JOY Pink Chocolate Milk Chocolate 20 g {"""":""""} {""ean"":""80135890, 80768258, 80906407, 80948933""} 50",2,XISSOC5
2026-10-07 10:33:10,B0V7SNK4,Ca.4344752,Ca.4260256,CHCG53J5HH8N9ZYP,"HERSHEY'S Kisses Moments Milk Chocolate, Compound Chocolate 124.5 g {"""":""""} {""ean"":""8901071705547""} 280",1,XIRGLTH
2026-10-07 10:33:10,B0V7SNK4,Ca.4344752,Ca.4260256,CHCEUUWUF8UUYF8E,"Kinder JOY Blue Chocolate Milk Chocolate 20 g {"""":""""} {""ean"":""80924517, 80972945, 80135890""} 45",1,XISYDBI
2026-10-07 10:33:10,B0V7SNK4,Ca.4344752,Ca.4260256,CHCF4PA9JHTA4XKE,"HERSHEY'S Raspberry And Goji Dark Chocolate Dark Chocolate 29.7 g {"""":""""} {""ean"":""8901071705998, 8901071702249""} 60",1,XIS37VI
2026-10-07 10:33:10,B0V7SNK4,Ca.4344752,Ca.4260256,CHCFAH2HYPXSFK72,"HERSHEY'S Kisses Milk, Melt, In, Mouth Chocolates Milk Chocolate 36 g {"""":""""} {""ean"":""8901071701938""} 60",1,XISDCSA
2026-10-07 10:33:10,B0V7SNK4,Ca.4344752,Ca.4260256,CHCHMAP2HHFSPYRT,"Smoor True Classics 72% Cocoa Chocolate Dark Chocolate 80 g {"""":""""} {""ean"":""8904303410585""} 225",2,XIRVU08
2026-10-07 10:33:10,B0V7SNK4,Ca.4344752,Ca.4260256,CHCHGHZFSAEE22ZE,"NESTLE Kitkat Pops Chocolate Baking Chocolate 32 g {"""":""""} {""ean"":""8901058024937""} 40",3,XISE6K4
2026-10-07 10:33:10,B0V7SNK4,Ca.4344752,Ca.4260256,CHCEWA35HTSZ73ZY,"Kinder JOY Pink Chocolate Milk Chocolate 20 g {"""":""""} {""ean"":""80135890, 80768258, 80906407, 80948933""} 50",2,XISSOC5
2026-10-07 10:33:10,B0V7SNK4,Ca.4344752,Ca.4260256,CHCH6FCPVGC8ZG4R,"Cadbury Dairy Milk Mini Treats Chocolate Milk Chocolate 140 g {"""":""""} {""ean"":""7622202220944, 7622202324512""} 173",3,XIRSUM9
2026-10-07 10:37:02,B0V7SNIQ,Ca.4344752,Ca.4260256,CHCG53J5HH8N9ZYP,"HERSHEY'S Kisses Moments Milk Chocolate, Compound Chocolate 124.5 g {"""":""""} {""ean"":""8901071705547""} 280",1,XIRGLTH
2026-10-07 10:37:02,B0V7SNIQ,Ca.4344752,Ca.4260256,CHCFUTBE7ZP3NGRW,"Kinder Creamy Chocolate Milk Chocolate 19 g {""customer_note"":""Image/design may vary""} {""ean"":""80824107""} 25",1,XIT2J7Z
2026-10-07 10:37:02,B0V7SNIQ,Ca.4344752,Ca.4260256,CHCFAH2HYPXSFK72,"HERSHEY'S Kisses Milk, Melt, In, Mouth Chocolates Milk Chocolate 36 g {"""":""""} {""ean"":""8901071701938""} 60",3,XISDCSA
2026-10-07 10:37:02,B0V7SNIQ,Ca.4344752,Ca.4260256,CHCGQCZRRMMGDWSN,"FERRERO ROCHER Rocher Chocolate Milk Chocolate 50 g {"""":""""} {""ean"":""8000500126936""} 179",3,XISMEDP
2026-10-07 10:37:02,B0V7SNIQ,Ca.4344752,Ca.4260256,CHCGSAZ6ZAHXTXFC,"Kinder Schoko, Bons Crispy Chocolate Milk Chocolate 22.4 g {""customer_note"":""Image/design may vary""} {""ean"":""8000500418512""} 50",1,XIT2JBJ
2026-10-07 10:37:02,B0V7SNIQ,Ca.4344752,Ca.4260256,CHCEWA35HTSZ73ZY,"Kinder JOY Pink Chocolate Milk Chocolate 20 g {"""":""""} {""ean"":""80135890, 80768258, 80906407, 80948933""} 50",3,XISSOC5
2026-10-07 10:37:02,B0V7SNIQ,Ca.4344752,Ca.4260256,CHCH6FCPVGC8ZG4R,"Cadbury Dairy Milk Mini Treats Chocolate Milk Chocolate 140 g {"""":""""} {""ean"":""7622202220944, 7622202324512""} 173",3,XIRSUM9
2026-10-07 10:37:02,B0V7SNIQ,Ca.4344752,Ca.4260256,CHCHMW2ZQSUQWCW8,"Smoor Pistachio Kunafa Bite Chocolate White Chocolate 112 g {"""":""""} {""ean"":""8904303416013""} 695",1,XIRUGNY
2026-10-07 10:37:02,B0V7SNIQ,Ca.4344752,Ca.4260256,CHCHMAP2C9UNQA9P,"Smoor Stir It Up 80% Extra Dark Chocolate Milk Chocolate 30 g {"""":""""} {""ean"":""8904303415689, 8904303407127""} 240",1,XIRTRFU
2026-10-07 10:44:26,B0V7SNI6,Ca.4344752,Ca.4260256,CHCF4PA9BQXQ4TGU,"HERSHEY'S Exotic Dark Blueberry And Acai Chocolate Dark Chocolate 29.7 g {"""":""""} {""ean"":""8901071700924, 8901071702232, 8901071706018""} 55",2,XISPFMR
2026-10-07 10:44:26,B0V7SNI6,Ca.4344752,Ca.4260256,CHCFT9HGYGTDD6CK,"Cadbury Dairy Milk Silk Selections Assorted Chocolate Gift Pack Milk Chocolate 213 g {""customer_note"":""Image/design may vary""} {""ean"":""7622202856402""} 550",1,XIRO6HH
2026-10-07 10:44:26,B0V7SNI6,Ca.4344752,Ca.4260256,CKBGHYCFQEZZ6K4C,"HERSHEY'S Hazelnut N Cookies Kisses Small Chocolate Milk Chocolate 33.6 g {"""":""""} {""ean"":""8901071704335""} 57",1,XIRDNQ7
2026-10-07 10:44:26,B0V7SNI6,Ca.4344752,Ca.4260256,CHCF2ASRCJZJHV8A,"Cadbury Nutties Chocolate Milk Chocolate 30 g {""customer_note"":""Image/design may vary""} {""ean"":""7622202031618, 8901233028651, 7622202335488""} 45",1,XISJ5NW
2026-10-07 10:44:26,B0V7SNI6,Ca.4344752,Ca.4260256,CHCGSAZ6C5BBVDKA,"Kinder Schoko, Bons Crispy Chocolate Milk Chocolate 67.2 g {""customer_note"":""Image/design may vary""} {""ean"":""8000500418482""} 135",1,XISJDAL
2026-10-07 10:44:26,B0V7SNI6,Ca.4344752,Ca.4260256,CHCH6FCPVGC8ZG4R,"Cadbury Dairy Milk Mini Treats Chocolate Milk Chocolate 140 g {"""":""""} {""ean"":""7622202220944, 7622202324512""} 173",2,XIRSUM9
2026-10-07 10:46:48,B0V7SNBS,Ca.4344752,Ca.4260256,CHCF4PA9BJR2XA9B,"NESTLE Munch Chocolate Milk Chocolate 158.4 g {"""":""""} {""ean"":""8901058022162, 8901058000702, 8901058018950, 8901058901771""} 160",11,XISNOY5
2026-10-07 10:46:48,B0V7SNBS,Ca.4344752,Ca.4260256,CHCEWA35HTSZ73ZY,"Kinder JOY Pink Chocolate Milk Chocolate 20 g {"""":""""} {""ean"":""80135890, 80768258, 80906407, 80948933""} 50",1,XISSOC5
2026-10-07 10:48:35,B0V80I4W,Ca.4035960,Ca.4260256,CHCF2ASRCJZJHV8A,"Cadbury Nutties Chocolate Milk Chocolate 30 g {""customer_note"":""Image/design may vary""} {""ean"":""7622202031618, 8901233028651, 7622202335488""} 45",1,XISJ5NW
2026-10-07 10:48:35,B0V80I4W,Ca.4035960,Ca.4260256,CHCH6FCPVGC8ZG4R,"Cadbury Dairy Milk Mini Treats Chocolate Milk Chocolate 140 g {"""":""""} {""ean"":""7622202220944, 7622202324512""} 173",1,XIRSUM9
2026-10-07 10:48:46,B0V80HKC,Ca.4035960,Ca.4260256,CHCFAH2HG8ZVGKWY,"HERSHEY'S Almond Kisses Small Chocolate Milk Chocolate 33.6 g {"""":""""} {""ean"":""8901071701945""} 50",1,XIS2YNV
2026-10-07 10:49:58,B0V7SNIG,Ca.4344752,Ca.4260256,CHCEUUWUF8UUYF8E,"Kinder JOY Blue Chocolate Milk Chocolate 20 g {"""":""""} {""ean"":""80924517, 80972945, 80135890""} 45",1,XISYDBI
2026-10-07 10:49:58,B0V7SNIG,Ca.4344752,Ca.4260256,CHCFAH2HYPXSFK72,"HERSHEY'S Kisses Milk, Melt, In, Mouth Chocolates Milk Chocolate 36 g {"""":""""} {""ean"":""8901071701938""} 60",1,XISDCSA
2026-10-07 10:49:58,B0V7SNIG,Ca.4344752,Ca.4260256,CHCFKK9CNACTFA4Q,"HERSHEY'S Milk Chocolate Milk Chocolate 38 g {"""":""""} {""ean"":""16942836717947, 6942836717957, 8901071705646""} 55",1,XIS38QN
2026-10-07 10:49:58,B0V7SNIG,Ca.4344752,Ca.4260256,CHCHF6DAYRPECXG9,"FERRERO ROCHER Moments Chocolate Dark Chocolate 58 g {"""":""""} {""ean"":""8000500455876""} 179",1,XISJTMX
2026-10-07 10:49:58,B0V7SNIG,Ca.4344752,Ca.4260256,CHCFAH2HG8ZVGKWY,"HERSHEY'S Almond Kisses Small Chocolate Milk Chocolate 33.6 g {"""":""""} {""ean"":""8901071701945""} 50",2,XIS2YNV
2026-10-07 10:49:58,B0V7SNIG,Ca.4344752,Ca.4260256,CHCEWA35HTSZ73ZY,"Kinder JOY Pink Chocolate Milk Chocolate 20 g {"""":""""} {""ean"":""80135890, 80768258, 80906407, 80948933""} 50",5,XISSOC5
2026-10-07 10:49:58,B0V7SNIG,Ca.4344752,Ca.4260256,CHCH6FCPVGC8ZG4R,"Cadbury Dairy Milk Mini Treats Chocolate Milk Chocolate 140 g {"""":""""} {""ean"":""7622202220944, 7622202324512""} 173",3,XIRSUM9
2026-10-07 10:49:58,B0V7SNIG,Ca.4344752,Ca.4260256,CHCH7W29NVCHXSHB,"SNICKERS Nougat & Caramel Miniatures Filled Bar Chocolate Pack Compound Chocolate 103.5 g {"""":""""} 8902433030550, 8902433003769 159",1,XIQ571Z
2026-10-07 10:51:53,B0V80HQQ,Ca.4035960,Ca.4260256,CHCG53J5HH8N9ZYP,"HERSHEY'S Kisses Moments Milk Chocolate, Compound Chocolate 124.5 g {"""":""""} {""ean"":""8901071705547""} 280",1,XIRGLTH
2026-10-07 10:52:08,B0V80I4M,Ca.4035960,Ca.4260256,CHCG53J5HH8N9ZYP,"HERSHEY'S Kisses Moments Milk Chocolate, Compound Chocolate 124.5 g {"""":""""} {""ean"":""8901071705547""} 280",1,XIRGLTH
2026-10-07 10:52:08,B0V80I4M,Ca.4035960,Ca.4260256,CHCFAH2HYPXSFK72,"HERSHEY'S Kisses Milk, Melt, In, Mouth Chocolates Milk Chocolate 36 g {"""":""""} {""ean"":""8901071701938""} 60",1,XISDCSA
2026-10-07 10:53:40,B0V7SNCM,Ca.4344752,Ca.4260256,CHCH4CFRPRWGUMYV,"Sugar free D'Lite Chocolate Coated Almonds Pack, Festive Celebration Gift Box Fruit and Nuts Chocolate 100 g {"""":""""} {""ean"":""8901548312476""} 300",5,XISIBYG
2026-10-07 10:53:40,B0V7SNCM,Ca.4344752,Ca.4260256,CHCFAH2HYPXSFK72,"HERSHEY'S Kisses Milk, Melt, In, Mouth Chocolates Milk Chocolate 36 g {"""":""""} {""ean"":""8901071701938""} 60",1,XISDCSA
2026-10-07 10:53:40,B0V7SNCM,Ca.4344752,Ca.4260256,CHCEWA35STGNHC8M,"FERRERO ROCHER Milk Chocolate Milk Chocolate 200 g {"""":""""} {""ean"":""8000500003787""} 529",7,XISOLIJ
2026-10-07 10:53:40,B0V7SNCM,Ca.4344752,Ca.4260256,CHCHHZD7K9PMHGUC,"Fabelle Choco Deck Mini Delights Gift Milk Chocolate 70 g {"""":""""} {""ean"":""8909081008016""} 200",6,XISMCHF
2026-10-07 10:54:43,B0V80HMU,Ca.4035960,Ca.4260256,CHCF4PA9BJR2XA9B,"NESTLE Munch Chocolate Milk Chocolate 158.4 g {"""":""""} {""ean"":""8901058022162, 8901058000702, 8901058018950, 8901058901771""} 160",1,XISNOY5
2026-10-07 10:54:43,B0V80HMU,Ca.4035960,Ca.4260256,CHCFAH2HYPXSFK72,"HERSHEY'S Kisses Milk, Melt, In, Mouth Chocolates Milk Chocolate 36 g {"""":""""} {""ean"":""8901071701938""} 60",1,XISDCSA
2026-10-07 10:54:43,B0V80HMU,Ca.4035960,Ca.4260256,CHCHGHZFSAEE22ZE,"NESTLE Kitkat Pops Chocolate Baking Chocolate 32 g {"""":""""} {""ean"":""8901058024937""} 40",1,XISE6K4
2026-10-07 10:54:58,B0V80HN4,Ca.4035960,Ca.4260256,CHCF4PA9BJR2XA9B,"NESTLE Munch Chocolate Milk Chocolate 158.4 g {"""":""""} {""ean"":""8901058022162, 8901058000702, 8901058018950, 8901058901771""} 160",1,XISNOY5
2026-10-07 10:54:58,B0V80HN4,Ca.4035960,Ca.4260256,CHCFUTBE7ZP3NGRW,"Kinder Creamy Chocolate Milk Chocolate 19 g {""customer_note"":""Image/design may vary""} {""ean"":""80824107""} 25",1,XIT2J7Z
2026-10-07 10:54:58,B0V80HN4,Ca.4035960,Ca.4260256,CHCFAH2HYPXSFK72,"HERSHEY'S Kisses Milk, Melt, In, Mouth Chocolates Milk Chocolate 36 g {"""":""""} {""ean"":""8901071701938""} 60",1,XISDCSA
2026-10-07 10:54:58,B0V80HN4,Ca.4035960,Ca.4260256,CHCF2ASRCJZJHV8A,"Cadbury Nutties Chocolate Milk Chocolate 30 g {""customer_note"":""Image/design may vary""} {""ean"":""7622202031618, 8901233028651, 7622202335488""} 45",1,XISJ5NW
2026-10-07 10:54:58,B0V80HN4,Ca.4035960,Ca.4260256,CHCH6FCPVGC8ZG4R,"Cadbury Dairy Milk Mini Treats Chocolate Milk Chocolate 140 g {"""":""""} {""ean"":""7622202220944, 7622202324512""} 173",1,XIRSUM9
2026-10-07 10:57:49,B0V80HFM,Ca.4344752,Ca.4260256,CHCEWXEHTSN8QRZS,"Cadbury Gems Chocolate Candy Pack Milk Chocolate 24.97 g {""customer_note"":""Image/design may vary""} 7622201799120, 8901233022352, 7622202819933, 8901233022864, 7622202332197, 7622202216749 20",1,XIPNN1B
2026-10-07 10:58:53,B0V80HGQ,Ca.4035960,Ca.4260256,CHCFUTBE7ZP3NGRW,"Kinder Creamy Chocolate Milk Chocolate 19 g {""customer_note"":""Image/design may vary""} {""ean"":""80824107""} 25",3,XIT2J7Z
2026-10-07 10:58:53,B0V80HGQ,Ca.4035960,Ca.4260256,CHCEUUWUF8UUYF8E,"Kinder JOY Blue Chocolate Milk Chocolate 20 g {"""":""""} {""ean"":""80924517, 80972945, 80135890""} 45",1,XISYDBI
2026-10-07 10:58:53,B0V80HGQ,Ca.4035960,Ca.4260256,CHCF4PA9JHTA4XKE,"HERSHEY'S Raspberry And Goji Dark Chocolate Dark Chocolate 29.7 g {"""":""""} {""ean"":""8901071705998, 8901071702249""} 60",1,XIS37VI
2026-10-07 10:58:53,B0V80HGQ,Ca.4035960,Ca.4260256,CHCGGHVVY3RAFN4K,"Amul Almondo Chocolate Coated Almond Milk Chocolate 200 g {"""":""""} {""ean"":""8901262071611""} 210",1,XISZA88
2026-10-07 10:58:53,B0V80HGQ,Ca.4035960,Ca.4260256,CHCFAH2HYPXSFK72,"HERSHEY'S Kisses Milk, Melt, In, Mouth Chocolates Milk Chocolate 36 g {"""":""""} {""ean"":""8901071701938""} 60",1,XISDCSA
2026-10-07 10:58:53,B0V80HGQ,Ca.4035960,Ca.4260256,CHCF2ASRCJZJHV8A,"Cadbury Nutties Chocolate Milk Chocolate 30 g {""customer_note"":""Image/design may vary""} {""ean"":""7622202031618, 8901233028651, 7622202335488""} 45",1,XISJ5NW
2026-10-07 10:58:53,B0V80HGQ,Ca.4035960,Ca.4260256,CHCEWA35HTSZ73ZY,"Kinder JOY Pink Chocolate Milk Chocolate 20 g {"""":""""} {""ean"":""80135890, 80768258, 80906407, 80948933""} 50",10,XISSOC5
2026-10-07 10:58:53,B0V80HGQ,Ca.4035960,Ca.4260256,CHCH6FCPVGC8ZG4R,"Cadbury Dairy Milk Mini Treats Chocolate Milk Chocolate 140 g {"""":""""} {""ean"":""7622202220944, 7622202324512""} 173",1,XIRSUM9
2026-10-07 10:58:53,B0V80HGQ,Ca.4035960,Ca.4260256,CHCH7W29GP8XFFDX,"SNICKERS Minis Chocolate Compound Chocolate 138 g {"""":""""} {""ean"":""8902433030529""} 199",1,XISGX6I
2026-10-07 10:59:22,B0V80HFC,Ca.4344752,Ca.4260256,CHCF4PA9BQXQ4TGU,"HERSHEY'S Exotic Dark Blueberry And Acai Chocolate Dark Chocolate 29.7 g {"""":""""} {""ean"":""8901071700924, 8901071702232, 8901071706018""} 55",1,XISPFMR
2026-10-07 10:59:22,B0V80HFC,Ca.4344752,Ca.4260256,CHCEWA35X8GVQJP7,"FERRERO ROCHER Milk Chocolate Milk Chocolate 300 g {"""":""""} {""ean"":""8000500009673""} 929",1,XISOK88
2026-10-07 10:59:22,B0V80HFC,Ca.4344752,Ca.4260256,CHCGQCZRZZYHGGS6,"FERRERO ROCHER Chocolate Milk Chocolate 100 g {"""":""""} {""ean"":""8000500313183""} 349",1,XISJU3X
2026-10-07 10:59:22,B0V80HFC,Ca.4344752,Ca.4260256,CHCF8YEC6HSDGYQC,"NESTLE Kitkat Minis Chocolate Milk Chocolate 111 g {"""":""""} {""ean"":""8901058011012, 8901058033441""} 147",1,XISIY4D
2026-10-07 10:59:22,B0V80HFC,Ca.4344752,Ca.4260256,CHCHGHZFSAEE22ZE,"NESTLE Kitkat Pops Chocolate Baking Chocolate 32 g {"""":""""} {""ean"":""8901058024937""} 40",2,XISE6K4
2026-10-07 10:59:22,B0V80HFC,Ca.4344752,Ca.4260256,CHCGSAZ6ZAHXTXFC,"Kinder Schoko, Bons Crispy Chocolate Milk Chocolate 22.4 g {""customer_note"":""Image/design may vary""} {""ean"":""8000500418512""} 50",2,XIT2JBJ
2026-10-07 10:59:22,B0V80HFC,Ca.4344752,Ca.4260256,CHCH6FCPVGC8ZG4R,"Cadbury Dairy Milk Mini Treats Chocolate Milk Chocolate 140 g {"""":""""} {""ean"":""7622202220944, 7622202324512""} 173",3,XIRSUM9
2026-10-07 11:01:47,B0V80HEI,Ca.4035960,Ca.4260256,CHCF4PA9BJR2XA9B,"NESTLE Munch Chocolate Milk Chocolate 158.4 g {"""":""""} {""ean"":""8901058022162, 8901058000702, 8901058018950, 8901058901771""} 160",5,XISNOY5
2026-10-07 11:01:47,B0V80HEI,Ca.4035960,Ca.4260256,CHCFAH2HYMYBFGHP,"HERSHEY'S Cookies N Creme Kisses Small Chocolate White Chocolate 33.6 g {"""":""""} {""ean"":""8901071701952""} 65",2,XIRW4LE
2026-10-07 11:01:47,B0V80HEI,Ca.4035960,Ca.4260256,CHCF4PA9JHTA4XKE,"HERSHEY'S Raspberry And Goji Dark Chocolate Dark Chocolate 29.7 g {"""":""""} {""ean"":""8901071705998, 8901071702249""} 60",1,XIS37VI
2026-10-07 11:01:47,B0V80HEI,Ca.4035960,Ca.4260256,CHCGGHVVY3RAFN4K,"Amul Almondo Chocolate Coated Almond Milk Chocolate 200 g {"""":""""} {""ean"":""8901262071611""} 210",2,XISZA88
2026-10-07 11:01:47,B0V80HEI,Ca.4035960,Ca.4260256,CHCFAH2HG8ZVGKWY,"HERSHEY'S Almond Kisses Small Chocolate Milk Chocolate 33.6 g {"""":""""} {""ean"":""8901071701945""} 50",1,XIS2YNV
2026-10-07 11:01:47,B0V80HEI,Ca.4035960,Ca.4260256,CHCGSAZ6ZAHXTXFC,"Kinder Schoko, Bons Crispy Chocolate Milk Chocolate 22.4 g {""customer_note"":""Image/design may vary""} {""ean"":""8000500418512""} 50",2,XIT2JBJ
2026-10-07 11:01:47,B0V80HEI,Ca.4035960,Ca.4260256,CHCEWA35HTSZ73ZY,"Kinder JOY Pink Chocolate Milk Chocolate 20 g {"""":""""} {""ean"":""80135890, 80768258, 80906407, 80948933""} 50",2,XISSOC5
2026-10-07 11:01:47,B0V80HEI,Ca.4035960,Ca.4260256,CHCHFPVFJYUKU5HF,"Cadbury Dairy Milk Silk Dairy Milk Silk Miniatures Premium Assorted Chocolate Gift Pack Milk Chocolate 80 g {"""":""""} {""ean"":""7622202856488, 7622202233616""} 250",1,XIRK9DX
2026-10-07 11:02:30,B0V80HE8,Ca.4035960,Ca.4260256,CHCFKK9CNACTFA4Q,"HERSHEY'S Creamy Milk Chocolate Milk Chocolate 38 g {"""":""""} 16942836717947, 6942836717957, 8901071705646 53",1,XIP90SQ
2026-10-07 11:02:46,B0V80HH0,Ca.4344752,Ca.4260256,CHCF4PA9BQXQ4TGU,"HERSHEY'S Exotic Dark Blueberry And Acai Chocolate Dark Chocolate 29.7 g {"""":""""} {""ean"":""8901071700924, 8901071702232, 8901071706018""} 55",4,XISPFMR
2026-10-07 11:02:46,B0V80HH0,Ca.4344752,Ca.4260256,CHCG53J5HH8N9ZYP,"HERSHEY'S Kisses Moments Milk Chocolate, Compound Chocolate 124.5 g {"""":""""} {""ean"":""8901071705547""} 280",1,XIRGLTH
2026-10-07 11:02:46,B0V80HH0,Ca.4344752,Ca.4260256,CHCGHNARE8H7V6DB,"Kinder JOY Pink Chocolate Milk Chocolate 60 g {"""":""""} {""ean"":""8000500394847""} 135",3,XIT2I0K
2026-10-07 11:02:46,B0V80HH0,Ca.4344752,Ca.4260256,CKBGHYCFQEZZ6K4C,"HERSHEY'S Hazelnut N Cookies Kisses Small Chocolate Milk Chocolate 33.6 g {"""":""""} {""ean"":""8901071704335""} 57",3,XIRDNQ7
2026-10-07 11:02:46,B0V80HH0,Ca.4344752,Ca.4260256,CHCF2ASRCJZJHV8A,"Cadbury Nutties Chocolate Milk Chocolate 30 g {""customer_note"":""Image/design may vary""} {""ean"":""7622202031618, 8901233028651, 7622202335488""} 45",4,XISJ5NW
2026-10-07 11:02:46,B0V80HH0,Ca.4344752,Ca.4260256,CHCGSAZ6ZAHXTXFC,"Kinder Schoko, Bons Crispy Chocolate Milk Chocolate 22.4 g {""customer_note"":""Image/design may vary""} {""ean"":""8000500418512""} 50",1,XIT2JBJ
2026-10-07 11:02:46,B0V80HH0,Ca.4344752,Ca.4260256,CHCEWA35HTSZ73ZY,"Kinder JOY Pink Chocolate Milk Chocolate 20 g {"""":""""} {""ean"":""80135890, 80768258, 80906407, 80948933""} 50",3,XISSOC5
2026-10-07 11:05:42,B0V80HLG,Ca.4035960,Ca.4260256,CHCF4PA9BJR2XA9B,"NESTLE Munch Chocolate Milk Chocolate 158.4 g {"""":""""} {""ean"":""8901058022162, 8901058000702, 8901058018950, 8901058901771""} 160",1,XISNOY5
2026-10-07 11:05:42,B0V80HLG,Ca.4035960,Ca.4260256,CHCF4PA9JHTA4XKE,"HERSHEY'S Raspberry And Goji Dark Chocolate Dark Chocolate 29.7 g {"""":""""} {""ean"":""8901071705998, 8901071702249""} 60",1,XIS37VI
2026-10-07 11:05:42,B0V80HLG,Ca.4035960,Ca.4260256,CHCGQCZRZZYHGGS6,"FERRERO ROCHER Chocolate Milk Chocolate 100 g {"""":""""} {""ean"":""8000500313183""} 349",1,XISJU3X
2026-10-07 11:05:42,B0V80HLG,Ca.4035960,Ca.4260256,CHCGGHVVY3RAFN4K,"Amul Almondo Chocolate Coated Almond Milk Chocolate 200 g {"""":""""} {""ean"":""8901262071611""} 210",1,XISZA88
2026-10-07 11:05:42,B0V80HLG,Ca.4035960,Ca.4260256,CHCFAH2HYPXSFK72,"HERSHEY'S Kisses Milk, Melt, In, Mouth Chocolates Milk Chocolate 36 g {"""":""""} {""ean"":""8901071701938""} 60",1,XISDCSA
2026-10-07 11:05:42,B0V80HLG,Ca.4035960,Ca.4260256,CHCHGHZFSAEE22ZE,"NESTLE Kitkat Pops Chocolate Baking Chocolate 32 g {"""":""""} {""ean"":""8901058024937""} 40",1,XISE6K4
2026-10-07 11:05:42,B0V80HLG,Ca.4035960,Ca.4260256,CHCGQCZRRMMGDWSN,"FERRERO ROCHER Rocher Chocolate Milk Chocolate 50 g {"""":""""} {""ean"":""8000500126936""} 179",1,XISMEDP
2026-10-07 11:05:42,B0V80HLG,Ca.4035960,Ca.4260256,CHCEWA35HTSZ73ZY,"Kinder JOY Pink Chocolate Milk Chocolate 20 g {"""":""""} {""ean"":""80135890, 80768258, 80906407, 80948933""} 50",1,XISSOC5
2026-10-07 11:05:42,B0V80HLG,Ca.4035960,Ca.4260256,CHCH6FCPVGC8ZG4R,"Cadbury Dairy Milk Mini Treats Chocolate Milk Chocolate 140 g {"""":""""} {""ean"":""7622202220944, 7622202324512""} 173",1,XIRSUM9
2026-10-07 11:06:20,B0V80HLQ,Ca.4035960,Ca.4260256,CHCHF6DCN3JHZFWN,"Kinder Bueno Chocolate Milk Chocolate 43 g {""customer_note"":""""} {""ean"":""8000500066027""} 130",1,XISRENX
2026-10-07 11:06:20,B0V80HLQ,Ca.4035960,Ca.4260256,CHCF4PA9BJR2XA9B,"NESTLE Munch Chocolate Milk Chocolate 158.4 g {"""":""""} {""ean"":""8901058022162, 8901058000702, 8901058018950, 8901058901771""} 160",1,XISNOY5
2026-10-07 11:06:20,B0V80HLQ,Ca.4035960,Ca.4260256,CHCGHNARQ8YYMRGT,"Kinder JOY Blue Chocolate Milk Chocolate 60 g {"""":""""} {""ean"":""8000500394854""} 150",2,XIRO7JN
2026-10-07 11:06:20,B0V80HLQ,Ca.4035960,Ca.4260256,CHCF8YEC6HSDGYQC,"NESTLE Kitkat Minis Chocolate Milk Chocolate 111 g {"""":""""} {""ean"":""8901058011012, 8901058033441""} 147",2,XISIY4D
2026-10-07 11:06:20,B0V80HLQ,Ca.4035960,Ca.4260256,CHCFAH2HYPXSFK72,"HERSHEY'S Kisses Milk, Melt, In, Mouth Chocolates Milk Chocolate 36 g {"""":""""} {""ean"":""8901071701938""} 60",2,XISDCSA
2026-10-07 11:06:20,B0V80HLQ,Ca.4035960,Ca.4260256,CHCEWA35HTSZ73ZY,"Kinder JOY Pink Chocolate Milk Chocolate 20 g {"""":""""} {""ean"":""80135890, 80768258, 80906407, 80948933""} 50",1,XISSOC5
2026-10-07 11:10:15,B0V80HHK,Ca.4344752,Ca.4260256,CHCF4PA9BQXQ4TGU,"HERSHEY'S Exotic Dark Blueberry And Acai Chocolate Dark Chocolate 29.7 g {"""":""""} {""ean"":""8901071700924, 8901071702232, 8901071706018""} 55",1,XISPFMR
2026-10-07 11:10:15,B0V80HHK,Ca.4344752,Ca.4260256,CHCF4PA9BJR2XA9B,"NESTLE Munch Chocolate Milk Chocolate 158.4 g {"""":""""} {""ean"":""8901058022162, 8901058000702, 8901058018950, 8901058901771""} 160",8,XISNOY5
2026-10-07 11:10:15,B0V80HHK,Ca.4344752,Ca.4260256,CHCF8YEC6HSDGYQC,"NESTLE Kitkat Minis Chocolate Milk Chocolate 111 g {"""":""""} {""ean"":""8901058011012, 8901058033441""} 147",1,XISIY4D
2026-10-07 11:10:15,B0V80HHK,Ca.4344752,Ca.4260256,CHCFAH2HYPXSFK72,"HERSHEY'S Kisses Milk, Melt, In, Mouth Chocolates Milk Chocolate 36 g {"""":""""} {""ean"":""8901071701938""} 60",3,XISDCSA
2026-10-07 11:10:15,B0V80HHK,Ca.4344752,Ca.4260256,CHCHF6DAYRPECXG9,"FERRERO ROCHER Moments Chocolate Dark Chocolate 58 g {"""":""""} {""ean"":""8000500455876""} 179",1,XISJTMX
2026-10-07 11:10:15,B0V80HHK,Ca.4344752,Ca.4260256,CHCHHZD7K9PMHGUC,"Fabelle Choco Deck Mini Delights Gift Milk Chocolate 70 g {"""":""""} {""ean"":""8909081008016""} 200",1,XISMCHF
2026-10-07 11:10:15,B0V80HHK,Ca.4344752,Ca.4260256,CHCEWA35HTSZ73ZY,"Kinder JOY Pink Chocolate Milk Chocolate 20 g {"""":""""} {""ean"":""80135890, 80768258, 80906407, 80948933""} 50",4,XISSOC5
2026-10-07 11:10:15,B0V80HHK,Ca.4344752,Ca.4260256,CHCH6FCPVGC8ZG4R,"Cadbury Dairy Milk Mini Treats Chocolate Milk Chocolate 140 g {"""":""""} {""ean"":""7622202220944, 7622202324512""} 173",2,XIRSUM9
2026-10-07 11:10:15,B0V80HHK,Ca.4344752,Ca.4260256,CHCH7W29GP8XFFDX,"SNICKERS Minis Chocolate Compound Chocolate 138 g {"""":""""} {""ean"":""8902433030529""} 199",3,XISGX6I
2026-10-07 11:10:15,B0V80HHK,Ca.4344752,Ca.4260256,CHCH7W29NVCHXSHB,"SNICKERS Nougat & Caramel Miniatures Filled Bar Chocolate Pack Compound Chocolate 103.5 g {"""":""""} 8902433030550, 8902433003769 159",1,XIQ571Z
2026-10-07 11:10:38,B0V80HL6,Ca.4035960,Ca.4260256,CHCEUUWUF8UUYF8E,"Kinder JOY Blue Chocolate Milk Chocolate 20 g {"""":""""} {""ean"":""80924517, 80972945, 80135890""} 45",1,XISYDBI
2026-10-07 11:10:38,B0V80HL6,Ca.4035960,Ca.4260256,CKBGHYCFQEZZ6K4C,"HERSHEY'S Hazelnut N Cookies Kisses Small Chocolate Milk Chocolate 33.6 g {"""":""""} {""ean"":""8901071704335""} 57",1,XIRDNQ7
2026-10-07 11:10:38,B0V80HL6,Ca.4035960,Ca.4260256,CHCFAH2HYPXSFK72,"HERSHEY'S Kisses Milk, Melt, In, Mouth Chocolates Milk Chocolate 36 g {"""":""""} {""ean"":""8901071701938""} 60",1,XISDCSA
2026-10-07 11:10:38,B0V80HL6,Ca.4035960,Ca.4260256,CHCFKK9CNACTFA4Q,"HERSHEY'S Milk Chocolate Milk Chocolate 38 g {"""":""""} {""ean"":""16942836717947, 6942836717957, 8901071705646""} 55",1,XIS38QN
2026-10-07 11:10:38,B0V80HL6,Ca.4035960,Ca.4260256,CHCHGHZFSAEE22ZE,"NESTLE Kitkat Pops Chocolate Baking Chocolate 32 g {"""":""""} {""ean"":""8901058024937""} 40",1,XISE6K4
2026-10-07 11:10:38,B0V80HL6,Ca.4035960,Ca.4260256,CHCHF6DAYRPECXG9,"FERRERO ROCHER Moments Chocolate Dark Chocolate 58 g {"""":""""} {""ean"":""8000500455876""} 179",1,XISJTMX
2026-10-07 11:10:38,B0V80HL6,Ca.4035960,Ca.4260256,CHCFAH2HG8ZVGKWY,"HERSHEY'S Almond Kisses Small Chocolate Milk Chocolate 33.6 g {"""":""""} {""ean"":""8901071701945""} 50",3,XIS2YNV
2026-10-07 11:10:38,B0V80HL6,Ca.4035960,Ca.4260256,CHCGSAZ6ZAHXTXFC,"Kinder Schoko, Bons Crispy Chocolate Milk Chocolate 22.4 g {""customer_note"":""Image/design may vary""} {""ean"":""8000500418512""} 50",1,XIT2JBJ
2026-10-07 11:14:02,B0V80HGG,Ca.4344752,Ca.4260256,CHCFAH2HG8ZVGKWY,"HERSHEY'S Almond Kisses Small Chocolate Milk Chocolate 33.6 g {"""":""""} {""ean"":""8901071701945""} 50",1,XIS2YNV
2026-10-07 11:14:02,B0V80HGG,Ca.4344752,Ca.4260256,CHCGSAZ6ZAHXTXFC,"Kinder Schoko, Bons Crispy Chocolate Milk Chocolate 22.4 g {""customer_note"":""Image/design may vary""} {""ean"":""8000500418512""} 50",1,XIT2JBJ
2026-10-07 11:14:02,B0V80HGG,Ca.4344752,Ca.4260256,CHCH6FCPVGC8ZG4R,"Cadbury Dairy Milk Mini Treats Chocolate Milk Chocolate 140 g {"""":""""} {""ean"":""7622202220944, 7622202324512""} 173",1,XIRSUM9
2026-10-07 11:16:21,B0V65YXE,Ca.4344752,Ca.4260256,CHCF4PA9BQXQ4TGU,"HERSHEY'S Exotic Dark Blueberry And Acai Chocolate Dark Chocolate 29.7 g {"""":""""} {""ean"":""8901071700924, 8901071702232, 8901071706018""} 55",2,XISPFMR
2026-10-07 11:16:21,B0V65YXE,Ca.4344752,Ca.4260256,CHCF4PA9BJR2XA9B,"NESTLE Munch Chocolate Milk Chocolate 158.4 g {"""":""""} {""ean"":""8901058022162, 8901058000702, 8901058018950, 8901058901771""} 160",2,XISNOY5
2026-10-07 11:16:21,B0V65YXE,Ca.4344752,Ca.4260256,CHCFUTBE7ZP3NGRW,"Kinder Creamy Chocolate Milk Chocolate 19 g {""customer_note"":""Image/design may vary""} {""ean"":""80824107""} 25",1,XIT2J7Z
2026-10-07 11:16:21,B0V65YXE,Ca.4344752,Ca.4260256,CHCFAH2HYMYBFGHP,"HERSHEY'S Cookies N Creme Kisses Small Chocolate White Chocolate 33.6 g {"""":""""} {""ean"":""8901071701952""} 65",1,XIRW4LE
2026-10-07 11:16:21,B0V65YXE,Ca.4344752,Ca.4260256,CHCFT9HGYGTDD6CK,"Cadbury Dairy Milk Silk Selections Assorted Chocolate Gift Pack Milk Chocolate 213 g {""customer_note"":""Image/design may vary""} {""ean"":""7622202856402""} 550",1,XIRO6HH
2026-10-07 11:16:21,B0V65YXE,Ca.4344752,Ca.4260256,CHCGQCZRZZYHGGS6,"FERRERO ROCHER Chocolate Milk Chocolate 100 g {"""":""""} {""ean"":""8000500313183""} 349",1,XISJU3X
2026-10-07 11:16:21,B0V65YXE,Ca.4344752,Ca.4260256,CHCF8YEC6HSDGYQC,"NESTLE Kitkat Minis Chocolate Milk Chocolate 111 g {"""":""""} {""ean"":""8901058011012, 8901058033441""} 147",4,XISIY4D
2026-10-07 11:16:21,B0V65YXE,Ca.4344752,Ca.4260256,CHCHGHZFSAEE22ZE,"NESTLE Kitkat Pops Chocolate Baking Chocolate 32 g {"""":""""} {""ean"":""8901058024937""} 40",2,XISE6K4
2026-10-07 11:16:21,B0V65YXE,Ca.4344752,Ca.4260256,CHCGSAZ6C5BBVDKA,"Kinder Schoko, Bons Crispy Chocolate Milk Chocolate 67.2 g {""customer_note"":""Image/design may vary""} {""ean"":""8000500418482""} 135",3,XISJDAL
2026-10-07 11:16:21,B0V65YXE,Ca.4344752,Ca.4260256,CHCGQCZRRMMGDWSN,"FERRERO ROCHER Rocher Chocolate Milk Chocolate 50 g {"""":""""} {""ean"":""8000500126936""} 179",2,XISMEDP
2026-10-07 11:21:31,B0V7SNDG,Ca.4344752,Ca.4260256,CHCF4PA9BJR2XA9B,"NESTLE Munch Chocolate Milk Chocolate 158.4 g {"""":""""} {""ean"":""8901058022162, 8901058000702, 8901058018950, 8901058901771""} 160",2,XISNOY5
2026-10-07 11:21:31,B0V7SNDG,Ca.4344752,Ca.4260256,CHCFUTBE7ZP3NGRW,"Kinder Creamy Chocolate Milk Chocolate 19 g {""customer_note"":""Image/design may vary""} {""ean"":""80824107""} 25",1,XIT2J7Z
2026-10-07 11:21:31,B0V7SNDG,Ca.4344752,Ca.4260256,CHCGQCZRZZYHGGS6,"FERRERO ROCHER Chocolate Milk Chocolate 100 g {"""":""""} {""ean"":""8000500313183""} 349",2,XISJU3X
2026-10-07 11:21:31,B0V7SNDG,Ca.4344752,Ca.4260256,CHCGGHVVY3RAFN4K,"Amul Almondo Chocolate Coated Almond Milk Chocolate 200 g {"""":""""} {""ean"":""8901262071611""} 210",1,XISZA88
2026-10-07 11:21:31,B0V7SNDG,Ca.4344752,Ca.4260256,CHCFAH2HYPXSFK72,"HERSHEY'S Kisses Milk, Melt, In, Mouth Chocolates Milk Chocolate 36 g {"""":""""} {""ean"":""8901071701938""} 60",2,XISDCSA
2026-10-07 11:21:31,B0V7SNDG,Ca.4344752,Ca.4260256,CHCHGHZFSAEE22ZE,"NESTLE Kitkat Pops Chocolate Baking Chocolate 32 g {"""":""""} {""ean"":""8901058024937""} 40",2,XISE6K4
2026-10-07 11:21:31,B0V7SNDG,Ca.4344752,Ca.4260256,CHCG53J5FHZWFFYR,"HERSHEY'S Exotic Dark Premium Chocolates Dark Chocolate 87 g {"""":""""} {""ean"":""8901071705516""} 150",1,XIRYA6U
2026-10-07 11:21:31,B0V7SNDG,Ca.4344752,Ca.4260256,CHCEWA35STGNHC8M,"FERRERO ROCHER Milk Chocolate Milk Chocolate 200 g {"""":""""} {""ean"":""8000500003787""} 529",1,XISOLIJ
2026-10-07 11:21:31,B0V7SNDG,Ca.4344752,Ca.4260256,CHCHF6DAYRPECXG9,"FERRERO ROCHER Moments Chocolate Dark Chocolate 58 g {"""":""""} {""ean"":""8000500455876""} 179",1,XISJTMX
2026-10-07 11:21:31,B0V7SNDG,Ca.4344752,Ca.4260256,CHCGQCZRRMMGDWSN,"FERRERO ROCHER Rocher Chocolate Milk Chocolate 50 g {"""":""""} {""ean"":""8000500126936""} 179",4,XISMEDP
2026-10-07 11:21:31,B0V7SNDG,Ca.4344752,Ca.4260256,CHCH6FCPVGC8ZG4R,"Cadbury Dairy Milk Mini Treats Chocolate Milk Chocolate 140 g {"""":""""} {""ean"":""7622202220944, 7622202324512""} 173",3,XIRSUM9
2026-10-07 11:21:31,B0V7SNDG,Ca.4344752,Ca.4260256,CHCH7W29NVCHXSHB,"SNICKERS Nougat & Caramel Miniatures Filled Bar Chocolate Pack Compound Chocolate 103.5 g {"""":""""} 8902433030550, 8902433003769 159",1,XIQ571Z
2026-10-07 11:28:08,B0V7SNC2,Ca.4344752,Ca.4260256,CHCHZAVNUZ3TJ8P9,"NESTLE KitKat Cele-Break, Assorted Gift Box Milk Chocolate 199.5 g {"""":""""} {""ean"":""8901058032598""}",1,XIR7JH4
2026-10-07 11:28:08,B0V7SNC2,Ca.4344752,Ca.4260256,CHCFUTBE7ZP3NGRW,"Kinder Creamy Chocolate Milk Chocolate 19 g {""customer_note"":""Image/design may vary""} {""ean"":""80824107""} 25",4,XIT2J7Z
2026-10-07 11:28:08,B0V7SNC2,Ca.4344752,Ca.4260256,CHCFAH2HYMYBFGHP,"HERSHEY'S Cookies N Creme Kisses Small Chocolate White Chocolate 33.6 g {"""":""""} {""ean"":""8901071701952""} 65",1,XIRW4LE
2026-10-07 11:28:08,B0V7SNC2,Ca.4344752,Ca.4260256,CKBGHYCFQEZZ6K4C,"HERSHEY'S Hazelnut N Cookies Kisses Small Chocolate Milk Chocolate 33.6 g {"""":""""} {""ean"":""8901071704335""} 57",2,XIRDNQ7
2026-10-07 11:28:08,B0V7SNC2,Ca.4344752,Ca.4260256,CHCF8YEC6HSDGYQC,"NESTLE Kitkat Minis Chocolate Milk Chocolate 111 g {"""":""""} {""ean"":""8901058011012, 8901058033441""} 147",4,XISIY4D
2026-10-07 11:28:08,B0V7SNC2,Ca.4344752,Ca.4260256,CHCFAH2HYPXSFK72,"HERSHEY'S Kisses Milk, Melt, In, Mouth Chocolates Milk Chocolate 36 g {"""":""""} {""ean"":""8901071701938""} 60",5,XISDCSA
2026-10-07 11:28:08,B0V7SNC2,Ca.4344752,Ca.4260256,CHCFKK9CNACTFA4Q,"HERSHEY'S Milk Chocolate Milk Chocolate 38 g {"""":""""} {""ean"":""16942836717947, 6942836717957, 8901071705646""} 55",1,XIS38QN
2026-10-07 11:28:08,B0V7SNC2,Ca.4344752,Ca.4260256,CHCG53J5FHZWFFYR,"HERSHEY'S Exotic Dark Premium Chocolates Dark Chocolate 87 g {"""":""""} {""ean"":""8901071705516""} 150",2,XIRYA6U
2026-10-07 11:28:08,B0V7SNC2,Ca.4344752,Ca.4260256,CHCFAH2HG8ZVGKWY,"HERSHEY'S Almond Kisses Small Chocolate Milk Chocolate 33.6 g {"""":""""} {""ean"":""8901071701945""} 50",2,XIS2YNV
2026-10-07 11:28:08,B0V7SNC2,Ca.4344752,Ca.4260256,CHCH6FCPVGC8ZG4R,"Cadbury Dairy Milk Mini Treats Chocolate Milk Chocolate 140 g {"""":""""} {""ean"":""7622202220944, 7622202324512""} 173",3,XIRSUM9
2026-10-07 11:35:05,B0V80HFW,Ca.4344752,Ca.4260256,CHCF4PA9BJR2XA9B,"NESTLE Munch Chocolate Milk Chocolate 158.4 g {"""":""""} {""ean"":""8901058022162, 8901058000702, 8901058018950, 8901058901771""} 160",1,XISNOY5
2026-10-07 11:35:05,B0V80HFW,Ca.4344752,Ca.4260256,CHCHF6DAGNXHUM6W,"Kinder Schoko, Bons Crispy Chocolate Milk Chocolate 89.6 g {""customer_note"":""""} {""ean"":""8000500346273""} 280",6,XIRHCAD
2026-10-07 11:35:05,B0V80HFW,Ca.4344752,Ca.4260256,CHCGGHVVY3RAFN4K,"Amul Almondo Chocolate Coated Almond Milk Chocolate 200 g {"""":""""} {""ean"":""8901262071611""} 210",1,XISZA88
2026-10-07 11:35:05,B0V80HFW,Ca.4344752,Ca.4260256,CHCFAH2HYPXSFK72,"HERSHEY'S Kisses Milk, Melt, In, Mouth Chocolates Milk Chocolate 36 g {"""":""""} {""ean"":""8901071701938""} 60",2,XISDCSA
2026-10-07 11:35:05,B0V80HFW,Ca.4344752,Ca.4260256,CHCF2ASRCJZJHV8A,"Cadbury Nutties Chocolate Milk Chocolate 30 g {""customer_note"":""Image/design may vary""} {""ean"":""7622202031618, 8901233028651, 7622202335488""} 45",2,XISJ5NW
2026-10-07 11:35:05,B0V80HFW,Ca.4344752,Ca.4260256,CHCGSAZ6C5BBVDKA,"Kinder Schoko, Bons Crispy Chocolate Milk Chocolate 67.2 g {""customer_note"":""Image/design may vary""} {""ean"":""8000500418482""} 135",26,XISJDAL
2026-10-07 11:35:05,B0V80HFW,Ca.4344752,Ca.4260256,CHCGQCZRRMMGDWSN,"FERRERO ROCHER Rocher Chocolate Milk Chocolate 50 g {"""":""""} {""ean"":""8000500126936""} 179",3,XISMEDP
2026-10-07 11:35:05,B0V80HFW,Ca.4344752,Ca.4260256,CHCEWA35HTSZ73ZY,"Kinder JOY Pink Chocolate Milk Chocolate 20 g {"""":""""} {""ean"":""80135890, 80768258, 80906407, 80948933""} 50",2,XISSOC5
2026-10-07 11:35:08,B0V7SMZK,Ca.4035960,Ca.4344752,CHCEZX2N7Y6HHARF,"NESTLE KitKat 4 Fingers Choco Coated Wafer Milk Chocolate 38.5 g {"""":""""} 8901058903164, 8901058903614 35",1,XIOGBDN
2026-10-07 11:35:30,B0V7SMXC,Ca.4035960,Ca.4260256,CHEG74UHB2GJKYAK,"Dlecta NA Processed cheese Slices 200 g 1 8906010090074, 8906010090777 189",1,XIT0QT4
2026-10-07 11:38:06,B0V7SN7M,Ca.4035960,Ca.4260256,CHCEZX2N7Y6HHARF,"NESTLE KitKat 4 Fingers Choco Coated Wafer Milk Chocolate 38.5 g {"""":""""} 8901058903164, 8901058903614 35",5,XIOGBDN
2026-10-07 11:38:28,B0V7SN7C,Ca.4035960,Ca.4260256,CUYF4Z6GVZ5C8CAU,EPIGAMIA Alphonso Mango yogurt Greek Yogurt 85 g 8906059635014 55,2,XISZ0LV
2026-10-07 11:41:14,B0V7SN8G,Ca.4035960,Ca.4260256,CHCEZX2N7Y6HHARF,"NESTLE KitKat 4 Fingers Choco Coated Wafer Milk Chocolate 38.5 g {"""":""""} 8901058903164, 8901058903614 35",7,XIOGBDN
2026-10-07 11:41:44,B0V7SN4U,Ca.4035960,Ca.4260256,CHCGZYFRQGHSRSVW,"Cadbury 5 Star Kitted Chocolate Milk Chocolate 96 g {""customer_note"":""Image/design may vary""} {""ean"":""7622202315237, 7622202218262, 7622202318320""} 60",1,XISM49K
2026-10-07 11:41:44,B0V7SN4U,Ca.4035960,Ca.4260256,MLKHMG8BZ5EQ9GMR,Avvatar Vanilla 15g protein Cold Coffee Flavored 250 ml Vanilla 8906001028789 120,1,XISCF2L
2026-10-07 11:41:44,B0V7SN4U,Ca.4035960,Ca.4260256,CHCG8SUY6FD7V8TM,"Cadbury Dairy Milk Maha Chocolate Milk Chocolate 46 g {""customer_note"":""Image/design may vary""} {""ean"":""7622202398735, 7622201822163, 7622202245589""} 55",1,XIRXP4V
2026-10-07 11:41:44,B0V7SN4U,Ca.4035960,Ca.4260256,CHCGQCZRHCHGK48J,"FERRERO ROCHER Chocolates Milk Chocolate 89.6 g {"""":""""} {""ean"":""8000500411469""} 299",1,XISYJFN
2026-10-07 11:41:44,B0V7SN4U,Ca.4035960,Ca.4260256,CHCFBQSRBCY2HF2P,"Amul India Twilight Tryst Single Origin Dark Chocolate Dark Chocolate 125 g {"""":""""} {""ean"":""8901262071703, 8901262072670""} 200",3,XIRT1HT
2026-10-07 11:41:44,B0V7SN4U,Ca.4035960,Ca.4260256,CHCEWXEHQJDGFCNJ,"Cadbury Dairy Milk Chocolate Milk Chocolate 20.2 g {""customer_note"":""Image/design may vary""} {""ean"":""7622202398698, 7622202328800, 7622202272639, 7622201149406, 7622202818363, 7622202324260""} 20",5,XISYJIS
2026-10-07 11:41:44,B0V7SN4U,Ca.4035960,Ca.4260256,MLKHMG8BQFXVZ9HT,Avvatar Classic 15g Protein Cold Coffee Flavored 250 ml Coffee 8906001028772 120,2,XISCF4Y
2026-10-07 11:42:43,B0V7SMTQ,Ca.4344752,Ca.4260256,CHCEUUWUF8UUYF8E,"Kinder JOY Blue Chocolate Milk Chocolate 20 g {"""":""""} {""ean"":""80924517, 80972945, 80135890""} 45",2,XISYDBI
2026-10-07 11:42:43,B0V7SMTQ,Ca.4344752,Ca.4260256,CKBGHYCFQEZZ6K4C,"HERSHEY'S Hazelnut N Cookies Kisses Small Chocolate Milk Chocolate 33.6 g {"""":""""} {""ean"":""8901071704335""} 57",1,XIRDNQ7
2026-10-07 11:42:43,B0V7SMTQ,Ca.4344752,Ca.4260256,CHCF8YEC6HSDGYQC,"NESTLE Kitkat Minis Chocolate Milk Chocolate 111 g {"""":""""} {""ean"":""8901058011012, 8901058033441""} 147",1,XISIY4D
2026-10-07 11:42:43,B0V7SMTQ,Ca.4344752,Ca.4260256,CHCFAH2HYPXSFK72,"HERSHEY'S Kisses Milk, Melt, In, Mouth Chocolates Milk Chocolate 36 g {"""":""""} {""ean"":""8901071701938""} 60",8,XISDCSA
2026-10-07 11:42:43,B0V7SMTQ,Ca.4344752,Ca.4260256,CHCGSAZ6C5BBVDKA,"Kinder Schoko, Bons Crispy Chocolate Milk Chocolate 67.2 g {""customer_note"":""Image/design may vary""} {""ean"":""8000500418482""} 135",1,XISJDAL
2026-10-07 11:42:43,B0V7SMTQ,Ca.4344752,Ca.4260256,CHCHMAP2C9UNQA9P,"Smoor Stir It Up 80% Extra Dark Chocolate Milk Chocolate 30 g {"""":""""} {""ean"":""8904303415689, 8904303407127""} 240",1,XIRTRFU
2026-10-07 11:42:43,B0V7SMTQ,Ca.4344752,Ca.4260256,CHCF4PA9BQXQ4TGU,"HERSHEY'S Exotic Dark Blueberry And Acai Chocolate Dark Chocolate 29.7 g {"""":""""} {""ean"":""8901071700924, 8901071702232, 8901071706018""} 55",1,XISPFMR
2026-10-07 11:42:43,B0V7SMTQ,Ca.4344752,Ca.4260256,CHCHF6DCN3JHZFWN,"Kinder Bueno Chocolate Milk Chocolate 43 g {""customer_note"":""""} {""ean"":""8000500066027""} 130",1,XISRENX
2026-10-07 11:42:43,B0V7SMTQ,Ca.4344752,Ca.4260256,CHCEWA35X8GVQJP7,"FERRERO ROCHER Milk Chocolate Milk Chocolate 300 g {"""":""""} {""ean"":""8000500009673""} 929",1,XISOK88
2026-10-07 11:42:43,B0V7SMTQ,Ca.4344752,Ca.4260256,CHCF4PA9BJR2XA9B,"NESTLE Munch Chocolate Milk Chocolate 158.4 g {"""":""""} {""ean"":""8901058022162, 8901058000702, 8901058018950, 8901058901771""} 160",1,XISNOY5
2026-10-07 11:42:43,B0V7SMTQ,Ca.4344752,Ca.4260256,CHCGHNARQ8YYMRGT,"Kinder JOY Blue Chocolate Milk Chocolate 60 g {"""":""""} {""ean"":""8000500394854""} 150",1,XIRO7JN
2026-10-07 11:42:43,B0V7SMTQ,Ca.4344752,Ca.4260256,CHCFUTBE7ZP3NGRW,"Kinder Creamy Chocolate Milk Chocolate 19 g {""customer_note"":""Image/design may vary""} {""ean"":""80824107""} 25",1,XIT2J7Z
2026-10-07 11:42:43,B0V7SMTQ,Ca.4344752,Ca.4260256,CHCFAH2HYUKG5AFH,"HERSHEY'S Cookies N Creme Kisses Large Chocolate White Chocolate 92.4 g {"""":""""} {""ean"":""8901071706308, 8901071701983""} 160",4,XIRVSZ1
2026-10-07 11:42:43,B0V7SMTQ,Ca.4344752,Ca.4260256,CHCGGHVVY3RAFN4K,"Amul Almondo Chocolate Coated Almond Milk Chocolate 200 g {"""":""""} {""ean"":""8901262071611""} 210",3,XISZA88
2026-10-07 11:42:43,B0V7SMTQ,Ca.4344752,Ca.4260256,CHCGHNARE8H7V6DB,"Kinder JOY Pink Chocolate Milk Chocolate 60 g {"""":""""} {""ean"":""8000500394847""} 135",1,XIT2I0K
2026-10-07 11:42:43,B0V7SMTQ,Ca.4344752,Ca.4260256,CHCF2ASRCJZJHV8A,"Cadbury Nutties Chocolate Milk Chocolate 30 g {""customer_note"":""Image/design may vary""} {""ean"":""7622202031618, 8901233028651, 7622202335488""} 45",4,XISJ5NW
2026-10-07 11:42:43,B0V7SMTQ,Ca.4344752,Ca.4260256,CHCEWA35HTSZ73ZY,"Kinder JOY Pink Chocolate Milk Chocolate 20 g {"""":""""} {""ean"":""80135890, 80768258, 80906407, 80948933""} 50",2,XISSOC5
2026-10-07 11:42:43,B0V7SMTQ,Ca.4344752,Ca.4260256,CHCHMW2ZQSUQWCW8,"Smoor Pistachio Kunafa Bite Chocolate White Chocolate 112 g {"""":""""} {""ean"":""8904303416013""} 695",1,XIRUGNY
2026-10-07 11:48:16,B0V7SN04,Ca.4035960,Ca.4260256,PTFH9WBCCWQXZ5HU,"ProPlant Plain Tofu 200 g 8908003398006, 8908003398532 80",3,XISWU66
2026-10-07 11:48:16,B0V7SN04,Ca.4035960,Ca.4260256,CHCFBQSRAJGHP7YX,"Amul Fruit 'N' Nut Chocolate Dark Chocolate 40 g {"""":""""} {""ean"":""8901262070058""} 45",2,XISCOKT
2026-10-07 11:48:16,B0V7SN04,Ca.4035960,Ca.4260256,MLKG6WUFDRZRG5ZG,Yakult Fermented Milk Drink Fermented 325 ml Plain 8906019270019 90,1,XISWUDT
2026-10-07 11:48:16,B0V7SN04,Ca.4035960,Ca.4260256,CHCHF8CJYEBNZABZ,"NESTLE Kitkat Cele Break Mini Gift Box Chocolate Dark Chocolate 181.5 g {"""":""""} {""ean"":""8901058026658""} 157",1,XISGMU5
2026-10-07 11:48:16,B0V7SN04,Ca.4035960,Ca.4260256,CUYH5HHHHQZD26PQ,"Frubon NA Fruit Yogurt 100 g 8906129282018, 8906129282018 40",1,XISW2B8
2026-10-07 11:48:16,B0V7SN04,Ca.4035960,Ca.4260256,CHEEZWYRZQGXA5FA,Go NA Processed cheese Slices 200 g 1 8906001020196 169,2,XISMDB5
2026-10-07 11:48:16,B0V7SN04,Ca.4035960,Ca.4260256,BUTEZ3B93EPCJTTV,Amul NA Unsalted Butter 100 g 8901262010085 65,4,XIS4TPV
2026-10-07 11:48:16,B0V7SN04,Ca.4035960,Ca.4260256,CHEEZ6A8KJRBNKED,Amul NA Processed cheese Cubes 200 g 8 8901262020039 135,1,XISLIM1
2026-10-07 11:48:16,B0V7SN04,Ca.4035960,Ca.4260256,CHCEWXEHNYCYNMU2,"Cadbury Dairy Milk Crackle Chocolate Milk Chocolate 36 g {""customer_note"":""Image/design may vary""} {""ean"":""7622202324901, 7622202329586, 7622201149543""} 45",1,XISE8S8
2026-10-07 11:48:16,B0V7SN04,Ca.4035960,Ca.4260256,CHEFF2FR8YZ9UVZZ,Amul NA Processed cheese Block 200 g 1 8901262020244 129,1,XISZA58
2026-10-07 11:48:16,B0V7SN04,Ca.4035960,Ca.4260256,CHEEZ6A8EG68GZM4,Amul NA Processed cheese Slices 200 g 10 8901262020015 145,2,XISSUTS
2026-10-07 11:48:16,B0V7SN04,Ca.4035960,Ca.4260256,CHCFSEGJBQYPU5H6,"Cadbury Bournville 70% Cocoa Chocolate Dark Chocolate 75 g {""customer_note"":""Image/design may vary""} {""ean"":""7622202325960, 7622201138363, 7622202030789""} 130",1,XISJ5K2
2026-10-07 11:48:16,B0V7SN04,Ca.4035960,Ca.4260256,CHCEX42BBBNRHUN8,"SNICKERS Peanut, Nougat & Caramel Chocolate Milk Chocolate 40 g {"""":""""} {""ean"":""8902433030109""} 45",1,XISGWU9
2026-10-07 11:52:24,B0V7SMZU,Ca.4035960,Ca.4260256,PTFH5HKUTSSUZGWG,"Frubon Fresh Paneer 180 g 8906129283527, 8906129282285 95",1,XIT4BPM
2026-10-07 11:52:24,B0V7SMZU,Ca.4035960,Ca.4260256,CHCHF8CJYEBNZABZ,"NESTLE Kitkat Cele Break Mini Gift Box Chocolate Dark Chocolate 181.5 g {"""":""""} {""ean"":""8901058026658""} 157",1,XISGMU5
2026-10-07 11:52:24,B0V7SMZU,Ca.4035960,Ca.4260256,CHCGFRWG4NKBUZD9,"NESTLE Munch Max Crunchy Wafer Milk Chocolate 38.5 g {"""":""""} {""ean"":""8901058904093, 8901058005080""} 10",7,XISK125
2026-10-07 11:52:24,B0V7SMZU,Ca.4035960,Ca.4260256,CHCEWXEHTHT9EQMB,"Cadbury Dairy Milk Silk Bubbly Chocolate Milk Chocolate 46 g {""customer_note"":""Image/design may vary""} {""ean"":""7622201757991, 7622201761820, 7622202271861, 8901233034300""} 95",1,XISEXOF
2026-10-07 11:52:24,B0V7SMZU,Ca.4035960,Ca.4260256,CHEEZWYRZQGXA5FA,Go NA Processed cheese Slices 200 g 1 8906001020196 169,1,XISMDB5
2026-10-07 11:52:24,B0V7SMZU,Ca.4035960,Ca.4260256,CUYF4Z6GVZ5C8CAU,EPIGAMIA Alphonso Mango yogurt Greek Yogurt 85 g 8906059635014 55,1,XIT01LM
2026-10-07 11:52:24,B0V7SMZU,Ca.4035960,Ca.4260256,CHCEWXEHTSN8QRZS,"Cadbury Gems Candy Chocolate Milk Chocolate 24.97 g {""customer_note"":""Image/design may vary""} {""ean"":""7622201799120, 8901233022352, 7622202819933, 8901233022864, 7622202332197, 7622202216749""} 20",2,XISYIN7
2026-10-07 11:52:24,B0V7SMZU,Ca.4035960,Ca.4260256,CHCEWXEH5DXSCTUP,"Cadbury Fuse Peanut & Caramel Filled Chocolate Milk Chocolate 23 g {""customer_note"":""Image/design may vary""} {""ean"":""7622202216336, 7622202820823, 7622202334115, 7622202846786""} 20",2,XISJ3EZ
2026-10-07 11:52:24,B0V7SMZU,Ca.4035960,Ca.4260256,CHCHGHZFU4BDVDHK,"NESTLE Munch Max Crunchies Chocolate Compound Chocolate 45 g {"""":""""} {""ean"":""8901058027778""} 40",1,XIRF468
2026-10-07 11:52:24,B0V7SMZU,Ca.4035960,Ca.4260256,CHCHCC8GWJWU83RC,"Cadbury Dairy Milk Chocolate Milk Chocolate 25 g {""customer_note"":""""} {""ean"":""7622202328770, 7622202375989, 7622300136055, 7622202851032""} 20",1,XISJAAN
2026-10-07 11:52:24,B0V7SMZU,Ca.4035960,Ca.4260256,CHEHBF8AFRQHFHG5,Amul A+ Processed cheese Slices 200 g 1 8901262020367 170,2,XISNTNG
2026-10-07 11:52:24,B0V7SMZU,Ca.4035960,Ca.4260256,CHCGZYFRQGHSRSVW,"Cadbury 5 Star Kitted Chocolate Milk Chocolate 96 g {""customer_note"":""Image/design may vary""} {""ean"":""7622202315237, 7622202218262, 7622202318320""} 60",1,XISM49K
2026-10-07 11:52:24,B0V7SMZU,Ca.4035960,Ca.4260256,PTFH9WBCCWQXZ5HU,"ProPlant Plain Tofu 200 g 8908003398006, 8908003398532 80",1,XISWU66
2026-10-07 11:52:24,B0V7SMZU,Ca.4035960,Ca.4260256,CHCHQ4ZEAAGG6Y5V,"Kinder Anar Pack Milk Chocolate 93.6 g {""customer_note"":""""} {""ean"":""8000500479247""} 399",1,XIT2I8Z
2026-10-07 11:52:24,B0V7SMZU,Ca.4035960,Ca.4260256,CHCEWA2ZHRAYXYYP,"Amul Bitter Chocolate Bittersweet Chocolate 150 g {"""":""""} {""ean"":""8901262070836""} 180",1,XISCOEM
2026-10-07 11:52:24,B0V7SMZU,Ca.4035960,Ca.4260256,CHCEWXEHUYVKXZY5,"Cadbury 5 Star Chocolate Milk Chocolate 35.2 g {""customer_note"":""Image/design may vary""} {""ean"":""7622202318047, 7622202315121, 7622202818462""} 20",2,XISM41A
2026-10-07 11:52:24,B0V7SMZU,Ca.4035960,Ca.4260256,CUYH6WDBJGPFGUYB,Amul Mango amrakhand Amrakhand 200 g 8901262040211 60,1,XISE7UV
2026-10-07 11:52:24,B0V7SMZU,Ca.4035960,Ca.4260256,CHCF8H3HWUXT6DQR,"Cadbury Dairy Milk Crispello Chocolate Milk Chocolate 35 g {""customer_note"":""Image/design may vary""} {""ean"":""7622202324758""} 30",1,XISPB16
2026-10-07 11:52:24,B0V7SMZU,Ca.4035960,Ca.4260256,BUTFBQSTM8HVSPWJ,Delicious NA Fat Spread 100 g 8901262140041 25,5,XISZ9O2
2026-10-07 11:52:24,B0V7SMZU,Ca.4035960,Ca.4260256,CHCFZBBZZABGEZGW,"Cadbury 5 Star Oreo Milk Chocolate 40 g {""customer_note"":""Image/design may vary""} {""ean"":""7622202320330, 7622202330322""} 50",1,XISIYYF
2026-10-07 11:52:24,B0V7SMZU,Ca.4035960,Ca.4260256,CHCEWXEHZESSDDWV,"Cadbury Bournville Cranberry 50% Dark Chocolate Dark Chocolate 78 g {""customer_note"":""Image/design may vary""} {""ean"":""7622202325939""} 105",1,XISEYJ3
2026-10-07 11:52:24,B0V7SMZU,Ca.4035960,Ca.4260256,CHCEZX2N7Y6HHARF,"NESTLE Kitkat 4F Choco Coated Wafer Bar, Perfect for Valentine Breaks Milk Chocolate 38.5 g {"""":""""} 8901058903164, 8901058903614 30",2,XIOY7TY
2026-10-07 11:52:24,B0V7SMZU,Ca.4035960,Ca.4260256,WFWEU7NTGPMUDW85,"NESTLE Kitkat Coated Wafer Chocolate Milk Chocolate 18.5 g {"""":""""} {""ean"":""8901058016116, 8901058015171, 8901058033045""} 20",2,XIRCDOO
2026-10-07 11:52:24,B0V7SMZU,Ca.4035960,Ca.4260256,CHCG9XXK6GP5YGUK,"Cadbury Fuse Peanut & Caramel Filled Mini Treats Chocolate Milk Chocolate 117 g {""customer_note"":""Image/design may vary""} {""ean"":""7622202325250, 7622202810206, 7622201521905""} 107",4,XIRSAGT
2026-10-07 11:52:24,B0V7SMZU,Ca.4035960,Ca.4260256,MLKG6WUFG7ZK68NQ,Yakult Light Fermented 325 ml Plain 8906019270002 100,1,XISWUFS
2026-10-07 11:52:46,B0V65YXO,Ca.4344752,Ca.4260256,CHCF4PA9BJR2XA9B,"NESTLE Munch Chocolate Milk Chocolate 158.4 g {"""":""""} {""ean"":""8901058022162, 8901058000702, 8901058018950, 8901058901771""} 160",1,XISNOY5
2026-10-07 11:52:46,B0V65YXO,Ca.4344752,Ca.4260256,CHCF4PA9JHTA4XKE,"HERSHEY'S Raspberry And Goji Dark Chocolate Dark Chocolate 29.7 g {"""":""""} {""ean"":""8901071705998, 8901071702249""} 60",1,XIS37VI
2026-10-07 11:52:46,B0V65YXO,Ca.4344752,Ca.4260256,CHCGGHVVY3RAFN4K,"Amul Almondo Chocolate Coated Almond Milk Chocolate 200 g {"""":""""} {""ean"":""8901262071611""} 210",1,XISZA88
2026-10-07 11:52:46,B0V65YXO,Ca.4344752,Ca.4260256,CHCGHNARE8H7V6DB,"Kinder JOY Pink Chocolate Milk Chocolate 60 g {"""":""""} {""ean"":""8000500394847""} 135",1,XIT2I0K
2026-10-07 11:52:46,B0V65YXO,Ca.4344752,Ca.4260256,CHCF8YEC6HSDGYQC,"NESTLE Kitkat Minis Chocolate Milk Chocolate 111 g {"""":""""} {""ean"":""8901058011012, 8901058033441""} 147",1,XISIY4D
2026-10-07 11:52:46,B0V65YXO,Ca.4344752,Ca.4260256,CHCF2ASRCJZJHV8A,"Cadbury Nutties Chocolate Milk Chocolate 30 g {""customer_note"":""Image/design may vary""} {""ean"":""7622202031618, 8901233028651, 7622202335488""} 45",5,XISJ5NW
2026-10-07 11:52:46,B0V65YXO,Ca.4344752,Ca.4260256,CHCHF6DAYRPECXG9,"FERRERO ROCHER Moments Chocolate Dark Chocolate 58 g {"""":""""} {""ean"":""8000500455876""} 179",1,XISJTMX
2026-10-07 11:52:46,B0V65YXO,Ca.4344752,Ca.4260256,CHCEWA35HTSZ73ZY,"Kinder JOY Pink Chocolate Milk Chocolate 20 g {"""":""""} {""ean"":""80135890, 80768258, 80906407, 80948933""} 50",1,XISSOC5
2026-10-07 11:56:03,B0V7SND6,Ca.4035960,Ca.4260256,MLKHMG8BZ5EQ9GMR,Avvatar Vanilla 15g protein Cold Coffee Flavored 250 ml Vanilla 8906001028789 120,6,XISCF2L
2026-10-07 11:56:03,B0V7SND6,Ca.4035960,Ca.4260256,MLKHMG8BQFXVZ9HT,Avvatar Classic 15g Protein Cold Coffee Flavored 250 ml Coffee 8906001028772 120,6,XISCF4Y
2026-10-07 12:05:34,B0V7SNHC,Ca.4344752,Ca.4260256,CHCHQ4ZEAAGG6Y5V,"Kinder Anar Pack Milk Chocolate 93.6 g {""customer_note"":""""} {""ean"":""8000500479247""} 399",1,XIT2I8Z
2026-10-07 12:05:34,B0V7SNHC,Ca.4344752,Ca.4260256,CHCF8H3HWUXT6DQR,"Cadbury Dairy Milk Crispello Chocolate Milk Chocolate 35 g {""customer_note"":""Image/design may vary""} {""ean"":""7622202324758""} 30",2,XISPB16
2026-10-07 12:05:34,B0V7SNHC,Ca.4344752,Ca.4260256,CHCEWXEHGEDJZAB6,"Cadbury Temptations Rum & Raisins Chocolate Milk Chocolate 70 g {""customer_note"":""""} {""ean"":""7622202335655""} 100",1,XISSQV1
2026-10-07 12:05:34,B0V7SNHC,Ca.4344752,Ca.4260256,CHCGZ5RFCHEBQXTH,"NESTLE Milkybar Choo Strawberry Treats Milk Chocolate 80 g {"""":""""} {""ean"":""8901058009002""} 50",4,XIS3S0V
2026-10-07 12:05:34,B0V7SNHC,Ca.4344752,Ca.4260256,CHCEWXEHQJDGFCNJ,"Cadbury Dairy Milk Chocolate Milk Chocolate 20.2 g {""customer_note"":""Image/design may vary""} {""ean"":""7622202398698, 7622202328800, 7622202272639, 7622201149406, 7622202818363, 7622202324260""} 20",16,XISYJIS
2026-10-07 12:09:51,B0V7SMUA,Ca.4035953,Ca.4260256,CHCHF8CJYEBNZABZ,"NESTLE Kitkat Cele Break Mini Gift Box Chocolate Dark Chocolate 181.5 g {"""":""""} {""ean"":""8901058026658""} 157",1,XISGMU5
2026-10-07 12:09:51,B0V7SMUA,Ca.4035953,Ca.4260256,CHCHGHZFEBD5YK4Z,"NESTLE Milky Bar Buttersctoch Bites Milk Chocolate 45 g {"""":""""} {""ean"":""8901058027051""} 60",1,XIQV4LD
2026-10-07 12:09:51,B0V7SMUA,Ca.4035953,Ca.4260256,CHCGZ5RFCHEBQXTH,"NESTLE Milkybar Choo Strawberry Treats Milk Chocolate 80 g {"""":""""} {""ean"":""8901058009002""} 50",1,XIS3S0V
2026-10-07 12:09:51,B0V7SMUA,Ca.4035953,Ca.4260256,SAMEZ3BUREZUZUFA,Amul ELAICHI SHRIKHAND Shrikhand 200 g 8901262040099 55,1,XIS8V8B
2026-10-07 12:09:51,B0V7SMUA,Ca.4035953,Ca.4260256,CHCFBD76YEMAZHRF,"Cadbury Dairy Milk Silk Hazelnut Chocolate Milk Chocolate 54 g {""customer_note"":""Image/design may vary""} {""ean"":""7622202290459, 7622202842269, 7622202326141""} 85",1,XISM4QJ
2026-10-07 12:09:51,B0V7SMUA,Ca.4035953,Ca.4260256,CUYF4Z6GAZMUYSYK,EPIGAMIA Strawberry ypgurt Greek Yogurt 85 g 8906059635021 55,3,XISZ12S
2026-10-07 12:09:51,B0V7SMUA,Ca.4035953,Ca.4260256,CHCHY89NEQCAHACT,"Cadbury Dairy Milk Mini Treats Milk Chocolate 98 g {""customer_note"":""Image/design may vary""} {""ean"":""7622202220968, 7622202324499""} 133",1,XISM5MJ
2026-10-07 12:09:51,B0V7SMUA,Ca.4035953,Ca.4260256,CHCEZ3BNSMJCH4ZA,"Amul Belgian Chocolate Milk Chocolate 125 g {"""":""""} {""ean"":""8901262071017""} 160",1,XISSUQL
2026-10-07 12:09:51,B0V7SMUA,Ca.4035953,Ca.4260256,CHCHF75XEUBF5NTQ,"NESTLE Kitkat Delights Dark Chocolate Dark Chocolate 50 g {"""":""""} {""ean"":""8901058014341""} 95",1,XIS41NA
2026-10-07 12:09:51,B0V7SMUA,Ca.4035953,Ca.4260256,CHCEZX2N7Y6HHARF,"NESTLE KitKat 4 Fingers Choco Coated Wafer Milk Chocolate 38.5 g {"""":""""} 8901058903164, 8901058903614 35",1,XIOGBDN
2026-10-07 12:09:51,B0V7SMUA,Ca.4035953,Ca.4260256,BUTFZ9C8ZBNG5HS8,"Nutralite Doodhshakti Probiotic Butter Spread 500 g 8901548310403, 8901548100943 305",5,XISZYSS
2026-10-07 12:09:51,B0V7SMUA,Ca.4035953,Ca.4260256,CHCEX42BG5YH5YWP,"BOUNTY Coconut Filled Chocolate Milk Chocolate 50 g {"""":""""} {""ean"":""5000159567435, 6221134030204""} 99",1,XISGXG1
2026-10-07 12:09:51,B0V7SMUA,Ca.4035953,Ca.4260256,CHCEWXEHCXFFJZNG,"Cadbury Bournville 50% Cocoa Chocolate Dark Chocolate 30 g {""customer_note"":""Image/design may vary""} {""ean"":""8901233021645, 7622202294365, 7622202294365, 7622202030727""} 60",2,XIRXP7R
2026-10-07 12:09:51,B0V7SMUA,Ca.4035953,Ca.4260256,PTFHE2E9HXDKMAGK,Frubon High Protein Paneer 200 g 8906129282742 110,4,XIT4BR8
2026-10-07 12:09:51,B0V7SMUA,Ca.4035953,Ca.4260256,CHCFHHUNQNZKN7ZS,"Cadbury Dairy Milk Silk Roasted Almond Chocolate Milk Chocolate 52 g {""customer_note"":""Image/design may vary""} {""ean"":""7622201761677, 7622202326172, 7622202290428, 7622202842399""} 95",1,XISJ6U7
2026-10-07 12:09:51,B0V7SMUA,Ca.4035953,Ca.4260256,CUYF4Z6GDY2CZGQS,EPIGAMIA NA Greek Yogurt 85 g 8906059635090 50,3,XIT2HCA
2026-10-07 12:09:51,B0V7SMUA,Ca.4035953,Ca.4260256,CUYF4Z6G3BBB3ZEZ,EPIGAMIA NA Greek Yogurt 85 g 8906059635069 60,1,XIT1EQ0
2026-10-07 12:09:51,B0V7SMUA,Ca.4035953,Ca.4260256,CHCGMMKRURUTHVNZ,"Cadbury Perk Mini Treats Chocolate Milk Chocolate 115.5 g {""customer_note"":""Image/design may vary""} {""ean"":""7622202031830, 7622202265457, 7622202047886, 7622202336058""} 88",1,XISJ4K5
2026-10-07 12:09:51,B0V7SMUA,Ca.4035953,Ca.4260256,CHCG9XXK6GP5YGUK,"Cadbury Fuse Peanut & Caramel Filled Mini Treats Chocolate Milk Chocolate 117 g {""customer_note"":""Image/design may vary""} {""ean"":""7622202325250, 7622202810206, 7622201521905""} 107",1,XIRSAGT
2026-10-07 12:09:51,B0V7SMUA,Ca.4035953,Ca.4260256,CHEEZ6A8YXZGAKP8,"Amul Tummy Plain Cheese Spread 200 g 1 8901262060011, 8901262060066 115",3,XISFX4T
2026-10-07 12:09:51,B0V7SMUA,Ca.4035953,Ca.4260256,CHEH4DJ4C6SN3EB6,Dlecta NA Processed cheese Spread 150 g 1 8906010090906 119,2,XISB429
2026-10-07 12:09:51,B0V7SMUA,Ca.4035953,Ca.4260256,PTFH5HKUTSSUZGWG,"Frubon Fresh Paneer 180 g 8906129283527, 8906129282285 95",2,XIT4BPM
2026-10-07 12:09:51,B0V7SMUA,Ca.4035953,Ca.4260256,CHCGFRWG4NKBUZD9,"NESTLE Munch Max Crunchy Wafer Milk Chocolate 38.5 g {"""":""""} {""ean"":""8901058904093, 8901058005080""} 10",8,XISK125
2026-10-07 12:09:51,B0V7SMUA,Ca.4035953,Ca.4260256,CHEEZWYRZQGXA5FA,Go NA Processed cheese Slices 200 g 1 8906001020196 169,2,XISMDB5
2026-10-07 12:09:51,B0V7SMUA,Ca.4035953,Ca.4260256,CHEG74UHB2GJKYAK,"Dlecta NA Processed cheese Slices 200 g 1 8906010090074, 8906010090777 189",1,XIT0QT4
2026-10-07 12:09:51,B0V7SMUA,Ca.4035953,Ca.4260256,CHCGQCZRHCHGK48J,"FERRERO ROCHER Chocolates Milk Chocolate 89.6 g {"""":""""} {""ean"":""8000500411469""} 299",1,XISYJFN
2026-10-07 12:09:51,B0V7SMUA,Ca.4035953,Ca.4260256,CHCHF29NKY7FFQ7H,"Cadbury Dairy Milk Silk Walnut Brownie Chocolate Milk Chocolate 140 g {""customer_note"":""Image/design may vary""} {""ean"":""7622202225093""} 250",3,XISM59O
2026-10-07 12:09:51,B0V7SMUA,Ca.4035953,Ca.4260256,CHEHBF8AFRQHFHG5,Amul A+ Processed cheese Slices 200 g 1 8901262020367 170,4,XISNTNG
2026-10-07 12:09:51,B0V7SMUA,Ca.4035953,Ca.4260256,CHEGJYJ7QKRUFQWM,"D'lecta NA Mozzarella cheese Block 200 g 1 8906010090128, 8906010090869 169",2,XISJ1X4
2026-10-07 12:09:51,B0V7SMUA,Ca.4035953,Ca.4260256,CHCGP3736ARAJNNB,"Cadbury Dairy Milk Family Chocolate Milk Chocolate 112 g {""customer_note"":""Image/design may vary""} {""ean"":""7622202324604, 7622202346385, 7622202025426, 7622202245619""} 130",2,XIRUH9U
2026-10-07 12:09:51,B0V7SMUA,Ca.4035953,Ca.4260256,CHCG8SUY6FD7V8TM,"Cadbury Dairy Milk Maha Chocolate Milk Chocolate 46 g {""customer_note"":""Image/design may vary""} {""ean"":""7622202398735, 7622201822163, 7622202245589""} 55",1,XIRXP4V
2026-10-07 12:09:51,B0V7SMUA,Ca.4035953,Ca.4260256,CHCH8VS6WKRGUDGG,"Amul India Origin Milk Chocolate Milk Chocolate 125 g {"""":""""} {""ean"":""8901262072052""} 200",2,XIRWTY3
2026-10-07 12:09:51,B0V7SMUA,Ca.4035953,Ca.4260256,CHCFXMEYHUQEXZFF,"Cadbury Dairy Milk Silk Mousse Chocolate Milk Chocolate 110 g {""customer_note"":""Image/design may vary""} {""ean"":""7622201762285, 7622202326363, 7622202290725""} 195",1,XIS48QH
2026-10-07 12:09:51,B0V7SMUA,Ca.4035953,Ca.4260256,CHEFF2FR8YZ9UVZZ,Amul NA Processed cheese Block 200 g 1 8901262020244 129,1,XISZA58
2026-10-07 12:12:37,B0V7SMUK,Ca.4344752,Ca.4260256,CHCEZX2N7Y6HHARF,"NESTLE KitKat 4 Fingers Choco Coated Wafer Milk Chocolate 38.5 g {"""":""""} 8901058903164, 8901058903614 35",1,XIOGBDN
2026-10-07 12:16:45,B0V7SMZA,Ca.4344752,Ca.4260256,CUYH6WDBJGPFGUYB,Amul Mango amrakhand Amrakhand 200 g 8901262040211 60,1,XIRWVC4
2026-10-07 12:18:06,B0V7SMXW,Ca.4344752,Ca.4260256,CHCGP3736ARAJNNB,"Cadbury Dairy Milk Family Chocolate Milk Chocolate 112 g {""customer_note"":""Image/design may vary""} {""ean"":""7622202324604, 7622202346385, 7622202025426, 7622202245619""} 130",2,XIRUH9U
2026-10-07 12:20:18,B0V7SNHM,Ca.4344752,Ca.4260256,CHCHQ4ZEAAGG6Y5V,"Kinder Anar Pack Milk Chocolate 93.6 g {""customer_note"":""""} {""ean"":""8000500479247""} 399",1,XIT2I8Z
2026-10-07 12:20:18,B0V7SNHM,Ca.4344752,Ca.4260256,MLKGYCK3CAPFWD7J,EPIGAMIA Turbo Vanilla Caramel 25g Protein Milkshake Flavored 250 ml Vanilla Caramel 8906059636622 150,1,XIRZ8YL
2026-10-07 12:20:18,B0V7SNHM,Ca.4344752,Ca.4260256,CHCHQ4ZEBQU8QW2A,"Kinder Lantern Pack Milk Chocolate 100.4 g {""customer_note"":""""} {""ean"":""8000500478929""} 499",1,XIT0UO2
2026-10-07 12:20:30,B0V7SNJU,Ca.4035953,Ca.4260256,MLKG6WUFDRZRG5ZG,Yakult Fermented Milk Drink Fermented 325 ml Plain 8906019270019 90,2,XISWUDT
2026-10-07 12:20:30,B0V7SNJU,Ca.4035953,Ca.4260256,CHCEWXEHYE2WDURK,"Cadbury Temptations Almond Treat Chocolate Milk Chocolate 70 g {""customer_note"":""""} {""ean"":""7622202335624""} 128",1,XISKS22
2026-10-07 12:20:30,B0V7SNJU,Ca.4035953,Ca.4260256,CUYH5HHHHQZD26PQ,"Frubon NA Fruit Yogurt 100 g 8906129282018, 8906129282018 40",1,XISW2B8
2026-10-07 12:20:30,B0V7SNJU,Ca.4035953,Ca.4260256,CHCFBD76YEMAZHRF,"Cadbury Dairy Milk Silk Hazelnut Chocolate Milk Chocolate 54 g {""customer_note"":""Image/design may vary""} {""ean"":""7622202290459, 7622202842269, 7622202326141""} 85",1,XISM4QJ
2026-10-07 12:20:30,B0V7SNJU,Ca.4035953,Ca.4260256,CHEF6TYXWHZKHFHE,Britannia The Laughing Cow NA Processed cheese Cubes 200 g 1 8901063401082 145,4,XISQLPW
2026-10-07 12:20:30,B0V7SNJU,Ca.4035953,Ca.4260256,CHCFBQSRBCY2HF2P,"Amul India Twilight Tryst Single Origin Dark Chocolate Dark Chocolate 125 g {"""":""""} {""ean"":""8901262071703, 8901262072670""} 200",3,XIRT1HT
2026-10-07 12:20:30,B0V7SNJU,Ca.4035953,Ca.4260256,CHCEWXEH5DXSCTUP,"Cadbury Fuse Peanut & Caramel Filled Chocolate Milk Chocolate 23 g {""customer_note"":""Image/design may vary""} {""ean"":""7622202216336, 7622202820823, 7622202334115, 7622202846786""} 20",1,XISJ3EZ
2026-10-07 12:20:30,B0V7SNJU,Ca.4035953,Ca.4260256,CHCHCC8GWJWU83RC,"Cadbury Dairy Milk Chocolate Milk Chocolate 25 g {""customer_note"":""""} {""ean"":""7622202328770, 7622202375989, 7622300136055, 7622202851032""} 20",2,XISJAAN
2026-10-07 12:20:30,B0V7SNJU,Ca.4035953,Ca.4260256,CHEEZ6A8EG68GZM4,Amul NA Processed cheese Slices 200 g 10 8901262020015 145,7,XISSUTS
2026-10-07 12:20:30,B0V7SNJU,Ca.4035953,Ca.4260256,SAMEZ3BUDTUGHQHG,Amul Shrikhand Flavored Curd 200 g 8901262040105 60,2,XIR2ABQ
2026-10-07 12:20:30,B0V7SNJU,Ca.4035953,Ca.4260256,CHCEZ3BNH4HBDGYY,"Amul Sugar Free Dark Chocolate Dark Chocolate 150 g {"""":""""} {""ean"":""8901262071048""} 250",2,XIS3I3J
2026-10-07 12:20:30,B0V7SNJU,Ca.4035953,Ca.4260256,CHCEWXEHUYVKXZY5,"Cadbury 5 Star Chocolate Milk Chocolate 35.2 g {""customer_note"":""Image/design may vary""} {""ean"":""7622202318047, 7622202315121, 7622202818462""} 20",3,XISM41A
2026-10-07 12:20:30,B0V7SNJU,Ca.4035953,Ca.4260256,CHCEZX2N7Y6HHARF,"NESTLE KitKat 4 Fingers Choco Coated Wafer Milk Chocolate 38.5 g {"""":""""} 8901058903164, 8901058903614 35",13,XIOGBDN
2026-10-07 12:20:30,B0V7SNJU,Ca.4035953,Ca.4260256,BUTFZ9C8ZBNG5HS8,"Nutralite Doodhshakti Probiotic Butter Spread 500 g 8901548310403, 8901548100943 305",2,XISZYSS
2026-10-07 12:20:30,B0V7SNJU,Ca.4035953,Ca.4260256,CHCGGHVVJEQ6S499,"Amul Sugar Free Dark Chocolate Dark Chocolate 35 g {"""":""""} {""ean"":""8901262070324""} 42",1,XIS1GQB
2026-10-07 12:20:30,B0V7SNJU,Ca.4035953,Ca.4260256,CHCGDHM54BGBYTAH,"NESTLE Classic Rich & Creamy Milk Treat Milk Chocolate 31 g {"""":""""} 8901058850390, 8901058004809, 8901058009682, 8901058024128 20",4,XIOF55Q
2026-10-07 12:20:30,B0V7SNJU,Ca.4035953,Ca.4260256,CHCEWXEHYHSEGYVD,"Cadbury Dairy Milk Fruit And Nut Chocolate Milk Chocolate 36 g {""customer_note"":""Image/design may vary""} {""ean"":""7622201150181, 7622202324871""} 40",4,XIRPA2F
2026-10-07 12:20:30,B0V7SNJU,Ca.4035953,Ca.4260256,CHCFHHUNQNZKN7ZS,"Cadbury Dairy Milk Silk Roasted Almond Chocolate Milk Chocolate 52 g {""customer_note"":""Image/design may vary""} {""ean"":""7622201761677, 7622202326172, 7622202290428, 7622202842399""} 95",1,XISJ6U7
2026-10-07 12:20:30,B0V7SNJU,Ca.4035953,Ca.4260256,CUYF4Z6GDY2CZGQS,EPIGAMIA NA Greek Yogurt 85 g 8906059635090 50,6,XIT2HCA
2026-10-07 12:20:30,B0V7SNJU,Ca.4035953,Ca.4260256,CUYF4Z6G3BBB3ZEZ,EPIGAMIA NA Greek Yogurt 85 g 8906059635069 60,1,XIT1EQ0
2026-10-07 12:20:30,B0V7SNJU,Ca.4035953,Ca.4260256,CHCGFRWG4NKBUZD9,"NESTLE Munch Max Crunchy Wafer Milk Chocolate 38.5 g {"""":""""} {""ean"":""8901058904093, 8901058005080""} 10",12,XISK125
2026-10-07 12:20:30,B0V7SNJU,Ca.4035953,Ca.4260256,CHCHDHZNYDSGBGBG,"Cadbury Dairy Milk Milkinis Chocolate Milk Chocolate 34 g {""customer_note"":""""} {""ean"":""7622202328749, 7622202847622""} 36",1,XISM544
2026-10-07 12:20:30,B0V7SNJU,Ca.4035953,Ca.4260256,CHCEWXEHNUTNFAQU,"Cadbury Dairy Milk Silk Fruit & Nut Chocolate Milk Chocolate 51 g {""customer_note"":""Image/design may vary""} {""ean"":""7622202326028, 7622202842368""} 95",1,XISIJT9
2026-10-07 12:20:30,B0V7SNJU,Ca.4035953,Ca.4260256,CHCEWXEHTHT9EQMB,"Cadbury Dairy Milk Silk Bubbly Chocolate Milk Chocolate 46 g {""customer_note"":""Image/design may vary""} {""ean"":""7622201757991, 7622201761820, 7622202271861, 8901233034300""} 95",2,XISEXOF
2026-10-07 12:20:30,B0V7SNJU,Ca.4035953,Ca.4260256,CHEG74UHB2GJKYAK,"Dlecta NA Processed cheese Slices 200 g 1 8906010090074, 8906010090777 189",3,XIT0QT4
2026-10-07 12:20:30,B0V7SNJU,Ca.4035953,Ca.4260256,CHEEZ6A8KJRBNKED,Amul NA Processed cheese Cubes 200 g 8 8901262020039 135,2,XISLIM1
2026-10-07 12:20:30,B0V7SNJU,Ca.4035953,Ca.4260256,CUYF4Z6GVZ5C8CAU,EPIGAMIA Alphonso Mango yogurt Greek Yogurt 85 g 8906059635014 55,2,XIT01LM
2026-10-07 12:20:30,B0V7SNJU,Ca.4035953,Ca.4260256,CHCG25S7RZVHNFGN,"Amul Dark Chocolate Dark Chocolate 35 g {"""":""""} {""ean"":""8901262070454""} 45",1,XISZ8ZT
2026-10-07 12:20:30,B0V7SNJU,Ca.4035953,Ca.4260256,CHCHGHZFU4BDVDHK,"NESTLE Munch Max Crunchies Chocolate Compound Chocolate 45 g {"""":""""} {""ean"":""8901058027778""} 40",1,XIRF468
2026-10-07 12:20:30,B0V7SNJU,Ca.4035953,Ca.4260256,CHCEWXEH65KJ8NWD,"Cadbury Dairy Milk Roast Almond Chocolate Milk Chocolate 36 g {""customer_note"":""Image/design may vary""} {""ean"":""7622202324819, 7622202329524""} 55",3,XIRIJA6
2026-10-07 12:20:30,B0V7SNJU,Ca.4035953,Ca.4260256,CHCFBQSRAJGHP7YX,"Amul Fruit 'N' Nut Chocolate Dark Chocolate 40 g {"""":""""} {""ean"":""8901262070058""} 45",4,XISCOKT
2026-10-07 12:20:30,B0V7SNJU,Ca.4035953,Ca.4260256,CHCGP3736ARAJNNB,"Cadbury Dairy Milk Family Chocolate Milk Chocolate 112 g {""customer_note"":""Image/design may vary""} {""ean"":""7622202324604, 7622202346385, 7622202025426, 7622202245619""} 130",1,XIRUH9U
2026-10-07 12:20:30,B0V7SNJU,Ca.4035953,Ca.4260256,CHCG8SUY6FD7V8TM,"Cadbury Dairy Milk Maha Chocolate Milk Chocolate 46 g {""customer_note"":""Image/design may vary""} {""ean"":""7622202398735, 7622201822163, 7622202245589""} 55",2,XIRXP4V
2026-10-07 12:20:30,B0V7SNJU,Ca.4035953,Ca.4260256,CHCH8VS6WKRGUDGG,"Amul India Origin Milk Chocolate Milk Chocolate 125 g {"""":""""} {""ean"":""8901262072052""} 200",1,XIRWTY3
2026-10-07 12:20:30,B0V7SNJU,Ca.4035953,Ca.4260256,CHCFXMEYSTEZEHFP,"Cadbury Dairy Milk Silk Mousse Chocolate Milk Chocolate 48.5 g {""customer_note"":""Image/design may vary""} {""ean"":""7622202290695, 7622201762254, 7622201114879, 7622202326059""} 100",1,XISFB2H
2026-10-07 12:20:30,B0V7SNJU,Ca.4035953,Ca.4260256,CHCEWXEHHJGN3YXZ,"Cadbury Dairy Milk Silk Oreo Chocolate Milk Chocolate 58.5 g {""customer_note"":""Image/design may vary""} {""ean"":""7622201762193, 7622202290572, 7622202326110, 8901233033525""} 95",2,XISLLC7
2026-10-07 12:20:30,B0V7SNJU,Ca.4035953,Ca.4260256,CHCH7W29SHZXRD9H,"GALAXY Smooth Milk Chocolate Milk Chocolate 30 g {"""":""""} {""ean"":""8902433003677""} 65",1,XISGXUY
2026-10-07 12:20:30,B0V7SNJU,Ca.4035953,Ca.4260256,CUYF79ZZRRY3TV5U,EPIGAMIA Artisanal Mishti Doi Sweet Curd 80 g 8906059638329 30,2,XISZ3XL
2026-10-07 12:22:48,B0V7SN9A,Ca.4344752,Ca.4260256,CHCEZX2N7Y6HHARF,"NESTLE KitKat 4 Fingers Choco Coated Wafer Milk Chocolate 38.5 g {"""":""""} 8901058903164, 8901058903614 35",10,XIOGBDN
2026-10-07 12:22:48,B0V7SN9A,Ca.4344752,Ca.4260256,CHEG74UHB2GJKYAK,"Dlecta NA Processed cheese Slices 200 g 1 8906010090074, 8906010090777 189",2,XIT0QT4
2026-10-07 12:28:56,B0V7SMZ0,Ca.4344752,Ca.4344752,BUTEZ3B93EPCJTTV,Amul NA Unsalted Butter 100 g 8901262010085 65,5,XIS4TPV
2026-10-07 12:28:56,B0V7SMZ0,Ca.4344752,Ca.4344752,CHCHDPFGDPEZFUTJ,"Kitkat Delights Hazelnut Chocolate Dark Chocolate 120 g {"""":""""} {""ean"":""8901058023329""} 210",6,XISRGZJ
2026-10-07 12:28:56,B0V7SMZ0,Ca.4344752,Ca.4344752,CHEF6TYXWHZKHFHE,Britannia The Laughing Cow NA Processed cheese Cubes 200 g 1 8901063401082 145,2,XISQLPW
2026-10-07 12:28:56,B0V7SMZ0,Ca.4344752,Ca.4344752,CHCEWXEHTSN8QRZS,"Cadbury Gems Candy Chocolate Milk Chocolate 24.97 g {""customer_note"":""Image/design may vary""} {""ean"":""7622201799120, 8901233022352, 7622202819933, 8901233022864, 7622202332197, 7622202216749""} 20",1,XISYIN7
2026-10-07 12:28:56,B0V7SMZ0,Ca.4344752,Ca.4344752,CHCGPN6FRRYGBNBZ,"Cadbury Dairy Milk Silk Ganache Chocolate Milk Chocolate 54 g {""customer_note"":""Image/design may vary""} {""ean"":""7622202326325""} 100",1,XIRS2D0
2026-10-07 12:28:56,B0V7SMZ0,Ca.4344752,Ca.4344752,CHEEZ6A8EG68GZM4,Amul NA Processed cheese Slices 200 g 10 8901262020015 145,1,XISSUTS
2026-10-07 12:28:56,B0V7SMZ0,Ca.4344752,Ca.4344752,CHCGZYFRQGHSRSVW,"Cadbury 5 Star Kitted Chocolate Milk Chocolate 96 g {""customer_note"":""Image/design may vary""} {""ean"":""7622202315237, 7622202218262, 7622202318320""} 60",2,XISM49K
2026-10-07 12:28:56,B0V7SMZ0,Ca.4344752,Ca.4344752,CHCHQ4ZEAAGG6Y5V,"Kinder Anar Pack Milk Chocolate 93.6 g {""customer_note"":""""} {""ean"":""8000500479247""} 399",1,XIT2I8Z
2026-10-07 12:28:56,B0V7SMZ0,Ca.4344752,Ca.4344752,CHCEWXEHGEDJZAB6,"Cadbury Temptations Rum & Raisins Chocolate Milk Chocolate 70 g {""customer_note"":""""} {""ean"":""7622202335655""} 100",1,XISSQV1
2026-10-07 12:28:56,B0V7SMZ0,Ca.4344752,Ca.4344752,BUTFBQSTM8HVSPWJ,Delicious NA Fat Spread 100 g 8901262140041 25,2,XISZ9O2
2026-10-07 12:28:56,B0V7SMZ0,Ca.4344752,Ca.4344752,CHCGGHVVJEQ6S499,"Amul Sugar Free Dark Chocolate Dark Chocolate 35 g {"""":""""} {""ean"":""8901262070324""} 42",3,XIS1GQB
2026-10-07 12:28:56,B0V7SMZ0,Ca.4344752,Ca.4344752,PTFHE2E9HXDKMAGK,Frubon High Protein Paneer 200 g 8906129282742 110,1,XIT4BR8
2026-10-07 12:28:56,B0V7SMZ0,Ca.4344752,Ca.4344752,CHCGDHM54BGBYTAH,"NESTLE Classic Rich & Creamy Milk Treat Milk Chocolate 31 g {"""":""""} 8901058850390, 8901058004809, 8901058009682, 8901058024128 20",1,XIOF55Q
2026-10-07 12:28:56,B0V7SMZ0,Ca.4344752,Ca.4344752,WFWEU7NTGPMUDW85,"NESTLE Kitkat Coated Wafer Chocolate Milk Chocolate 18.5 g {"""":""""} {""ean"":""8901058016116, 8901058015171, 8901058033045""} 20",2,XIRCDOO
2026-10-07 12:28:56,B0V7SMZ0,Ca.4344752,Ca.4344752,CHCGMMKRURUTHVNZ,"Cadbury Perk Mini Treats Chocolate Milk Chocolate 115.5 g {""customer_note"":""Image/design may vary""} {""ean"":""7622202031830, 7622202265457, 7622202047886, 7622202336058""} 88",2,XISJ4K5
2026-10-07 12:28:56,B0V7SMZ0,Ca.4344752,Ca.4344752,MLKG6WUFG7ZK68NQ,Yakult Light Fermented 325 ml Plain 8906019270002 100,2,XISWUFS
2026-10-07 12:28:56,B0V7SMZ0,Ca.4344752,Ca.4344752,PTFH5HKUTSSUZGWG,"Frubon Fresh Paneer 180 g 8906129283527, 8906129282285 95",2,XIT4BPM
2026-10-07 12:28:56,B0V7SMZ0,Ca.4344752,Ca.4344752,CHCGFRWG4NKBUZD9,"NESTLE Munch Max Crunchy Wafer Milk Chocolate 38.5 g {"""":""""} {""ean"":""8901058904093, 8901058005080""} 10",2,XISK125
2026-10-07 12:28:56,B0V7SMZ0,Ca.4344752,Ca.4344752,CHCHDHZNYDSGBGBG,"Cadbury Dairy Milk Milkinis Chocolate Milk Chocolate 34 g {""customer_note"":""""} {""ean"":""7622202328749, 7622202847622""} 36",6,XISM544
2026-10-07 12:28:56,B0V7SMZ0,Ca.4344752,Ca.4344752,CUYF4Z6GAZMUYSYK,EPIGAMIA Strawberry ypgurt Greek Yogurt 85 g 8906059635021 55,1,XISWREY
2026-10-07 12:28:56,B0V7SMZ0,Ca.4344752,Ca.4344752,CHCEWXEHTHT9EQMB,"Cadbury Dairy Milk Silk Bubbly Chocolate Milk Chocolate 46 g {""customer_note"":""Image/design may vary""} {""ean"":""7622201757991, 7622201761820, 7622202271861, 8901233034300""} 95",1,XISEXOF
2026-10-07 12:28:56,B0V7SMZ0,Ca.4344752,Ca.4344752,CHEEZWYRZQGXA5FA,Go NA Processed cheese Slices 200 g 1 8906001020196 169,1,XISMDB5
2026-10-07 12:28:56,B0V7SMZ0,Ca.4344752,Ca.4344752,CHCHMAP3W2RPMEMC,"Smoor Roasted Almond Cocoa Snaps Chocolate Dark Chocolate 60 g {"""":""""} {""ean"":""8904303415771, 8904303412619""} 260",1,XISOCJ8
2026-10-07 12:28:56,B0V7SMZ0,Ca.4344752,Ca.4344752,CHEEZ6A8KJRBNKED,Amul NA Processed cheese Cubes 200 g 8 8901262020039 135,1,XISLIM1
2026-10-07 12:28:56,B0V7SMZ0,Ca.4344752,Ca.4344752,CHCG6G6JZMRVTZ5Q,"NESTLE Milkybar Creamy White Chocolate Tablet Milk Chocolate 12.5 g {"""":""""} 8901058875577, 8901058875584 10",5,XINSDXL
2026-10-07 12:28:56,B0V7SMZ0,Ca.4344752,Ca.4344752,CHCHGHZFU4BDVDHK,"NESTLE Munch Max Crunchies Chocolate Compound Chocolate 45 g {"""":""""} {""ean"":""8901058027778""} 40",2,XIRF468
2026-10-07 12:28:56,B0V7SMZ0,Ca.4344752,Ca.4344752,CHCFBQSRAJGHP7YX,"Amul Fruit 'N' Nut Chocolate Dark Chocolate 40 g {"""":""""} {""ean"":""8901262070058""} 45",1,XISCOKT
2026-10-07 12:28:56,B0V7SMZ0,Ca.4344752,Ca.4344752,CHCEZX2N7Y6HHARF,"NESTLE Kitkat 4F Choco Coated Wafer Bar, Perfect for Valentine Breaks Milk Chocolate 38.5 g {"""":""""} 8901058903164, 8901058903614 30",3,XIOY7TY
2026-10-07 12:34:06,B0V7SNEA,Ca.4035953,Ca.4344752,MLKG6WUFDRZRG5ZG,Yakult Fermented Milk Drink Fermented 325 ml Plain 8906019270019 90,2,XISWUDT
2026-10-07 12:34:06,B0V7SNEA,Ca.4035953,Ca.4344752,CUYH5HHHHQZD26PQ,"Frubon NA Fruit Yogurt 100 g 8906129282018, 8906129282018 40",1,XISW2B8
2026-10-07 12:34:06,B0V7SNEA,Ca.4035953,Ca.4344752,CHEEZ6A8EG68GZM4,Amul NA Processed cheese Slices 200 g 10 8901262020015 145,5,XISSUTS
2026-10-07 12:34:06,B0V7SNEA,Ca.4035953,Ca.4344752,CUYH6WDBJGPFGUYB,Amul Mango amrakhand Amrakhand 200 g 8901262040211 60,1,XIRWVC4
2026-10-07 12:34:06,B0V7SNEA,Ca.4035953,Ca.4344752,CHCEWA2ZC7KNEQBR,"Amul Dark Chocolate Dark Chocolate 150 g {"""":""""} {""ean"":""8901262071536, 8901262070676, 8901262071567, 8901262072670""} 180",2,XIRWWA6
2026-10-07 12:34:06,B0V7SNEA,Ca.4035953,Ca.4344752,CHCEWXEHZGR6BG7M,"Cadbury Bournville Fruit & Nut 50% Dark Chocolate Dark Chocolate 75 g {""customer_note"":""Image/design may vary""} {""ean"":""7622202325908, 7622201505462, 7622202030840""} 100",2,XIS8W4J
2026-10-07 12:34:06,B0V7SNEA,Ca.4035953,Ca.4344752,CHCEWXEHCXFFJZNG,"Cadbury Bournville 50% Cocoa Chocolate Dark Chocolate 30 g {""customer_note"":""Image/design may vary""} {""ean"":""8901233021645, 7622202294365, 7622202294365, 7622202030727""} 60",2,XIRXP7R
2026-10-07 12:34:06,B0V7SNEA,Ca.4035953,Ca.4344752,CHCGDHM54BGBYTAH,"NESTLE Classic Rich & Creamy Milk Treat Milk Chocolate 31 g {"""":""""} 8901058850390, 8901058004809, 8901058009682, 8901058024128 20",2,XIOF55Q
2026-10-07 12:34:06,B0V7SNEA,Ca.4035953,Ca.4344752,CHCFHHUNQNZKN7ZS,"Cadbury Dairy Milk Silk Roasted Almond Chocolate Milk Chocolate 52 g {""customer_note"":""Image/design may vary""} {""ean"":""7622201761677, 7622202326172, 7622202290428, 7622202842399""} 95",1,XISJ6U7
2026-10-07 12:34:06,B0V7SNEA,Ca.4035953,Ca.4344752,CHEH4DJ4C6SN3EB6,Dlecta NA Processed cheese Spread 150 g 1 8906010090906 99,1,XIS3710
2026-10-07 12:34:06,B0V7SNEA,Ca.4035953,Ca.4344752,CUYF4Z6GDY2CZGQS,EPIGAMIA NA Greek Yogurt 85 g 8906059635090 50,8,XIT2HCA
2026-10-07 12:34:06,B0V7SNEA,Ca.4035953,Ca.4344752,CUYF4Z6G3BBB3ZEZ,EPIGAMIA NA Greek Yogurt 85 g 8906059635069 60,2,XIT1EQ0
2026-10-07 12:34:06,B0V7SNEA,Ca.4035953,Ca.4344752,CHEH4SZECDMZUHCH,Amul A+ Processed cheese Slices 400 g 1 8901262020404 400,2,XISNUL4
2026-10-07 12:34:06,B0V7SNEA,Ca.4035953,Ca.4344752,CHCFSEGJBQYPU5H6,"Cadbury Bournville 70% Cocoa Chocolate Dark Chocolate 75 g {""customer_note"":""Image/design may vary""} {""ean"":""7622202325960, 7622201138363, 7622202030789""} 130",2,XISJ5K2
2026-10-07 12:34:06,B0V7SNEA,Ca.4035953,Ca.4344752,CHCGFRWG4NKBUZD9,"NESTLE Munch Max Crunchy Wafer Milk Chocolate 38.5 g {"""":""""} {""ean"":""8901058904093, 8901058005080""} 10",6,XISK125
2026-10-07 12:34:06,B0V7SNEA,Ca.4035953,Ca.4344752,CHCHDHZNYDSGBGBG,"Cadbury Dairy Milk Milkinis Chocolate Milk Chocolate 34 g {""customer_note"":""""} {""ean"":""7622202328749, 7622202847622""} 36",1,XISM544
2026-10-07 12:34:06,B0V7SNEA,Ca.4035953,Ca.4344752,CUYF4Z6GAZMUYSYK,EPIGAMIA Strawberry ypgurt Greek Yogurt 85 g 8906059635021 55,1,XISWREY
2026-10-07 12:34:06,B0V7SNEA,Ca.4035953,Ca.4344752,MLKH45NKY5GG3ZAY,EPIGAMIA Turbo Coffee 25g Protein Milkshake Flavored 250 ml Coffee 8906059637285 141,1,XISB9G3
2026-10-07 12:34:06,B0V7SNEA,Ca.4035953,Ca.4344752,CUYHZUFHBZAHYXDS,Amul Mango Shrikhand Shrikhand 100 g 8901262040075 30,2,XISZ9VG
2026-10-07 12:34:06,B0V7SNEA,Ca.4035953,Ca.4344752,CHEEZ6A8KJRBNKED,Amul NA Processed cheese Cubes 200 g 8 8901262020039 135,3,XISLIM1
2026-10-07 12:34:06,B0V7SNEA,Ca.4035953,Ca.4344752,CHCEWXEH65KJ8NWD,"Cadbury Dairy Milk Roast Almond Chocolate Milk Chocolate 36 g {""customer_note"":""Image/design may vary""} {""ean"":""7622202324819, 7622202329524""} 55",1,XIRIJA6
2026-10-07 12:34:06,B0V7SNEA,Ca.4035953,Ca.4344752,CHCEWXEHTFTAFZUW,"Cadbury Dairy Milk Silk Oreo Chocolate Milk Chocolate 124 g {""customer_note"":""Image/design may vary""} {""ean"":""7622202309175, 7622202816413, 7622201762223, 7622202326080, 7622201452889""} 268",1,XISJ5YQ
2026-10-07 12:34:06,B0V7SNEA,Ca.4035953,Ca.4344752,CHCGP3736ARAJNNB,"Cadbury Dairy Milk Family Chocolate Milk Chocolate 112 g {""customer_note"":""Image/design may vary""} {""ean"":""7622202324604, 7622202346385, 7622202025426, 7622202245619""} 130",2,XIRUH9U
2026-10-07 12:34:06,B0V7SNEA,Ca.4035953,Ca.4344752,CUYHZUFHSJ732DGT,Amul Kesar Shrikhand Shrikhand 100 g 8901262040068 30,1,XISZ9UW
2026-10-07 12:34:06,B0V7SNEA,Ca.4035953,Ca.4344752,CHEFBYCEG4HRGCFA,Go 8 cubes Processed cheese NA 200 g 1 8906001023357 155,1,XIQL2Z1
2026-10-07 12:34:06,B0V7SNEA,Ca.4035953,Ca.4344752,CHCEWXEHZESSDDWV,"Cadbury Bournville Cranberry 50% Dark Chocolate Dark Chocolate 78 g {""customer_note"":""Image/design may vary""} {""ean"":""7622202325939""} 105",2,XISEYJ3
2026-10-07 12:34:06,B0V7SNEA,Ca.4035953,Ca.4344752,CHEFF2FR8YZ9UVZZ,Amul NA Processed cheese Block 200 g 1 8901262020244 129,2,XISZA58
2026-10-07 12:34:06,B0V7SNEA,Ca.4035953,Ca.4344752,CUYF79ZZRRY3TV5U,EPIGAMIA Artisanal Mishti Doi Sweet Curd 80 g 8906059638329 30,2,XISZ3XL
2026-10-07 13:52:03,B0V88O4S,ca.4344735,Ca.4344752,SAMHEST75FDHHRZD,EAT BETTER CO Peanut Chocolate Laddoos Laddu 40 g 8908024057081 59,1,XISR9AT
2026-10-07 13:59:55,B0V7SMVE,Ca.4035953,Ca.4344752,CHCHF8CJYEBNZABZ,"NESTLE Kitkat Cele Break Mini Gift Box Chocolate Dark Chocolate 181.5 g {"""":""""} {""ean"":""8901058026658""} 157",3,XISGMU5
2026-10-07 13:59:55,B0V7SMVE,Ca.4035953,Ca.4344752,CHCGZ5RFCHEBQXTH,"NESTLE Milkybar Choo Strawberry Treats Milk Chocolate 80 g {"""":""""} {""ean"":""8901058009002""} 50",7,XIS3S0V
2026-10-07 13:59:55,B0V7SMVE,Ca.4035953,Ca.4344752,CHCH2X2Y4GTBDKUH,"Cadbury Dairy Milk Almond Chocolate Milk Chocolate 54 g {""customer_note"":""Image/design may vary""} {""ean"":""7622202238765, 7622202324925""} 89",1,XISYJAH
2026-10-07 13:59:55,B0V7SMVE,Ca.4035953,Ca.4344752,CHCGMMKRURUTHVNZ,"Cadbury Perk Mini Treats Chocolate Milk Chocolate 115.5 g {""customer_note"":""Image/design may vary""} {""ean"":""7622202031830, 7622202265457, 7622202047886, 7622202336058""} 88",2,XISJ4K5
2026-10-07 14:00:59,B0V88O5C,Ca.4035953,Ca.4344752,MLKHMG8BZ5EQ9GMR,Avvatar Vanilla 15g protein Cold Coffee Flavored 250 ml Vanilla 8906001028789 120,3,XISCF2L
2026-10-07 14:01:41,B0V7SN4A,Ca.4344752,Ca.4344752,CHCGFRWG4NKBUZD9,"NESTLE Munch Max Crunchy Wafer Milk Chocolate 38.5 g {"""":""""} {""ean"":""8901058904093, 8901058005080""} 10",13,XISK125
2026-10-07 14:01:41,B0V7SN4A,Ca.4344752,Ca.4344752,CUYF4Z6GAZMUYSYK,EPIGAMIA Strawberry ypgurt Greek Yogurt 85 g 8906059635021 55,1,XISWREY
2026-10-07 14:01:41,B0V7SN4A,Ca.4344752,Ca.4344752,CHCEWXEHNUTNFAQU,"Cadbury Dairy Milk Silk Fruit & Nut Chocolate Milk Chocolate 51 g {""customer_note"":""Image/design may vary""} {""ean"":""7622202326028, 7622202842368""} 95",3,XISIJT9
2026-10-07 14:01:41,B0V7SN4A,Ca.4344752,Ca.4344752,CHCH7W29XZMKQGNQ,"SNICKERS Butterscotch Peanut Compound Chocolate 40 g {"""":""""} {""ean"":""8902433003134, 8902433008146""} 75",18,XISGX90
2026-10-07 14:01:41,B0V7SN4A,Ca.4344752,Ca.4344752,CHEFANKGNZFSSUFW,Dlecta NA Processed cheese Cubes 200 g 1 8906010090005 165,1,XIRXPC1
2026-10-07 14:01:41,B0V7SN4A,Ca.4344752,Ca.4344752,CHEEZWYRZQGXA5FA,Go NA Processed cheese Slices 200 g 1 8906001020196 169,1,XISMDB5
2026-10-07 14:01:41,B0V7SN4A,Ca.4344752,Ca.4344752,CHCGZ5RFCHEBQXTH,"NESTLE Milkybar Choo Strawberry Treats Milk Chocolate 80 g {"""":""""} {""ean"":""8901058009002""} 50",2,XIS3S0V
2026-10-07 14:01:41,B0V7SN4A,Ca.4344752,Ca.4344752,SAMEZ3BUREZUZUFA,Amul ELAICHI SHRIKHAND Shrikhand 200 g 8901262040099 55,1,XIS8V8B
2026-10-07 14:01:41,B0V7SN4A,Ca.4344752,Ca.4344752,CHCGQCZRHCHGK48J,"FERRERO ROCHER Chocolates Milk Chocolate 89.6 g {"""":""""} {""ean"":""8000500411469""} 299",2,XISYJFN
2026-10-07 14:01:41,B0V7SN4A,Ca.4344752,Ca.4344752,CHCEWXEHTSN8QRZS,"Cadbury Gems Candy Chocolate Milk Chocolate 24.97 g {""customer_note"":""Image/design may vary""} {""ean"":""7622201799120, 8901233022352, 7622202819933, 8901233022864, 7622202332197, 7622202216749""} 20",1,XISYIN7
2026-10-07 14:01:41,B0V7SN4A,Ca.4344752,Ca.4344752,CHCG25S7RZVHNFGN,"Amul Dark Chocolate Dark Chocolate 35 g {"""":""""} {""ean"":""8901262070454""} 45",1,XISZ8ZT
2026-10-07 14:01:41,B0V7SN4A,Ca.4344752,Ca.4344752,SAMEZ3BUDTUGHQHG,Amul Shrikhand Flavored Curd 200 g 8901262040105 60,2,XIR2ABQ
2026-10-07 14:01:41,B0V7SN4A,Ca.4344752,Ca.4344752,CHCGZYFRQGHSRSVW,"Cadbury 5 Star Kitted Chocolate Milk Chocolate 96 g {""customer_note"":""Image/design may vary""} {""ean"":""7622202315237, 7622202218262, 7622202318320""} 60",4,XISM49K
2026-10-07 14:01:41,B0V7SN4A,Ca.4344752,Ca.4344752,CHCHQ4ZEAAGG6Y5V,"Kinder Anar Pack Milk Chocolate 93.6 g {""customer_note"":""""} {""ean"":""8000500479247""} 399",1,XIT2I8Z
2026-10-07 14:01:41,B0V7SN4A,Ca.4344752,Ca.4344752,CHCEWA2ZHRAYXYYP,"Amul Bitter Chocolate Bittersweet Chocolate 150 g {"""":""""} {""ean"":""8901262070836""} 180",1,XISCOEM
2026-10-07 14:01:41,B0V7SN4A,Ca.4344752,Ca.4344752,BUTFBQSTM8HVSPWJ,Delicious NA Fat Spread 100 g 8901262140041 25,6,XISZ9O2
2026-10-07 14:01:41,B0V7SN4A,Ca.4344752,Ca.4344752,CHCGZEBPTUGUAQH5,"Cadbury Bournville Fruit & Nut 50% Dark Chocolate Fruit and Nuts Chocolate 30 g {""customer_note"":""Image/design may vary""} {""ean"":""7622202294396, 7622202294396, 7622202220999""} 55",1,XIS2Y55
2026-10-07 14:01:41,B0V7SN4A,Ca.4344752,Ca.4344752,PTFHE2E9HXDKMAGK,Frubon High Protein Paneer 200 g 8906129282742 110,1,XIT4BR8
2026-10-07 14:01:41,B0V7SN4A,Ca.4344752,Ca.4344752,CHCEZX2N7Y6HHARF,"NESTLE Kitkat 4F Choco Coated Wafer Bar, Perfect for Valentine Breaks Milk Chocolate 38.5 g {"""":""""} 8901058903164, 8901058903614 30",4,XIOY7TY
2026-10-07 14:01:41,B0V7SN4A,Ca.4344752,Ca.4344752,CHCGDHM54BGBYTAH,"NESTLE Classic Rich & Creamy Milk Treat Milk Chocolate 31 g {"""":""""} 8901058850390, 8901058004809, 8901058009682, 8901058024128 20",2,XIOF55Q
2026-10-07 14:01:41,B0V7SN4A,Ca.4344752,Ca.4344752,MLKG6WUFG7ZK68NQ,Yakult Light Fermented 325 ml Plain 8906019270002 100,2,XISWUFS
2026-10-07 14:02:27,B0V7SN3G,ca.4344735,Ca.4344752,CHCGZYFRQGHSRSVW,"Cadbury 5 Star Kitted Chocolate Milk Chocolate 96 g {""customer_note"":""Image/design may vary""} {""ean"":""7622202315237, 7622202218262, 7622202318320""} 60",1,XISM49K
2026-10-07 14:02:27,B0V7SN3G,ca.4344735,Ca.4344752,CHCGFRWG4NKBUZD9,"NESTLE Munch Max Crunchy Wafer Milk Chocolate 38.5 g {"""":""""} {""ean"":""8901058904093, 8901058005080""} 10",2,XISK125
2026-10-07 14:02:27,B0V7SN3G,ca.4344735,Ca.4344752,CHCEX42BG5YH5YWP,"BOUNTY Coconut Filled Chocolate Milk Chocolate 50 g {"""":""""} {""ean"":""5000159567435, 6221134030204""} 99",1,XISGXG1
2026-10-07 14:02:27,B0V7SN3G,ca.4344735,Ca.4344752,CHCGGHVVJEQ6S499,"Amul Sugar Free Dark Chocolate Dark Chocolate 35 g {"""":""""} {""ean"":""8901262070324""} 42",1,XIS1GQB
2026-10-07 14:02:27,B0V7SN3G,ca.4344735,Ca.4344752,CHCGZ5RFCHEBQXTH,"NESTLE Milkybar Choo Strawberry Treats Milk Chocolate 80 g {"""":""""} {""ean"":""8901058009002""} 50",8,XIS3S0V
2026-10-07 14:02:27,B0V7SN3G,ca.4344735,Ca.4344752,CHCEWA2ZHSGBK3Z7,"Amul Mystic Mocha Chocolate Dark Chocolate 150 g {"""":""""} {""ean"":""8901262070829""} 180",5,XIQVWH0
2026-10-07 14:02:27,B0V7SN3G,ca.4344735,Ca.4344752,WFWEU7NTGPMUDW85,"NESTLE Kitkat Coated Wafer Chocolate Milk Chocolate 18.5 g {"""":""""} {""ean"":""8901058016116, 8901058015171, 8901058033045""} 20",10,XIRCDOO
2026-10-07 14:02:27,B0V7SN3G,ca.4344735,Ca.4344752,CHCEWXEHUT2GZHXJ,"Cadbury Dairy Milk Shots Balls Chocolate Milk Chocolate 185.6 g {""customer_note"":""Image/design may vary""} {""ean"":""7622202307195, 7622201448837""} 116",7,XISJ5CW
2026-10-07 14:02:27,B0V7SN3G,ca.4344735,Ca.4344752,CHCHY89NEQCAHACT,"Cadbury Dairy Milk Mini Treats Milk Chocolate 98 g {""customer_note"":""Image/design may vary""} {""ean"":""7622202220968, 7622202324499""} 133",1,XISM5MJ
2026-10-07 14:09:24,B0V7SN6S,ca.4344735,Ca.4344752,CHCH6PWTX6D9ZRFH,"Cadbury Assorted Mini Treats Chocolate Milk Chocolate 126.7 g {""customer_note"":""Image/design may vary""} {""ean"":""7622202848742, 7622202815423, 7622202305856, 7622202335358""} 133",3,XISM3OO
2026-10-07 14:09:24,B0V7SN6S,ca.4344735,Ca.4344752,CUYH5HHHSTUAZJZK,"Frubon Low Fat Plain Curd 360 g 8906129280700, 8906129280700 35",1,XIT4BOG
2026-10-07 14:09:24,B0V7SN6S,ca.4344735,Ca.4344752,CHCEWXEH5DXSCTUP,"Cadbury Fuse Peanut & Caramel Filled Chocolate Milk Chocolate 23 g {""customer_note"":""Image/design may vary""} {""ean"":""7622202216336, 7622202820823, 7622202334115, 7622202846786""} 20",3,XISJ3EZ
2026-10-07 14:09:24,B0V7SN6S,ca.4344735,Ca.4344752,CHCH2X2Y4GTBDKUH,"Cadbury Dairy Milk Almond Chocolate Milk Chocolate 54 g {""customer_note"":""Image/design may vary""} {""ean"":""7622202238765, 7622202324925""} 89",3,XISYJAH
2026-10-07 14:09:24,B0V7SN6S,ca.4344735,Ca.4344752,CHCEWXEHQJDGFCNJ,"Cadbury Dairy Milk Chocolate Milk Chocolate 20.2 g {""customer_note"":""Image/design may vary""} {""ean"":""7622202398698, 7622202328800, 7622202272639, 7622201149406, 7622202818363, 7622202324260""} 20",11,XISYJIS
2026-10-07 14:09:24,B0V7SN6S,ca.4344735,Ca.4344752,CUYH5HHH6P4JAAEK,"Frubon Creamy Dahi Plain Curd 180 g 8906129280571, 8906129280571 23",1,XIT4BSE
2026-10-07 14:09:24,B0V7SN6S,ca.4344735,Ca.4344752,CHCGZYFRQGHSRSVW,"Cadbury 5 Star Kitted Chocolate Milk Chocolate 96 g {""customer_note"":""Image/design may vary""} {""ean"":""7622202315237, 7622202218262, 7622202318320""} 60",7,XISM49K
2026-10-07 14:09:24,B0V7SN6S,ca.4344735,Ca.4344752,CHCHQ4ZEAAGG6Y5V,"Kinder Anar Pack Milk Chocolate 93.6 g {""customer_note"":""""} {""ean"":""8000500479247""} 399",1,XIT2I8Z
2026-10-07 14:09:24,B0V7SN6S,ca.4344735,Ca.4344752,CHCEWXEHUYVKXZY5,"Cadbury 5 Star Chocolate Milk Chocolate 35.2 g {""customer_note"":""Image/design may vary""} {""ean"":""7622202318047, 7622202315121, 7622202818462""} 20",6,XISM41A
2026-10-07 14:09:24,B0V7SN6S,ca.4344735,Ca.4344752,PTFHE2E9HXDKMAGK,Frubon High Protein Paneer 200 g 8906129282742 110,1,XIT4BR8
2026-10-07 14:09:24,B0V7SN6S,ca.4344735,Ca.4344752,CHCEWXEHUJJEZKJJ,"Cadbury Dairy Milk Silk Chocolate Milk Chocolate 60 g {""customer_note"":""Image/design may vary""} {""ean"":""7622201710255, 7622201762315, 7622201757380, 7622202206689, 7622202216831, 7622202342196""} 80",3,XISJ6S8
2026-10-07 14:09:24,B0V7SN6S,ca.4344735,Ca.4344752,CHCGDHM54BGBYTAH,"NESTLE Classic Rich & Creamy Milk Treat Milk Chocolate 31 g {"""":""""} 8901058850390, 8901058004809, 8901058009682, 8901058024128 20",6,XIOF55Q
2026-10-07 14:09:24,B0V7SN6S,ca.4344735,Ca.4344752,CHCG9XXK6GP5YGUK,"Cadbury Fuse Peanut & Caramel Filled Mini Treats Chocolate Milk Chocolate 117 g {""customer_note"":""Image/design may vary""} {""ean"":""7622202325250, 7622202810206, 7622201521905""} 107",3,XIRSAGT
2026-10-07 14:09:24,B0V7SN6S,ca.4344735,Ca.4344752,CHCEWXEHNUTNFAQU,"Cadbury Dairy Milk Silk Fruit & Nut Chocolate Milk Chocolate 51 g {""customer_note"":""Image/design may vary""} {""ean"":""7622202326028, 7622202842368""} 95",6,XISIJT9
2026-10-07 14:09:24,B0V7SN6S,ca.4344735,Ca.4344752,CHCEWXEHUTZQHCQR,"Cadbury Gems Surprise Ball Chocolate Milk Chocolate 14.69 g {""customer_note"":""Image/design may vary""} {""ean"":""7622202332241, 7622202030987, 8901233022369, 7622202030987, 7622201808549""} 45",5,XIRW33Z
2026-10-07 14:09:24,B0V7SN6S,ca.4344735,Ca.4344752,CHEEZWYRZQGXA5FA,Go NA Processed cheese Slices 200 g 1 8906001020196 169,5,XISMDB5
2026-10-07 14:09:24,B0V7SN6S,ca.4344735,Ca.4344752,CHCHMAP3W2RPMEMC,"Smoor Roasted Almond Cocoa Snaps Chocolate Dark Chocolate 60 g {"""":""""} {""ean"":""8904303415771, 8904303412619""} 260",1,XISOCJ8
2026-10-07 14:09:24,B0V7SN6S,ca.4344735,Ca.4344752,CHEEZ6A8KJRBNKED,Amul NA Processed cheese Cubes 200 g 8 8901262020039 135,5,XISLIM1
2026-10-07 14:09:24,B0V7SN6S,ca.4344735,Ca.4344752,CHCG6G6JZMRVTZ5Q,"NESTLE Milkybar Creamy White Chocolate Tablet Milk Chocolate 12.5 g {"""":""""} 8901058875577, 8901058875584 10",2,XINSDXL
2026-10-07 14:09:24,B0V7SN6S,ca.4344735,Ca.4344752,CHEGJYJ7QKRUFQWM,"D'lecta NA Mozzarella cheese Block 200 g 1 8906010090128, 8906010090869 169",1,XISJ1X4
2026-10-07 14:09:24,B0V7SN6S,ca.4344735,Ca.4344752,CHEG74UHB2GJKYAK,"Dlecta NA Processed cheese Slices 200 g 1 8906010090074, 8906010090777 189",1,XIS21VB
2026-10-07 14:09:24,B0V7SN6S,ca.4344735,Ca.4344752,BUTGG78XDEHHVQJU,Amul Safed Makhan Unsalted Butter 100 g 8901262010436 65,4,XIS1HAQ
2026-10-07 14:09:24,B0V7SN6S,ca.4344735,Ca.4344752,CHCEZX2N7Y6HHARF,"NESTLE Kitkat 4F Choco Coated Wafer Bar, Perfect for Valentine Breaks Milk Chocolate 38.5 g {"""":""""} 8901058903164, 8901058903614 30",4,XIOY7TY
2026-10-07 14:09:24,B0V7SN6S,ca.4344735,Ca.4344752,CUYH5HHHFG3KGYTG,"Frubon NA Fruit Yogurt 100 g 8906129282032, 8906129282032 35",1,XISGWKI
2026-10-07 14:09:24,B0V7SN6S,ca.4344735,Ca.4344752,CHCEWXEHNYCYNMU2,"Cadbury Dairy Milk Crackle Chocolate Milk Chocolate 36 g {""customer_note"":""Image/design may vary""} {""ean"":""7622202324901, 7622202329586, 7622201149543""} 45",3,XISE8S8
2026-10-07 14:11:58,B0V7SN22,Ca.4344752,Ca.4344752,CHCGZYFRQGHSRSVW,"Cadbury 5 Star Kitted Chocolate Milk Chocolate 96 g {""customer_note"":""Image/design may vary""} {""ean"":""7622202315237, 7622202218262, 7622202318320""} 60",4,XISM49K
2026-10-07 14:11:58,B0V7SN22,Ca.4344752,Ca.4344752,CHCHF8CJYEBNZABZ,"NESTLE Kitkat Cele Break Mini Gift Box Chocolate Dark Chocolate 181.5 g {"""":""""} {""ean"":""8901058026658""} 157",2,XISGMU5
2026-10-07 14:11:58,B0V7SN22,Ca.4344752,Ca.4344752,CHCGZ5RFCHEBQXTH,"NESTLE Milkybar Choo Strawberry Treats Milk Chocolate 80 g {"""":""""} {""ean"":""8901058009002""} 50",1,XIS3S0V
2026-10-07 14:11:58,B0V7SN22,Ca.4344752,Ca.4344752,CHCEWXEHTSN8QRZS,"Cadbury Gems Candy Chocolate Milk Chocolate 24.97 g {""customer_note"":""Image/design may vary""} {""ean"":""7622201799120, 8901233022352, 7622202819933, 8901233022864, 7622202332197, 7622202216749""} 20",3,XISYIN7
2026-10-07 14:11:58,B0V7SN22,Ca.4344752,Ca.4344752,CHCGMMKRURUTHVNZ,"Cadbury Perk Mini Treats Chocolate Milk Chocolate 115.5 g {""customer_note"":""Image/design may vary""} {""ean"":""7622202031830, 7622202265457, 7622202047886, 7622202336058""} 88",9,XISJ4K5
2026-10-07 14:12:19,B0V7SNKE,ca.4263309,Ca.4344752,PTFH5HKUTSSUZGWG,"Frubon Fresh Paneer 180 g 8906129283527, 8906129282285 95",2,XIT4BPM
2026-10-07 14:12:19,B0V7SNKE,ca.4263309,Ca.4344752,CHCHF8CJYEBNZABZ,"NESTLE Kitkat Cele Break Mini Gift Box Chocolate Dark Chocolate 181.5 g {"""":""""} {""ean"":""8901058026658""} 157",5,XISGMU5
2026-10-07 14:12:19,B0V7SNKE,ca.4263309,Ca.4344752,CHCH6PWTX6D9ZRFH,"Cadbury Assorted Mini Treats Chocolate Milk Chocolate 126.7 g {""customer_note"":""Image/design may vary""} {""ean"":""7622202848742, 7622202815423, 7622202305856, 7622202335358""} 133",1,XISM3OO
2026-10-07 14:12:19,B0V7SNKE,ca.4263309,Ca.4344752,CHEEZWYRZQGXA5FA,Go NA Processed cheese Slices 200 g 1 8906001020196 169,4,XISMDB5
2026-10-07 14:12:19,B0V7SNKE,ca.4263309,Ca.4344752,BUTEZ3B93EPCJTTV,Amul NA Unsalted Butter 100 g 8901262010085 65,13,XIS4TPV
2026-10-07 14:12:19,B0V7SNKE,ca.4263309,Ca.4344752,CHCEWXEHTSN8QRZS,"Cadbury Gems Candy Chocolate Milk Chocolate 24.97 g {""customer_note"":""Image/design may vary""} {""ean"":""7622201799120, 8901233022352, 7622202819933, 8901233022864, 7622202332197, 7622202216749""} 20",3,XISYIN7
2026-10-07 14:12:19,B0V7SNKE,ca.4263309,Ca.4344752,CHCEWXEHQJDGFCNJ,"Cadbury Dairy Milk Chocolate Milk Chocolate 20.2 g {""customer_note"":""Image/design may vary""} {""ean"":""7622202398698, 7622202328800, 7622202272639, 7622201149406, 7622202818363, 7622202324260""} 20",3,XISYJIS
2026-10-07 14:12:19,B0V7SNKE,ca.4263309,Ca.4344752,CHEHBF8AFRQHFHG5,Amul A+ Processed cheese Slices 200 g 1 8901262020367 170,7,XISNTNG
2026-10-07 14:12:19,B0V7SNKE,ca.4263309,Ca.4344752,PTFH9WBCCWQXZ5HU,"ProPlant Plain Tofu 200 g 8908003398006, 8908003398532 80",2,XISWU66
2026-10-07 14:12:19,B0V7SNKE,ca.4263309,Ca.4344752,CHCF8YEC6HSDGYQC,"NESTLE Kitkat Minis Chocolate Milk Chocolate 111 g {"""":""""} {""ean"":""8901058011012, 8901058033441""} 147",5,XISRG1Y
2026-10-07 14:12:19,B0V7SNKE,ca.4263309,Ca.4344752,CHCFYGAHXGHZCBGC,"Cadbury Gems Mini Treats Chocolate Milk Chocolate 94.04 g {""customer_note"":""Image/design may vary""} {""ean"":""7622202332210, 7622202031205, 7622201802813, 7622202338977, 7622202810220""} 108",1,XISJ7IR
2026-10-07 14:12:19,B0V7SNKE,ca.4263309,Ca.4344752,CHCEWXEHGEDJZAB6,"Cadbury Temptations Rum & Raisins Chocolate Milk Chocolate 70 g {""customer_note"":""""} {""ean"":""7622202335655""} 100",2,XISSQV1
2026-10-07 14:12:19,B0V7SNKE,ca.4263309,Ca.4344752,BUTFBQSTM8HVSPWJ,Delicious NA Fat Spread 100 g 8901262140041 25,9,XISZ9O2
2026-10-07 14:12:19,B0V7SNKE,ca.4263309,Ca.4344752,PTFHE2E9HXDKMAGK,Frubon High Protein Paneer 200 g 8906129282742 110,14,XIT4BR8
2026-10-07 14:12:19,B0V7SNKE,ca.4263309,Ca.4344752,CHCGZYFR6TZYBUEN,"Cadbury 5 Star Mini Treats Chocolate Milk Chocolate 245 g {""customer_note"":""Image/design may vary""} {""ean"":""7622202819568, 7622202213496, 7622202318306, 7622202301681, 7622202315077, 7622202819568""} 178",1,XIS6WPK
2026-10-07 14:12:39,B0V7SNGI,Ca.4035953,Ca.4344752,CHCF8YEC6HSDGYQC,"NESTLE Kitkat Minis Chocolate Milk Chocolate 111 g {"""":""""} {""ean"":""8901058011012, 8901058033441""} 147",2,XISRG1Y
2026-10-07 14:12:39,B0V7SNGI,Ca.4035953,Ca.4344752,PTFH9WBCACJ9MYDA,"ProPlant Masala Tofu 200 g 8908003398549, 8908003398020 90",1,XIT0P9T
2026-10-07 14:12:39,B0V7SNGI,Ca.4035953,Ca.4344752,CHCH6PWTX6D9ZRFH,"Cadbury Assorted Mini Treats Chocolate Milk Chocolate 126.7 g {""customer_note"":""Image/design may vary""} {""ean"":""7622202848742, 7622202815423, 7622202305856, 7622202335358""} 133",1,XISM3OO
2026-10-07 14:12:39,B0V7SNGI,Ca.4035953,Ca.4344752,BUTFBQSTM8HVSPWJ,Delicious NA Fat Spread 100 g 8901262140041 25,17,XISZ9O2
2026-10-07 14:12:39,B0V7SNGI,Ca.4035953,Ca.4344752,BUTGG78XDEHHVQJU,Amul Safed Makhan Unsalted Butter 100 g 8901262010436 65,6,XIS1HAQ
2026-10-07 14:12:39,B0V7SNGI,Ca.4035953,Ca.4344752,CHEEZWYRZQGXA5FA,Go NA Processed cheese Slices 200 g 1 8906001020196 169,4,XISMDB5
2026-10-07 14:12:39,B0V7SNGI,Ca.4035953,Ca.4344752,BUTEZ3B93EPCJTTV,Amul NA Unsalted Butter 100 g 8901262010085 65,2,XIS4TPV
2026-10-07 14:12:39,B0V7SNGI,Ca.4035953,Ca.4344752,PTFHE2E9HXDKMAGK,Frubon High Protein Paneer 200 g 8906129282742 110,17,XIT4BR8
2026-10-07 14:12:39,B0V7SNGI,Ca.4035953,Ca.4344752,CHCGQCZRHCHGK48J,"FERRERO ROCHER Chocolates Milk Chocolate 89.6 g {"""":""""} {""ean"":""8000500411469""} 299",1,XISYJFN
2026-10-07 14:12:39,B0V7SNGI,Ca.4035953,Ca.4344752,WFWEU7NTGPMUDW85,"NESTLE Kitkat Coated Wafer Chocolate Milk Chocolate 18.5 g {"""":""""} {""ean"":""8901058016116, 8901058015171, 8901058033045""} 20",13,XIRCDOO
2026-10-07 14:12:39,B0V7SNGI,Ca.4035953,Ca.4344752,CHCH257JD7GDACYA,"Cadbury 5 Star Mini Treats Chocolate Milk Chocolate 166.6 g {""customer_note"":""Image/design may vary""} {""ean"":""7622202318283, 7622202819384, 7622202315091, 7622202301704, 7622202819384""} 133",3,XISM5ZV
2026-10-07 14:12:39,B0V7SNGI,Ca.4035953,Ca.4344752,CHEHBF8AFRQHFHG5,Amul A+ Processed cheese Slices 200 g 1 8901262020367 170,6,XISNTNG
2026-10-07 14:19:58,B0V7SNAY,Ca.4035953,Ca.4344752,SAMEZ3BUREZUZUFA,Amul ELAICHI SHRIKHAND Shrikhand 200 g 8901262040099 55,2,XIS8V8B
2026-10-07 14:19:58,B0V7SNAY,Ca.4035953,Ca.4344752,CHCEWXEH5DXSCTUP,"Cadbury Fuse Peanut & Caramel Filled Chocolate Milk Chocolate 23 g {""customer_note"":""Image/design may vary""} {""ean"":""7622202216336, 7622202820823, 7622202334115, 7622202846786""} 20",4,XISJ3EZ
2026-10-07 14:19:58,B0V7SNAY,Ca.4035953,Ca.4344752,CHCHCC8GWJWU83RC,"Cadbury Dairy Milk Chocolate Milk Chocolate 25 g {""customer_note"":""""} {""ean"":""7622202328770, 7622202375989, 7622300136055, 7622202851032""} 20",5,XISJAAN
2026-10-07 14:19:58,B0V7SNAY,Ca.4035953,Ca.4344752,CHEEZ6A8EG68GZM4,Amul NA Processed cheese Slices 200 g 10 8901262020015 145,2,XISSUTS
2026-10-07 14:19:58,B0V7SNAY,Ca.4035953,Ca.4344752,SAMEZ3BUDTUGHQHG,Amul Shrikhand Flavored Curd 200 g 8901262040105 60,2,XIR2ABQ
2026-10-07 14:19:58,B0V7SNAY,Ca.4035953,Ca.4344752,CHCEWXEHUYVKXZY5,"Cadbury 5 Star Chocolate Milk Chocolate 35.2 g {""customer_note"":""Image/design may vary""} {""ean"":""7622202318047, 7622202315121, 7622202818462""} 20",4,XISM41A
2026-10-07 14:19:58,B0V7SNAY,Ca.4035953,Ca.4344752,CHCEX42BG5YH5YWP,"BOUNTY Coconut Filled Chocolate Milk Chocolate 50 g {"""":""""} {""ean"":""5000159567435, 6221134030204""} 99",1,XISGXG1
2026-10-07 14:19:58,B0V7SNAY,Ca.4035953,Ca.4344752,CHCEWXEHCXFFJZNG,"Cadbury Bournville 50% Cocoa Chocolate Dark Chocolate 30 g {""customer_note"":""Image/design may vary""} {""ean"":""8901233021645, 7622202294365, 7622202294365, 7622202030727""} 60",3,XIRXP7R
2026-10-07 14:19:58,B0V7SNAY,Ca.4035953,Ca.4344752,CHCEWXEHYHSEGYVD,"Cadbury Dairy Milk Fruit And Nut Chocolate Milk Chocolate 36 g {""customer_note"":""Image/design may vary""} {""ean"":""7622201150181, 7622202324871""} 40",1,XIRPA2F
2026-10-07 14:19:58,B0V7SNAY,Ca.4035953,Ca.4344752,CUYF4Z6GDY2CZGQS,EPIGAMIA NA Greek Yogurt 85 g 8906059635090 50,3,XIT2HCA
2026-10-07 14:19:58,B0V7SNAY,Ca.4035953,Ca.4344752,CUYF4Z6G3BBB3ZEZ,EPIGAMIA NA Greek Yogurt 85 g 8906059635069 60,1,XIT1EQ0
2026-10-07 14:19:58,B0V7SNAY,Ca.4035953,Ca.4344752,CHCFSEGJBQYPU5H6,"Cadbury Bournville 70% Cocoa Chocolate Dark Chocolate 75 g {""customer_note"":""Image/design may vary""} {""ean"":""7622202325960, 7622201138363, 7622202030789""} 130",1,XISJ5K2
2026-10-07 14:19:58,B0V7SNAY,Ca.4035953,Ca.4344752,CHCGFRWG4NKBUZD9,"NESTLE Munch Max Crunchy Wafer Milk Chocolate 38.5 g {"""":""""} {""ean"":""8901058904093, 8901058005080""} 10",23,XISK125
2026-10-07 14:19:58,B0V7SNAY,Ca.4035953,Ca.4344752,CHCHDHZNYDSGBGBG,"Cadbury Dairy Milk Milkinis Chocolate Milk Chocolate 34 g {""customer_note"":""""} {""ean"":""7622202328749, 7622202847622""} 36",2,XISM544
2026-10-07 14:19:58,B0V7SNAY,Ca.4035953,Ca.4344752,CHCEWXEHUTZQHCQR,"Cadbury Gems Surprise Ball Chocolate Milk Chocolate 14.69 g {""customer_note"":""Image/design may vary""} {""ean"":""7622202332241, 7622202030987, 8901233022369, 7622202030987, 7622201808549""} 45",1,XIRW33Z
2026-10-07 14:19:58,B0V7SNAY,Ca.4035953,Ca.4344752,CHEEZ6A8KJRBNKED,Amul NA Processed cheese Cubes 200 g 8 8901262020039 135,3,XISLIM1
2026-10-07 14:19:58,B0V7SNAY,Ca.4035953,Ca.4344752,CUYF4Z6GVZ5C8CAU,EPIGAMIA Alphonso Mango yogurt Greek Yogurt 85 g 8906059635014 55,2,XIT01LM
2026-10-07 14:19:58,B0V7SNAY,Ca.4035953,Ca.4344752,CHCG25S7RZVHNFGN,"Amul Dark Chocolate Dark Chocolate 35 g {"""":""""} {""ean"":""8901262070454""} 45",3,XISZ8ZT
2026-10-07 14:19:58,B0V7SNAY,Ca.4035953,Ca.4344752,CHCHGHZFU4BDVDHK,"NESTLE Munch Max Crunchies Chocolate Compound Chocolate 45 g {"""":""""} {""ean"":""8901058027778""} 40",1,XIRF468
2026-10-07 14:19:58,B0V7SNAY,Ca.4035953,Ca.4344752,CHEGJYJ7QKRUFQWM,"D'lecta NA Mozzarella cheese Block 200 g 1 8906010090128, 8906010090869 169",1,XISJ1X4
2026-10-07 14:19:58,B0V7SNAY,Ca.4035953,Ca.4344752,CHCFBQSRAJGHP7YX,"Amul Fruit 'N' Nut Chocolate Dark Chocolate 40 g {"""":""""} {""ean"":""8901262070058""} 45",4,XISCOKT
2026-10-07 14:19:58,B0V7SNAY,Ca.4035953,Ca.4344752,CHCGP3736ARAJNNB,"Cadbury Dairy Milk Family Chocolate Milk Chocolate 112 g {""customer_note"":""Image/design may vary""} {""ean"":""7622202324604, 7622202346385, 7622202025426, 7622202245619""} 130",4,XIRUH9U
2026-10-07 14:19:58,B0V7SNAY,Ca.4035953,Ca.4344752,CHCEWXEHZESSDDWV,"Cadbury Bournville Cranberry 50% Dark Chocolate Dark Chocolate 78 g {""customer_note"":""Image/design may vary""} {""ean"":""7622202325939""} 105",1,XISEYJ3
2026-10-07 14:19:58,B0V7SNAY,Ca.4035953,Ca.4344752,CHCG8SUY6FD7V8TM,"Cadbury Dairy Milk Maha Chocolate Milk Chocolate 46 g {""customer_note"":""Image/design may vary""} {""ean"":""7622202398735, 7622201822163, 7622202245589""} 55",1,XIRXP4V
2026-10-07 14:19:58,B0V7SNAY,Ca.4035953,Ca.4344752,CHCH8VS6WKRGUDGG,"Amul India Origin Milk Chocolate Milk Chocolate 125 g {"""":""""} {""ean"":""8901262072052""} 200",2,XIRWTY3
2026-10-07 14:19:58,B0V7SNAY,Ca.4035953,Ca.4344752,CHCEWXEHNYCYNMU2,"Cadbury Dairy Milk Crackle Chocolate Milk Chocolate 36 g {""customer_note"":""Image/design may vary""} {""ean"":""7622202324901, 7622202329586, 7622201149543""} 45",2,XISE8S8
2026-10-07 14:19:58,B0V7SNAY,Ca.4035953,Ca.4344752,CHEFF2FR8YZ9UVZZ,Amul NA Processed cheese Block 200 g 1 8901262020244 129,1,XISZA58
2026-10-07 14:19:58,B0V7SNAY,Ca.4035953,Ca.4344752,BUTHD5VFBHKYPAAT,Nutralite Yummy Spread | Healthy Table Spread for Cooking & Spreading Butter Spread 500 g 8901548100080 145,3,XIREGFJ
2026-10-07 14:21:38,B0V7SN86,Ca.4344752,Ca.4344752,CHCHF8CJYEBNZABZ,"NESTLE Kitkat Cele Break Mini Gift Box Chocolate Dark Chocolate 181.5 g {"""":""""} {""ean"":""8901058026658""} 157",3,XISGMU5
2026-10-07 14:21:38,B0V7SN86,Ca.4344752,Ca.4344752,CHCH6PWTX6D9ZRFH,"Cadbury Assorted Mini Treats Chocolate Milk Chocolate 126.7 g {""customer_note"":""Image/design may vary""} {""ean"":""7622202848742, 7622202815423, 7622202305856, 7622202335358""} 133",2,XISM3OO
2026-10-07 14:21:38,B0V7SN86,Ca.4344752,Ca.4344752,CHCHGHZFEBD5YK4Z,"NESTLE Milky Bar Buttersctoch Bites Milk Chocolate 45 g {"""":""""} {""ean"":""8901058027051""} 60",3,XIQV4LD
2026-10-07 14:21:38,B0V7SN86,Ca.4344752,Ca.4344752,BUTEZ3B93EPCJTTV,Amul NA Unsalted Butter 100 g 8901262010085 65,3,XIS4TPV
2026-10-07 14:21:38,B0V7SN86,Ca.4344752,Ca.4344752,CHCEWXEHTSN8QRZS,"Cadbury Gems Candy Chocolate Milk Chocolate 24.97 g {""customer_note"":""Image/design may vary""} {""ean"":""7622201799120, 8901233022352, 7622202819933, 8901233022864, 7622202332197, 7622202216749""} 20",1,XISYIN7
2026-10-07 14:21:38,B0V7SN86,Ca.4344752,Ca.4344752,CHCFBQSRBCY2HF2P,"Amul India Twilight Tryst Single Origin Dark Chocolate Dark Chocolate 125 g {"""":""""} {""ean"":""8901262071703, 8901262072670""} 200",1,XIRT1HT
2026-10-07 14:21:38,B0V7SN86,Ca.4344752,Ca.4344752,CUYF4Z6GAZMUYSYK,EPIGAMIA Strawberry ypgurt Greek Yogurt 85 g 8906059635021 55,1,XISZ12S
2026-10-07 14:21:38,B0V7SN86,Ca.4344752,Ca.4344752,CHCHY89NEQCAHACT,"Cadbury Dairy Milk Mini Treats Milk Chocolate 98 g {""customer_note"":""Image/design may vary""} {""ean"":""7622202220968, 7622202324499""} 133",2,XISM5MJ
2026-10-07 14:21:38,B0V7SN86,Ca.4344752,Ca.4344752,CHEEZ6A8EG68GZM4,Amul NA Processed cheese Slices 200 g 10 8901262020015 145,1,XISSUTS
2026-10-07 14:21:38,B0V7SN86,Ca.4344752,Ca.4344752,CHCGZYFRQGHSRSVW,"Cadbury 5 Star Kitted Chocolate Milk Chocolate 96 g {""customer_note"":""Image/design may vary""} {""ean"":""7622202315237, 7622202218262, 7622202318320""} 60",6,XISM49K
2026-10-07 14:21:38,B0V7SN86,Ca.4344752,Ca.4344752,CHCHQ4ZEAAGG6Y5V,"Kinder Anar Pack Milk Chocolate 93.6 g {""customer_note"":""""} {""ean"":""8000500479247""} 399",1,XIT2I8Z
2026-10-07 14:21:38,B0V7SN86,Ca.4344752,Ca.4344752,CHCEWA2ZC7KNEQBR,"Amul Dark Chocolate Dark Chocolate 150 g {"""":""""} {""ean"":""8901262071536, 8901262070676, 8901262071567, 8901262072670""} 180",1,XIRWWA6
2026-10-07 14:21:38,B0V7SN86,Ca.4344752,Ca.4344752,BUTFBQSTM8HVSPWJ,Delicious NA Fat Spread 100 g 8901262140041 25,1,XISZ9O2
2026-10-07 14:21:38,B0V7SN86,Ca.4344752,Ca.4344752,BUTFZ9C8YVUCHRHG,Nutralite Doodhshakti Probiotic Butter Spread 100 g 8901548310397 63,5,XISUEAF
2026-10-07 14:21:38,B0V7SN86,Ca.4344752,Ca.4344752,PTFHE2E9HXDKMAGK,Frubon High Protein Paneer 200 g 8906129282742 110,5,XIT4BR8
2026-10-07 14:21:38,B0V7SN86,Ca.4344752,Ca.4344752,CHCGDHM54BGBYTAH,"NESTLE Classic Rich & Creamy Milk Treat Milk Chocolate 31 g {"""":""""} 8901058850390, 8901058004809, 8901058009682, 8901058024128 20",2,XIOF55Q
2026-10-07 14:21:38,B0V7SN86,Ca.4344752,Ca.4344752,CHCFGZZVCEBYYG8H,"NESTLE KitKat Share & Snap 2x3 Fingers Wafer Milk Chocolate 57 g {"""":""""} {""ean"":""8901058905113""} 50",4,XIQUXCI
2026-10-07 14:21:38,B0V7SN86,Ca.4344752,Ca.4344752,CUYF4Z6GDY2CZGQS,EPIGAMIA NA Greek Yogurt 85 g 8906059635090 50,1,XIT2HCA
2026-10-07 14:21:38,B0V7SN86,Ca.4344752,Ca.4344752,WFWEU7NTGPMUDW85,"NESTLE Kitkat Coated Wafer Chocolate Milk Chocolate 18.5 g {"""":""""} {""ean"":""8901058016116, 8901058015171, 8901058033045""} 20",9,XIRCDOO
2026-10-07 14:21:38,B0V7SN86,Ca.4344752,Ca.4344752,CUYF4Z6G3BBB3ZEZ,EPIGAMIA NA Greek Yogurt 85 g 8906059635069 60,1,XIT1EQ0
2026-10-07 14:21:38,B0V7SN86,Ca.4344752,Ca.4344752,CHCGMMKRURUTHVNZ,"Cadbury Perk Mini Treats Chocolate Milk Chocolate 115.5 g {""customer_note"":""Image/design may vary""} {""ean"":""7622202031830, 7622202265457, 7622202047886, 7622202336058""} 88",1,XISJ4K5
2026-10-07 14:21:38,B0V7SN86,Ca.4344752,Ca.4344752,MLKG6WUFG7ZK68NQ,Yakult Light Fermented 325 ml Plain 8906019270002 100,1,XISWUFS
2026-10-07 14:21:38,B0V7SN86,Ca.4344752,Ca.4344752,PTFH5HKUTSSUZGWG,"Frubon Fresh Paneer 180 g 8906129283527, 8906129282285 95",3,XIT4BPM
2026-10-07 14:21:38,B0V7SN86,Ca.4344752,Ca.4344752,CHCGFRWG4NKBUZD9,"NESTLE Munch Max Crunchy Wafer Milk Chocolate 38.5 g {"""":""""} {""ean"":""8901058904093, 8901058005080""} 10",6,XISK125
2026-10-07 14:21:38,B0V7SN86,Ca.4344752,Ca.4344752,SAMEZ3BUTSR6YTY8,Amul KESAR SHRIKHAND Shrikhand 500 g 8901262040020 140,4,XISNUDC
2026-10-07 14:21:38,B0V7SN86,Ca.4344752,Ca.4344752,CHCG6G6JZMRVTZ5Q,"NESTLE Milkybar Creamy White Chocolate Tablet Milk Chocolate 12.5 g {"""":""""} 8901058875577, 8901058875584 10",5,XINSDXL
2026-10-07 14:21:38,B0V7SN86,Ca.4344752,Ca.4344752,CHCG25S7RZVHNFGN,"Amul Dark Chocolate Dark Chocolate 35 g {"""":""""} {""ean"":""8901262070454""} 45",5,XISZ8ZT
2026-10-07 14:21:38,B0V7SN86,Ca.4344752,Ca.4344752,CUYHZUFHSJ732DGT,Amul Kesar Shrikhand Shrikhand 100 g 8901262040068 30,1,XISZ9UW
2026-10-07 14:21:38,B0V7SN86,Ca.4344752,Ca.4344752,CHCF8H3HWUXT6DQR,"Cadbury Dairy Milk Crispello Chocolate Milk Chocolate 35 g {""customer_note"":""Image/design may vary""} {""ean"":""7622202324758""} 30",3,XISPB16
2026-10-07 14:21:38,B0V7SN86,Ca.4344752,Ca.4344752,CHCEZX2N7Y6HHARF,"NESTLE Kitkat 4F Choco Coated Wafer Bar, Perfect for Valentine Breaks Milk Chocolate 38.5 g {"""":""""} 8901058903164, 8901058903614 30",3,XIOY7TY
2026-10-07 14:21:38,B0V7SN86,Ca.4344752,Ca.4344752,CHEFF2FR8YZ9UVZZ,Amul NA Processed cheese Block 200 g 1 8901262020244 129,3,XISZA58
2026-10-07 14:22:20,B0V7SN5Y,ca.4263309,Ca.4344752,CHCHF8CJYEBNZABZ,"NESTLE Kitkat Cele Break Mini Gift Box Chocolate Dark Chocolate 181.5 g {"""":""""} {""ean"":""8901058026658""} 157",1,XISGMU5
2026-10-07 14:22:20,B0V7SN5Y,ca.4263309,Ca.4344752,CHCEWXEHGEDJZAB6,"Cadbury Temptations Rum & Raisins Chocolate Milk Chocolate 70 g {""customer_note"":""""} {""ean"":""7622202335655""} 100",2,XISSQV1
2026-10-07 14:22:20,B0V7SN5Y,ca.4263309,Ca.4344752,BUTGG78XDEHHVQJU,Amul Safed Makhan Unsalted Butter 100 g 8901262010436 65,1,XIS1HAQ
2026-10-07 14:22:20,B0V7SN5Y,ca.4263309,Ca.4344752,CHEEZWYRZQGXA5FA,Go NA Processed cheese Slices 200 g 1 8906001020196 169,3,XISMDB5
2026-10-07 14:22:20,B0V7SN5Y,ca.4263309,Ca.4344752,CHCHMAP3W2RPMEMC,"Smoor Roasted Almond Cocoa Snaps Chocolate Dark Chocolate 60 g {"""":""""} {""ean"":""8904303415771, 8904303412619""} 260",1,XISOCJ8
2026-10-07 14:22:20,B0V7SN5Y,ca.4263309,Ca.4344752,CHCGQCZRHCHGK48J,"FERRERO ROCHER Chocolates Milk Chocolate 89.6 g {"""":""""} {""ean"":""8000500411469""} 299",1,XISYJFN
2026-10-07 14:22:20,B0V7SN5Y,ca.4263309,Ca.4344752,CHCF5PFCHHBRMDRH,"Cadbury Dairy Milk Silk Mini Treats Milk Chocolate 135 g {""customer_note"":""Image/design may vary""} {""ean"":""7622202292927, 8901233033563, 7622201758042""} 240",1,XISF028
2026-10-07 14:22:20,B0V7SN5Y,ca.4263309,Ca.4344752,WFWEU7NTGPMUDW85,"NESTLE Kitkat Coated Wafer Chocolate Milk Chocolate 18.5 g {"""":""""} {""ean"":""8901058016116, 8901058015171, 8901058033045""} 20",24,XIRCDOO
2026-10-07 14:22:20,B0V7SN5Y,ca.4263309,Ca.4344752,CHCGMMKRURUTHVNZ,"Cadbury Perk Mini Treats Chocolate Milk Chocolate 115.5 g {""customer_note"":""Image/design may vary""} {""ean"":""7622202031830, 7622202265457, 7622202047886, 7622202336058""} 88",2,XISJ4K5
2026-10-07 14:25:49,B0V7SNCW,ca.4263309,Ca.4344752,SAMHQDEFU7ACEHRH,EAT BETTER CO Peanut Chocolate Sugar-Free Laddu Laddu 20 g 8906210070081 29,2,XISR9DH
2026-10-07 14:25:49,B0V7SNCW,ca.4263309,Ca.4344752,CHCGFRWG4NKBUZD9,"NESTLE Munch Max Crunchy Wafer Milk Chocolate 38.5 g {"""":""""} {""ean"":""8901058904093, 8901058005080""} 10",26,XISK125
2026-10-07 14:25:49,B0V7SNCW,ca.4263309,Ca.4344752,CHCHDHZNYDSGBGBG,"Cadbury Dairy Milk Milkinis Chocolate Milk Chocolate 34 g {""customer_note"":""""} {""ean"":""7622202328749, 7622202847622""} 36",6,XISM544
2026-10-07 14:25:49,B0V7SNCW,ca.4263309,Ca.4344752,CUYH5HHHHQZD26PQ,"Frubon NA Fruit Yogurt 100 g 8906129282018, 8906129282018 40",2,XISW2B8
2026-10-07 14:25:49,B0V7SNCW,ca.4263309,Ca.4344752,CUYF4Z6GVZ5C8CAU,EPIGAMIA Alphonso Mango yogurt Greek Yogurt 85 g 8906059635014 55,3,XIT01LM
2026-10-07 14:25:49,B0V7SNCW,ca.4263309,Ca.4344752,CHCFBQSRBCY2HF2P,"Amul India Twilight Tryst Single Origin Dark Chocolate Dark Chocolate 125 g {"""":""""} {""ean"":""8901262071703, 8901262072670""} 200",2,XIRT1HT
2026-10-07 14:25:49,B0V7SNCW,ca.4263309,Ca.4344752,CUYF4Z6GAZMUYSYK,EPIGAMIA Strawberry ypgurt Greek Yogurt 85 g 8906059635021 55,2,XISZ12S
2026-10-07 14:25:49,B0V7SNCW,ca.4263309,Ca.4344752,CHEEZ6A8EG68GZM4,Amul NA Processed cheese Slices 200 g 10 8901262020015 145,2,XISSUTS
2026-10-07 14:25:49,B0V7SNCW,ca.4263309,Ca.4344752,SAMEZ3BUDTUGHQHG,Amul Shrikhand Flavored Curd 200 g 8901262040105 60,3,XIR2ABQ
2026-10-07 14:25:49,B0V7SNCW,ca.4263309,Ca.4344752,CHEGJYJ7QKRUFQWM,"D'lecta NA Mozzarella cheese Block 200 g 1 8906010090128, 8906010090869 169",1,XISJ1X4
2026-10-07 14:25:49,B0V7SNCW,ca.4263309,Ca.4344752,CHCFBQSRAJGHP7YX,"Amul Fruit 'N' Nut Chocolate Dark Chocolate 40 g {"""":""""} {""ean"":""8901262070058""} 45",1,XISCOKT
2026-10-07 14:25:49,B0V7SNCW,ca.4263309,Ca.4344752,SAMEZ3BUREZUZUFA,Amul ELAICHI SHRIKHAND Shrikhand 200 g 8901262040099 55,1,XISZA2K
2026-10-07 14:25:49,B0V7SNCW,ca.4263309,Ca.4344752,CHCEWXEHZGR6BG7M,"Cadbury Bournville Fruit & Nut 50% Dark Chocolate Dark Chocolate 75 g {""customer_note"":""Image/design may vary""} {""ean"":""7622202325908, 7622201505462, 7622202030840""} 100",1,XIS8W4J
2026-10-07 14:25:49,B0V7SNCW,ca.4263309,Ca.4344752,CHCGZEBPTUGUAQH5,"Cadbury Bournville Fruit & Nut 50% Dark Chocolate Fruit and Nuts Chocolate 30 g {""customer_note"":""Image/design may vary""} {""ean"":""7622202294396, 7622202294396, 7622202220999""} 55",3,XIS2Y55
2026-10-07 14:25:49,B0V7SNCW,ca.4263309,Ca.4344752,CHCEWXEHUJJEZKJJ,"Cadbury Dairy Milk Silk Chocolate Milk Chocolate 60 g {""customer_note"":""Image/design may vary""} {""ean"":""7622201710255, 7622201762315, 7622201757380, 7622202206689, 7622202216831, 7622202342196""} 80",2,XISJ6S8
2026-10-07 14:25:49,B0V7SNCW,ca.4263309,Ca.4344752,CHCEZX2N7Y6HHARF,"NESTLE Kitkat 4F Choco Coated Wafer Bar, Perfect for Valentine Breaks Milk Chocolate 38.5 g {"""":""""} 8901058903164, 8901058903614 30",7,XIOY7TY
2026-10-07 14:25:49,B0V7SNCW,ca.4263309,Ca.4344752,CHCG8SUY6FD7V8TM,"Cadbury Dairy Milk Maha Chocolate Milk Chocolate 46 g {""customer_note"":""Image/design may vary""} {""ean"":""7622202398735, 7622201822163, 7622202245589""} 55",6,XIRXP4V
2026-10-07 14:25:49,B0V7SNCW,ca.4263309,Ca.4344752,CHCH8VS6WKRGUDGG,"Amul India Origin Milk Chocolate Milk Chocolate 125 g {"""":""""} {""ean"":""8901262072052""} 200",1,XIRWTY3
2026-10-07 14:25:49,B0V7SNCW,ca.4263309,Ca.4344752,CUYF4Z6GDY2CZGQS,EPIGAMIA NA Greek Yogurt 85 g 8906059635090 50,2,XIT2HCA
2026-10-07 14:25:49,B0V7SNCW,ca.4263309,Ca.4344752,CHCFXMEYSTEZEHFP,"Cadbury Dairy Milk Silk Mousse Chocolate Milk Chocolate 48.5 g {""customer_note"":""Image/design may vary""} {""ean"":""7622202290695, 7622201762254, 7622201114879, 7622202326059""} 100",1,XISFB2H
2026-10-07 14:25:49,B0V7SNCW,ca.4263309,Ca.4344752,CHCEWXEHHJGN3YXZ,"Cadbury Dairy Milk Silk Oreo Chocolate Milk Chocolate 58.5 g {""customer_note"":""Image/design may vary""} {""ean"":""7622201762193, 7622202290572, 7622202326110, 8901233033525""} 95",1,XISLLC7
2026-10-07 14:25:49,B0V7SNCW,ca.4263309,Ca.4344752,CHCEWXEHNYCYNMU2,"Cadbury Dairy Milk Crackle Chocolate Milk Chocolate 36 g {""customer_note"":""Image/design may vary""} {""ean"":""7622202324901, 7622202329586, 7622201149543""} 45",2,XISE8S8
2026-10-07 14:25:49,B0V7SNCW,ca.4263309,Ca.4344752,BUTHD5VFBHKYPAAT,Nutralite Yummy Spread | Healthy Table Spread for Cooking & Spreading Butter Spread 500 g 8901548100080 145,3,XIREGFJ
2026-10-07 14:25:49,B0V7SNCW,ca.4263309,Ca.4344752,CHCEX42BBBNRHUN8,"SNICKERS Peanut, Nougat & Caramel Chocolate Milk Chocolate 40 g {"""":""""} {""ean"":""8902433030109""} 45",1,XISGWU9
2026-10-07 14:26:56,B0V7SN9U,Ca.4035953,Ca.4344752,CHCGZYFRQGHSRSVW,"Cadbury 5 Star Kitted Chocolate Milk Chocolate 96 g {""customer_note"":""Image/design may vary""} {""ean"":""7622202315237, 7622202218262, 7622202318320""} 60",1,XISM49K
2026-10-07 14:26:56,B0V7SN9U,Ca.4035953,Ca.4344752,CHCHF8CJYEBNZABZ,"NESTLE Kitkat Cele Break Mini Gift Box Chocolate Dark Chocolate 181.5 g {"""":""""} {""ean"":""8901058026658""} 157",7,XISGMU5
2026-10-07 14:26:56,B0V7SN9U,Ca.4035953,Ca.4344752,CHCH6PWTX6D9ZRFH,"Cadbury Assorted Mini Treats Chocolate Milk Chocolate 126.7 g {""customer_note"":""Image/design may vary""} {""ean"":""7622202848742, 7622202815423, 7622202305856, 7622202335358""} 133",3,XISM3OO
2026-10-07 14:26:56,B0V7SN9U,Ca.4035953,Ca.4344752,CHCGZ5RFCHEBQXTH,"NESTLE Milkybar Choo Strawberry Treats Milk Chocolate 80 g {"""":""""} {""ean"":""8901058009002""} 50",6,XIS3S0V
2026-10-07 14:26:56,B0V7SN9U,Ca.4035953,Ca.4344752,BUTFZ9C8YVUCHRHG,Nutralite Doodhshakti Probiotic Butter Spread 100 g 8901548310397 63,4,XISUEAF
2026-10-07 14:26:56,B0V7SN9U,Ca.4035953,Ca.4344752,CHCGQCZRHCHGK48J,"FERRERO ROCHER Chocolates Milk Chocolate 89.6 g {"""":""""} {""ean"":""8000500411469""} 299",3,XISYJFN
2026-10-07 14:26:56,B0V7SN9U,Ca.4035953,Ca.4344752,CHCEWXEHTSN8QRZS,"Cadbury Gems Candy Chocolate Milk Chocolate 24.97 g {""customer_note"":""Image/design may vary""} {""ean"":""7622201799120, 8901233022352, 7622202819933, 8901233022864, 7622202332197, 7622202216749""} 20",3,XISYIN7
2026-10-07 14:26:56,B0V7SN9U,Ca.4035953,Ca.4344752,CHCGMMKRURUTHVNZ,"Cadbury Perk Mini Treats Chocolate Milk Chocolate 115.5 g {""customer_note"":""Image/design may vary""} {""ean"":""7622202031830, 7622202265457, 7622202047886, 7622202336058""} 88",2,XISJ4K5
2026-10-07 14:26:56,B0V7SN9U,Ca.4035953,Ca.4344752,CHCEWXEHQJDGFCNJ,"Cadbury Dairy Milk Chocolate Milk Chocolate 20.2 g {""customer_note"":""Image/design may vary""} {""ean"":""7622202398698, 7622202328800, 7622202272639, 7622201149406, 7622202818363, 7622202324260""} 20",3,XISYJIS
2026-10-07 14:26:56,B0V7SN9U,Ca.4035953,Ca.4344752,CHCG9XXK6GP5YGUK,"Cadbury Fuse Peanut & Caramel Filled Mini Treats Chocolate Milk Chocolate 117 g {""customer_note"":""Image/design may vary""} {""ean"":""7622202325250, 7622202810206, 7622201521905""} 107",2,XIRSAGT
2026-10-07 14:28:33,B0V7SN8Q,ca.4344735,Ca.4344752,MLKG6WUFDRZRG5ZG,Yakult Fermented Milk Drink Fermented 325 ml Plain 8906019270019 90,1,XISWUDT
2026-10-07 14:28:33,B0V7SN8Q,ca.4344735,Ca.4344752,CHCEWXEHYE2WDURK,"Cadbury Temptations Almond Treat Chocolate Milk Chocolate 70 g {""customer_note"":""""} {""ean"":""7622202335624""} 128",1,XISKS22
2026-10-07 14:28:33,B0V7SN8Q,ca.4344735,Ca.4344752,CHCFBQSRBCY2HF2P,"Amul India Twilight Tryst Single Origin Dark Chocolate Dark Chocolate 125 g {"""":""""} {""ean"":""8901262071703, 8901262072670""} 200",2,XIRT1HT
2026-10-07 14:28:33,B0V7SN8Q,ca.4344735,Ca.4344752,CHCEWXEH5DXSCTUP,"Cadbury Fuse Peanut & Caramel Filled Chocolate Milk Chocolate 23 g {""customer_note"":""Image/design may vary""} {""ean"":""7622202216336, 7622202820823, 7622202334115, 7622202846786""} 20",3,XISJ3EZ
2026-10-07 14:28:33,B0V7SN8Q,ca.4344735,Ca.4344752,CHCGPN6FRRYGBNBZ,"Cadbury Dairy Milk Silk Ganache Chocolate Milk Chocolate 54 g {""customer_note"":""Image/design may vary""} {""ean"":""7622202326325""} 100",1,XIRS2D0
2026-10-07 14:28:33,B0V7SN8Q,ca.4344735,Ca.4344752,CHCHCC8GWJWU83RC,"Cadbury Dairy Milk Chocolate Milk Chocolate 25 g {""customer_note"":""""} {""ean"":""7622202328770, 7622202375989, 7622300136055, 7622202851032""} 20",4,XISJAAN
2026-10-07 14:28:33,B0V7SN8Q,ca.4344735,Ca.4344752,SAMEZ3BUDTUGHQHG,Amul Shrikhand Flavored Curd 200 g 8901262040105 60,2,XIR2ABQ
2026-10-07 14:28:33,B0V7SN8Q,ca.4344735,Ca.4344752,CHCEZ3BNH4HBDGYY,"Amul Sugar Free Dark Chocolate Dark Chocolate 150 g {"""":""""} {""ean"":""8901262071048""} 250",1,XIS3I3J
2026-10-07 14:28:33,B0V7SN8Q,ca.4344735,Ca.4344752,MLKGYCK3HUPMU4AZ,EPIGAMIA Turbo Cookies and Cream 25g Protein Milkshake Flavored 250 ml Cookies and Cream 8906059636639 150,1,XISOGP3
2026-10-07 14:28:33,B0V7SN8Q,ca.4344735,Ca.4344752,CHCEWA2ZC7KNEQBR,"Amul Dark Chocolate Dark Chocolate 150 g {"""":""""} {""ean"":""8901262071536, 8901262070676, 8901262071567, 8901262072670""} 180",1,XIRWWA6
2026-10-07 14:28:33,B0V7SN8Q,ca.4344735,Ca.4344752,CHCEWXEHUJJEZKJJ,"Cadbury Dairy Milk Silk Chocolate Milk Chocolate 60 g {""customer_note"":""Image/design may vary""} {""ean"":""7622201710255, 7622201762315, 7622201757380, 7622202206689, 7622202216831, 7622202342196""} 80",3,XISJ6S8
2026-10-07 14:28:33,B0V7SN8Q,ca.4344735,Ca.4344752,CHCGDHM54BGBYTAH,"NESTLE Classic Rich & Creamy Milk Treat Milk Chocolate 31 g {"""":""""} 8901058850390, 8901058004809, 8901058009682, 8901058024128 20",4,XIOF55Q
2026-10-07 14:28:33,B0V7SN8Q,ca.4344735,Ca.4344752,CHCEWXEHYHSEGYVD,"Cadbury Dairy Milk Fruit And Nut Chocolate Milk Chocolate 36 g {""customer_note"":""Image/design may vary""} {""ean"":""7622201150181, 7622202324871""} 40",2,XIRPA2F
2026-10-07 14:28:33,B0V7SN8Q,ca.4344735,Ca.4344752,CHCFHHUNQNZKN7ZS,"Cadbury Dairy Milk Silk Roasted Almond Chocolate Milk Chocolate 52 g {""customer_note"":""Image/design may vary""} {""ean"":""7622201761677, 7622202326172, 7622202290428, 7622202842399""} 95",1,XISJ6U7
2026-10-07 14:28:33,B0V7SN8Q,ca.4344735,Ca.4344752,CUYF4Z6GDY2CZGQS,EPIGAMIA NA Greek Yogurt 85 g 8906059635090 50,2,XIT2HCA
2026-10-07 14:28:33,B0V7SN8Q,ca.4344735,Ca.4344752,CUYF4Z6G3BBB3ZEZ,EPIGAMIA NA Greek Yogurt 85 g 8906059635069 60,1,XIT1EQ0
2026-10-07 14:28:33,B0V7SN8Q,ca.4344735,Ca.4344752,CHEEZ6A8YXZGAKP8,"Amul Tummy Plain Cheese Spread 200 g 1 8901262060011, 8901262060066 115",2,XISFX4T
2026-10-07 14:28:33,B0V7SN8Q,ca.4344735,Ca.4344752,CHCFSEGJBQYPU5H6,"Cadbury Bournville 70% Cocoa Chocolate Dark Chocolate 75 g {""customer_note"":""Image/design may vary""} {""ean"":""7622202325960, 7622201138363, 7622202030789""} 130",2,XISJ5K2
2026-10-07 14:28:33,B0V7SN8Q,ca.4344735,Ca.4344752,CHCEX42BBBNRHUN8,"SNICKERS Peanut, Nougat & Caramel Chocolate Milk Chocolate 40 g {"""":""""} {""ean"":""8902433030109""} 45",1,XISGWU9
2026-10-07 14:28:33,B0V7SN8Q,ca.4344735,Ca.4344752,CHCEWXEH4Z8Z3Z85,"Cadbury Dairy Milk Fruit And Nut Chocolate Milk Chocolate 75 g {""customer_note"":""Image/design may vary""} {""ean"":""7622202324840, 7622202318771""} 100",3,XIRS1PQ
2026-10-07 14:28:33,B0V7SN8Q,ca.4344735,Ca.4344752,CHCGFRWG4NKBUZD9,"NESTLE Munch Max Crunchy Wafer Milk Chocolate 38.5 g {"""":""""} {""ean"":""8901058904093, 8901058005080""} 10",12,XISK125
2026-10-07 14:28:33,B0V7SN8Q,ca.4344735,Ca.4344752,CHCG6G6JZMRVTZ5Q,"NESTLE Milkybar Creamy White Chocolate Tablet Milk Chocolate 12.5 g {"""":""""} 8901058875577, 8901058875584 10",4,XINSDXL
2026-10-07 14:28:33,B0V7SN8Q,ca.4344735,Ca.4344752,CHCG25S7RZVHNFGN,"Amul Dark Chocolate Dark Chocolate 35 g {"""":""""} {""ean"":""8901262070454""} 45",8,XISZ8ZT
2026-10-07 14:28:33,B0V7SN8Q,ca.4344735,Ca.4344752,CHCHGHZFU4BDVDHK,"NESTLE Munch Max Crunchies Chocolate Compound Chocolate 45 g {"""":""""} {""ean"":""8901058027778""} 40",3,XIRF468
2026-10-07 14:28:33,B0V7SN8Q,ca.4344735,Ca.4344752,CHCHF29NKY7FFQ7H,"Cadbury Dairy Milk Silk Walnut Brownie Chocolate Milk Chocolate 140 g {""customer_note"":""Image/design may vary""} {""ean"":""7622202225093""} 250",1,XISM59O
2026-10-07 14:28:33,B0V7SN8Q,ca.4344735,Ca.4344752,CHCFBQSRAJGHP7YX,"Amul Fruit 'N' Nut Chocolate Dark Chocolate 40 g {"""":""""} {""ean"":""8901262070058""} 45",7,XISCOKT
2026-10-07 14:28:33,B0V7SN8Q,ca.4344735,Ca.4344752,CHCGP3736ARAJNNB,"Cadbury Dairy Milk Family Chocolate Milk Chocolate 112 g {""customer_note"":""Image/design may vary""} {""ean"":""7622202324604, 7622202346385, 7622202025426, 7622202245619""} 130",3,XIRUH9U
2026-10-07 14:28:33,B0V7SN8Q,ca.4344735,Ca.4344752,SAMEZ3BUREZUZUFA,Amul ELAICHI SHRIKHAND Shrikhand 200 g 8901262040099 55,1,XISZA2K
2026-10-07 14:28:33,B0V7SN8Q,ca.4344735,Ca.4344752,CHCEZX2N7Y6HHARF,"NESTLE Kitkat 4F Choco Coated Wafer Bar, Perfect for Valentine Breaks Milk Chocolate 38.5 g {"""":""""} 8901058903164, 8901058903614 30",10,XIOY7TY
2026-10-07 14:28:33,B0V7SN8Q,ca.4344735,Ca.4344752,CHCEWXEHHJGN3YXZ,"Cadbury Dairy Milk Silk Oreo Chocolate Milk Chocolate 58.5 g {""customer_note"":""Image/design may vary""} {""ean"":""7622201762193, 7622202290572, 7622202326110, 8901233033525""} 95",6,XISLLC7
2026-10-07 14:28:33,B0V7SN8Q,ca.4344735,Ca.4344752,CHCEWXEHNYCYNMU2,"Cadbury Dairy Milk Crackle Chocolate Milk Chocolate 36 g {""customer_note"":""Image/design may vary""} {""ean"":""7622202324901, 7622202329586, 7622201149543""} 45",2,XISE8S8
2026-10-07 14:28:33,B0V7SN8Q,ca.4344735,Ca.4344752,PSLH8GF6TVU2PFJG,"EPIGAMIA Turbo Chocolate 25g Protein Milkshake Flavored 250 ml Chocolate 8906059637452, 8906059636615 141",1,XISJBGD
2026-10-07 14:28:33,B0V7SN8Q,ca.4344735,Ca.4344752,BUTHD5VFBHKYPAAT,Nutralite Yummy Spread | Healthy Table Spread for Cooking & Spreading Butter Spread 500 g 8901548100080 145,4,XIREGFJ
2026-10-07 14:31:09,B0V7SNB8,Ca.4035953,Ca.4344752,PTFH5HKUTSSUZGWG,"Frubon Fresh Paneer 180 g 8906129283527, 8906129282285 95",1,XIT4BPM
2026-10-07 14:31:09,B0V7SNB8,Ca.4035953,Ca.4344752,CHCEWXEHNUTNFAQU,"Cadbury Dairy Milk Silk Fruit & Nut Chocolate Milk Chocolate 51 g {""customer_note"":""Image/design may vary""} {""ean"":""7622202326028, 7622202842368""} 95",2,XISIJT9
2026-10-07 14:31:09,B0V7SNB8,Ca.4035953,Ca.4344752,CHCEWXEHTHT9EQMB,"Cadbury Dairy Milk Silk Bubbly Chocolate Milk Chocolate 46 g {""customer_note"":""Image/design may vary""} {""ean"":""7622201757991, 7622201761820, 7622202271861, 8901233034300""} 95",1,XISEXOF
2026-10-07 14:31:09,B0V7SNB8,Ca.4035953,Ca.4344752,CHEEZWYRZQGXA5FA,Go NA Processed cheese Slices 200 g 1 8906001020196 169,1,XISMDB5
2026-10-07 14:31:09,B0V7SNB8,Ca.4035953,Ca.4344752,BUTEZ3B93EPCJTTV,Amul NA Unsalted Butter 100 g 8901262010085 65,10,XIS4TPV
2026-10-07 14:31:09,B0V7SNB8,Ca.4035953,Ca.4344752,CHCFBD76YEMAZHRF,"Cadbury Dairy Milk Silk Hazelnut Chocolate Milk Chocolate 54 g {""customer_note"":""Image/design may vary""} {""ean"":""7622202290459, 7622202842269, 7622202326141""} 85",1,XISM4QJ
2026-10-07 14:31:09,B0V7SNB8,Ca.4035953,Ca.4344752,CHCGPN6FRRYGBNBZ,"Cadbury Dairy Milk Silk Ganache Chocolate Milk Chocolate 54 g {""customer_note"":""Image/design may vary""} {""ean"":""7622202326325""} 100",1,XIRS2D0
2026-10-07 14:31:09,B0V7SNB8,Ca.4035953,Ca.4344752,CHEHBF8AFRQHFHG5,Amul A+ Processed cheese Slices 200 g 1 8901262020367 170,3,XISNTNG
2026-10-07 14:31:09,B0V7SNB8,Ca.4035953,Ca.4344752,CHCF4PA9BVT9HUKZ,"NESTLE Kitkat Delights Chocolate Milk Chocolate 50 g {"""":""""} {""ean"":""8901058852165""} 70",2,XISE6UJ
2026-10-07 14:31:09,B0V7SNB8,Ca.4035953,Ca.4344752,PTFH9WBCCWQXZ5HU,"ProPlant Plain Tofu 200 g 8908003398006, 8908003398532 80",2,XISWU66
2026-10-07 14:31:09,B0V7SNB8,Ca.4035953,Ca.4344752,CHCF8YEC6HSDGYQC,"NESTLE Kitkat Minis Chocolate Milk Chocolate 111 g {"""":""""} {""ean"":""8901058011012, 8901058033441""} 147",4,XISRG1Y
2026-10-07 14:31:09,B0V7SNB8,Ca.4035953,Ca.4344752,CHCEZX2N7Y6HHARF,"NESTLE KitKat 4 Fingers Choco Coated Wafer Milk Chocolate 38.5 g {"""":""""} 8901058903164, 8901058903614 35",9,XIOGBDN
2026-10-07 14:31:09,B0V7SNB8,Ca.4035953,Ca.4344752,BUTFBQSTM8HVSPWJ,Delicious NA Fat Spread 100 g 8901262140041 25,9,XISZ9O2
2026-10-07 14:31:09,B0V7SNB8,Ca.4035953,Ca.4344752,PTFHE2E9HXDKMAGK,Frubon High Protein Paneer 200 g 8906129282742 110,12,XIT4BR8
2026-10-07 14:31:09,B0V7SNB8,Ca.4035953,Ca.4344752,CHCEWA2ZYKSBWHED,"Amul Fruit And Nut Chocolate Dark Chocolate 150 g {"""":""""} {""ean"":""8901262070539""} 150",4,XIS3FNU
2026-10-07 14:31:09,B0V7SNB8,Ca.4035953,Ca.4344752,CHCFXMEYSTEZEHFP,"Cadbury Dairy Milk Silk Mousse Chocolate Milk Chocolate 48.5 g {""customer_note"":""Image/design may vary""} {""ean"":""7622202290695, 7622201762254, 7622201114879, 7622202326059""} 100",2,XISFB2H
2026-10-07 14:31:09,B0V7SNB8,Ca.4035953,Ca.4344752,CHCH7W29SHZXRD9H,"GALAXY Smooth Milk Chocolate Milk Chocolate 30 g {"""":""""} {""ean"":""8902433003677""} 65",4,XISGXUY
2026-10-07 14:34:06,B0V7SN90,Ca.4344752,Ca.4344752,CHCHQ4ZEBQU8QW2A,"Kinder Lantern Pack Milk Chocolate 100.4 g {""customer_note"":""""} {""ean"":""8000500478929""} 499",1,XIT0UO2
2026-10-07 14:34:06,B0V7SN90,Ca.4344752,Ca.4344752,CUYF4Z6GAZMUYSYK,EPIGAMIA Strawberry ypgurt Greek Yogurt 85 g 8906059635021 55,1,XISZ12S
2026-10-07 14:34:06,B0V7SN90,Ca.4344752,Ca.4344752,CHCHCC8GWJWU83RC,"Cadbury Dairy Milk Chocolate Milk Chocolate 25 g {""customer_note"":""""} {""ean"":""7622202328770, 7622202375989, 7622300136055, 7622202851032""} 20",3,XISJAAN
2026-10-07 14:34:06,B0V7SN90,Ca.4344752,Ca.4344752,SAMEZ3BUDTUGHQHG,Amul Shrikhand Flavored Curd 200 g 8901262040105 60,1,XIR2ABQ
2026-10-07 14:34:06,B0V7SN90,Ca.4344752,Ca.4344752,PTFH9WBCCWQXZ5HU,"ProPlant Plain Tofu 200 g 8908003398006, 8908003398532 80",1,XISWU66
2026-10-07 14:34:06,B0V7SN90,Ca.4344752,Ca.4344752,CHCHQ4ZEAAGG6Y5V,"Kinder Anar Pack Milk Chocolate 93.6 g {""customer_note"":""""} {""ean"":""8000500479247""} 399",1,XIT2I8Z
2026-10-07 14:34:06,B0V7SN90,Ca.4344752,Ca.4344752,CHCF8YEC6HSDGYQC,"NESTLE Kitkat Minis Chocolate Milk Chocolate 111 g {"""":""""} {""ean"":""8901058011012, 8901058033441""} 147",2,XISRG1Y
2026-10-07 14:34:06,B0V7SN90,Ca.4344752,Ca.4344752,MLKGYCK3HUPMU4AZ,EPIGAMIA Turbo Cookies and Cream 25g Protein Milkshake Flavored 250 ml Cookies and Cream 8906059636639 150,1,XISOGP3
2026-10-07 14:34:06,B0V7SN90,Ca.4344752,Ca.4344752,CHCHF75XEUBF5NTQ,"NESTLE Kitkat Delights Dark Chocolate Dark Chocolate 50 g {"""":""""} {""ean"":""8901058014341""} 95",1,XIS41NA
2026-10-07 14:34:06,B0V7SN90,Ca.4344752,Ca.4344752,CHCEWXEHCXFFJZNG,"Cadbury Bournville 50% Cocoa Chocolate Dark Chocolate 30 g {""customer_note"":""Image/design may vary""} {""ean"":""8901233021645, 7622202294365, 7622202294365, 7622202030727""} 60",1,XIRXP7R
2026-10-07 14:34:06,B0V7SN90,Ca.4344752,Ca.4344752,MLKHMG8BZ5EQ9GMR,Avvatar Vanilla 15g protein Cold Coffee Flavored 250 ml Vanilla 8906001028789 120,1,XISCF2L
2026-10-07 14:34:06,B0V7SN90,Ca.4344752,Ca.4344752,CHCEWXEHUJJEZKJJ,"Cadbury Dairy Milk Silk Chocolate Milk Chocolate 60 g {""customer_note"":""Image/design may vary""} {""ean"":""7622201710255, 7622201762315, 7622201757380, 7622202206689, 7622202216831, 7622202342196""} 80",1,XISJ6S8
2026-10-07 14:34:06,B0V7SN90,Ca.4344752,Ca.4344752,CHCGMMKRURUTHVNZ,"Cadbury Perk Mini Treats Chocolate Milk Chocolate 115.5 g {""customer_note"":""Image/design may vary""} {""ean"":""7622202031830, 7622202265457, 7622202047886, 7622202336058""} 88",2,XISJ4K5
2026-10-07 14:34:06,B0V7SN90,Ca.4344752,Ca.4344752,CHCFSEGJBQYPU5H6,"Cadbury Bournville 70% Cocoa Chocolate Dark Chocolate 75 g {""customer_note"":""Image/design may vary""} {""ean"":""7622202325960, 7622201138363, 7622202030789""} 130",1,XISJ5K2
2026-10-07 14:34:06,B0V7SN90,Ca.4344752,Ca.4344752,CHCEX42BBBNRHUN8,"SNICKERS Peanut, Nougat & Caramel Chocolate Milk Chocolate 40 g {"""":""""} {""ean"":""8902433030109""} 45",1,XISGWU9
2026-10-07 14:34:06,B0V7SN90,Ca.4344752,Ca.4344752,PTFH5HKUTSSUZGWG,"Frubon Fresh Paneer 180 g 8906129283527, 8906129282285 95",2,XIT4BPM
2026-10-07 14:34:06,B0V7SN90,Ca.4344752,Ca.4344752,CHCEWXEHNUTNFAQU,"Cadbury Dairy Milk Silk Fruit & Nut Chocolate Milk Chocolate 51 g {""customer_note"":""Image/design may vary""} {""ean"":""7622202326028, 7622202842368""} 95",1,XISIJT9
2026-10-07 14:34:06,B0V7SN90,Ca.4344752,Ca.4344752,CHCGGHVVPFRGWV9Z,"Amul Milk Chocolate Milk Chocolate 35 g {"""":""""} {""ean"":""8901262070010""} 45",1,XIRQNIC
2026-10-07 14:34:06,B0V7SN90,Ca.4344752,Ca.4344752,CUYF4Z6GVZ5C8CAU,EPIGAMIA Alphonso Mango yogurt Greek Yogurt 85 g 8906059635014 55,1,XIT01LM
2026-10-07 14:34:06,B0V7SN90,Ca.4344752,Ca.4344752,CHCG6G6JZMRVTZ5Q,"NESTLE Milkybar Creamy White Chocolate Tablet Milk Chocolate 12.5 g {"""":""""} 8901058875577, 8901058875584 10",5,XINSDXL
2026-10-07 14:34:06,B0V7SN90,Ca.4344752,Ca.4344752,CHCHGHZFU4BDVDHK,"NESTLE Munch Max Crunchies Chocolate Compound Chocolate 45 g {"""":""""} {""ean"":""8901058027778""} 40",1,XIRF468
2026-10-07 14:34:06,B0V7SN90,Ca.4344752,Ca.4344752,CHEHBF8AFRQHFHG5,Amul A+ Processed cheese Slices 200 g 1 8901262020367 170,2,XISNTNG
2026-10-07 14:34:06,B0V7SN90,Ca.4344752,Ca.4344752,CHCEWA2ZHRAYXYYP,"Amul Bitter Chocolate Bittersweet Chocolate 150 g {"""":""""} {""ean"":""8901262070836""} 180",1,XISCOEM
2026-10-07 14:34:06,B0V7SN90,Ca.4344752,Ca.4344752,CHCGP3736ARAJNNB,"Cadbury Dairy Milk Family Chocolate Milk Chocolate 112 g {""customer_note"":""Image/design may vary""} {""ean"":""7622202324604, 7622202346385, 7622202025426, 7622202245619""} 130",1,XIRUH9U
2026-10-07 14:34:06,B0V7SN90,Ca.4344752,Ca.4344752,SAMEZ3BUREZUZUFA,Amul ELAICHI SHRIKHAND Shrikhand 200 g 8901262040099 55,1,XISZA2K
2026-10-07 14:34:06,B0V7SN90,Ca.4344752,Ca.4344752,CHCEWXEHZESSDDWV,"Cadbury Bournville Cranberry 50% Dark Chocolate Dark Chocolate 78 g {""customer_note"":""Image/design may vary""} {""ean"":""7622202325939""} 105",1,XISEYJ3
2026-10-07 14:34:06,B0V7SN90,Ca.4344752,Ca.4344752,CHCFXMEYSTEZEHFP,"Cadbury Dairy Milk Silk Mousse Chocolate Milk Chocolate 48.5 g {""customer_note"":""Image/design may vary""} {""ean"":""7622202290695, 7622201762254, 7622201114879, 7622202326059""} 100",1,XISFB2H
2026-10-07 14:34:06,B0V7SN90,Ca.4344752,Ca.4344752,CHCEWXEHNYCYNMU2,"Cadbury Dairy Milk Crackle Chocolate Milk Chocolate 36 g {""customer_note"":""Image/design may vary""} {""ean"":""7622202324901, 7622202329586, 7622201149543""} 45",2,XISE8S8
2026-10-07 14:40:30,B0V80I3I,Ca.4344752,Ca.4344752,PTFH5HKUTSSUZGWG,"Frubon Fresh Paneer 180 g 8906129283527, 8906129282285 95",1,XIT4BPM
2026-10-07 14:40:30,B0V80I3I,Ca.4344752,Ca.4344752,CHCHQ4ZEBQU8QW2A,"Kinder Lantern Pack Milk Chocolate 100.4 g {""customer_note"":""""} {""ean"":""8000500478929""} 499",1,XIT0UO2
2026-10-07 14:40:30,B0V80I3I,Ca.4344752,Ca.4344752,CHEEZWYRZQGXA5FA,Go NA Processed cheese Slices 200 g 1 8906001020196 169,1,XISMDB5
2026-10-07 14:40:30,B0V80I3I,Ca.4344752,Ca.4344752,CHCGZ5RFCHEBQXTH,"NESTLE Milkybar Choo Strawberry Treats Milk Chocolate 80 g {"""":""""} {""ean"":""8901058009002""} 50",3,XIS3S0V
2026-10-07 14:40:30,B0V80I3I,Ca.4344752,Ca.4344752,SAMEZ3BUREZUZUFA,Amul ELAICHI SHRIKHAND Shrikhand 200 g 8901262040099 55,1,XIS8V8B
2026-10-07 14:40:30,B0V80I3I,Ca.4344752,Ca.4344752,CHCEWXEHUT2GZHXJ,"Cadbury Dairy Milk Shots Balls Chocolate Milk Chocolate 185.6 g {""customer_note"":""Image/design may vary""} {""ean"":""7622202307195, 7622201448837""} 116",2,XISJ5CW
2026-10-07 14:40:30,B0V80I3I,Ca.4344752,Ca.4344752,CHEHBF8AFRQHFHG5,Amul A+ Processed cheese Slices 200 g 1 8901262020367 170,2,XISNTNG
2026-10-07 14:40:30,B0V80I3I,Ca.4344752,Ca.4344752,CHCGZYFRQGHSRSVW,"Cadbury 5 Star Kitted Chocolate Milk Chocolate 96 g {""customer_note"":""Image/design may vary""} {""ean"":""7622202315237, 7622202218262, 7622202318320""} 60",2,XISM49K
2026-10-07 14:40:30,B0V80I3I,Ca.4344752,Ca.4344752,PTFH9WBCCWQXZ5HU,"ProPlant Plain Tofu 200 g 8908003398006, 8908003398532 80",1,XISWU66
2026-10-07 14:40:30,B0V80I3I,Ca.4344752,Ca.4344752,CHCFYGAHXGHZCBGC,"Cadbury Gems Mini Treats Chocolate Milk Chocolate 94.04 g {""customer_note"":""Image/design may vary""} {""ean"":""7622202332210, 7622202031205, 7622201802813, 7622202338977, 7622202810220""} 108",2,XISJ7IR
2026-10-07 14:40:30,B0V80I3I,Ca.4344752,Ca.4344752,CHCEZX2N7Y6HHARF,"NESTLE KitKat 4 Fingers Choco Coated Wafer Milk Chocolate 38.5 g {"""":""""} 8901058903164, 8901058903614 35",11,XIOGBDN
2026-10-07 14:40:30,B0V80I3I,Ca.4344752,Ca.4344752,CHCF8H3HWUXT6DQR,"Cadbury Dairy Milk Crispello Chocolate Milk Chocolate 35 g {""customer_note"":""Image/design may vary""} {""ean"":""7622202324758""} 30",10,XISPB16
2026-10-07 14:40:30,B0V80I3I,Ca.4344752,Ca.4344752,CHCEWXEHGEDJZAB6,"Cadbury Temptations Rum & Raisins Chocolate Milk Chocolate 70 g {""customer_note"":""""} {""ean"":""7622202335655""} 100",4,XISSQV1
2026-10-07 14:40:30,B0V80I3I,Ca.4344752,Ca.4344752,WFWEU7NTGPMUDW85,"NESTLE Kitkat Coated Wafer Chocolate Milk Chocolate 18.5 g {"""":""""} {""ean"":""8901058016116, 8901058015171, 8901058033045""} 20",13,XIRCDOO
2026-10-07 14:40:30,B0V80I3I,Ca.4344752,Ca.4344752,CHCGMMKRURUTHVNZ,"Cadbury Perk Mini Treats Chocolate Milk Chocolate 115.5 g {""customer_note"":""Image/design may vary""} {""ean"":""7622202031830, 7622202265457, 7622202047886, 7622202336058""} 88",5,XISJ4K5
2026-10-07 14:40:30,B0V80I3I,Ca.4344752,Ca.4344752,CHCEWA2ZYKSBWHED,"Amul Fruit And Nut Chocolate Dark Chocolate 150 g {"""":""""} {""ean"":""8901262070539""} 150",1,XIS3FNU
2026-10-07 14:40:30,B0V80I3I,Ca.4344752,Ca.4344752,CHCFXMEYSTEZEHFP,"Cadbury Dairy Milk Silk Mousse Chocolate Milk Chocolate 48.5 g {""customer_note"":""Image/design may vary""} {""ean"":""7622202290695, 7622201762254, 7622201114879, 7622202326059""} 100",5,XISFB2H
2026-10-07 14:40:53,B0V65YX4,Ca.4035953,Ca.4344752,MLKG6WUFDRZRG5ZG,Yakult Fermented Milk Drink Fermented 325 ml Plain 8906019270019 90,6,XISWUDT
2026-10-07 14:40:53,B0V65YX4,Ca.4035953,Ca.4344752,CHCHGHZFEBD5YK4Z,"NESTLE Milky Bar Buttersctoch Bites Milk Chocolate 45 g {"""":""""} {""ean"":""8901058027051""} 60",1,XIQV4LD
2026-10-07 14:40:53,B0V65YX4,Ca.4035953,Ca.4344752,CHCGZ5RFCHEBQXTH,"NESTLE Milkybar Choo Strawberry Treats Milk Chocolate 80 g {"""":""""} {""ean"":""8901058009002""} 50",5,XIS3S0V
2026-10-07 14:40:53,B0V65YX4,Ca.4035953,Ca.4344752,CHCHDPFGDPEZFUTJ,"Kitkat Delights Hazelnut Chocolate Dark Chocolate 120 g {"""":""""} {""ean"":""8901058023329""} 210",1,XISRGZJ
2026-10-07 14:40:53,B0V65YX4,Ca.4035953,Ca.4344752,CHCFBD76YEMAZHRF,"Cadbury Dairy Milk Silk Hazelnut Chocolate Milk Chocolate 54 g {""customer_note"":""Image/design may vary""} {""ean"":""7622202290459, 7622202842269, 7622202326141""} 85",1,XISM4QJ
2026-10-07 14:40:53,B0V65YX4,Ca.4035953,Ca.4344752,CHCEWXEH5DXSCTUP,"Cadbury Fuse Peanut & Caramel Filled Chocolate Milk Chocolate 23 g {""customer_note"":""Image/design may vary""} {""ean"":""7622202216336, 7622202820823, 7622202334115, 7622202846786""} 20",2,XISJ3EZ
2026-10-07 14:40:53,B0V65YX4,Ca.4035953,Ca.4344752,CUYF4Z6GAZMUYSYK,EPIGAMIA Strawberry ypgurt Greek Yogurt 85 g 8906059635021 55,2,XISZ12S
2026-10-07 14:40:53,B0V65YX4,Ca.4035953,Ca.4344752,CHEEZ6A8EG68GZM4,Amul NA Processed cheese Slices 200 g 10 8901262020015 145,1,XISSUTS
2026-10-07 14:40:53,B0V65YX4,Ca.4035953,Ca.4344752,SAMEZ3BUDTUGHQHG,Amul Shrikhand Flavored Curd 200 g 8901262040105 60,3,XIR2ABQ
2026-10-07 14:40:53,B0V65YX4,Ca.4035953,Ca.4344752,PTFH9WBCCWQXZ5HU,"ProPlant Plain Tofu 200 g 8908003398006, 8908003398532 80",1,XISWU66
2026-10-07 14:40:53,B0V65YX4,Ca.4035953,Ca.4344752,CHCF8YEC6HSDGYQC,"NESTLE Kitkat Minis Chocolate Milk Chocolate 111 g {"""":""""} {""ean"":""8901058011012, 8901058033441""} 147",1,XISRG1Y
2026-10-07 14:40:53,B0V65YX4,Ca.4035953,Ca.4344752,CUYH6WDBJGPFGUYB,Amul Mango amrakhand Amrakhand 200 g 8901262040211 60,1,XIRWVC4
2026-10-07 14:40:53,B0V65YX4,Ca.4035953,Ca.4344752,CHCEWXEHGEDJZAB6,"Cadbury Temptations Rum & Raisins Chocolate Milk Chocolate 70 g {""customer_note"":""""} {""ean"":""7622202335655""} 100",1,XISSQV1
2026-10-07 14:40:53,B0V65YX4,Ca.4035953,Ca.4344752,BUTFBQSTM8HVSPWJ,Delicious NA Fat Spread 100 g 8901262140041 25,3,XISZ9O2
2026-10-07 14:40:53,B0V65YX4,Ca.4035953,Ca.4344752,CHCEWXEHZGR6BG7M,"Cadbury Bournville Fruit & Nut 50% Dark Chocolate Dark Chocolate 75 g {""customer_note"":""Image/design may vary""} {""ean"":""7622202325908, 7622201505462, 7622202030840""} 100",1,XIS8W4J
2026-10-07 14:40:53,B0V65YX4,Ca.4035953,Ca.4344752,CHCGGHVVJEQ6S499,"Amul Sugar Free Dark Chocolate Dark Chocolate 35 g {"""":""""} {""ean"":""8901262070324""} 42",1,XIS1GQB
2026-10-07 14:40:53,B0V65YX4,Ca.4035953,Ca.4344752,CUYF4Z6GDY2CZGQS,EPIGAMIA NA Greek Yogurt 85 g 8906059635090 50,1,XIT2HCA
2026-10-07 14:40:53,B0V65YX4,Ca.4035953,Ca.4344752,CHEH4DJ4C6SN3EB6,Dlecta NA Processed cheese Spread 150 g 1 8906010090906 119,1,XISB429
2026-10-07 14:40:53,B0V65YX4,Ca.4035953,Ca.4344752,CHCGFRWG4NKBUZD9,"NESTLE Munch Max Crunchy Wafer Milk Chocolate 38.5 g {"""":""""} {""ean"":""8901058904093, 8901058005080""} 10",9,XISK125
2026-10-07 14:40:53,B0V65YX4,Ca.4035953,Ca.4344752,CUYF4Z6GVZ5C8CAU,EPIGAMIA Alphonso Mango yogurt Greek Yogurt 85 g 8906059635014 55,1,XIT01LM
2026-10-07 14:40:53,B0V65YX4,Ca.4035953,Ca.4344752,CHCEWXEH65KJ8NWD,"Cadbury Dairy Milk Roast Almond Chocolate Milk Chocolate 36 g {""customer_note"":""Image/design may vary""} {""ean"":""7622202324819, 7622202329524""} 55",1,XIRIJA6
2026-10-07 14:40:53,B0V65YX4,Ca.4035953,Ca.4344752,CHCH257JD7GDACYA,"Cadbury 5 Star Mini Treats Chocolate Milk Chocolate 166.6 g {""customer_note"":""Image/design may vary""} {""ean"":""7622202318283, 7622202819384, 7622202315091, 7622202301704, 7622202819384""} 133",1,XISM5ZV
2026-10-07 14:40:53,B0V65YX4,Ca.4035953,Ca.4344752,CHEGJYJ7QKRUFQWM,"D'lecta NA Mozzarella cheese Block 200 g 1 8906010090128, 8906010090869 169",2,XISJ1X4
2026-10-07 14:40:53,B0V65YX4,Ca.4035953,Ca.4344752,CHCEWA2ZHRAYXYYP,"Amul Bitter Chocolate Bittersweet Chocolate 150 g {"""":""""} {""ean"":""8901262070836""} 180",1,XISCOEM
2026-10-07 14:40:53,B0V65YX4,Ca.4035953,Ca.4344752,PTFH9WBCACJ9MYDA,"ProPlant Masala Tofu 200 g 8908003398549, 8908003398020 90",1,XIT0P9T
2026-10-07 14:40:53,B0V65YX4,Ca.4035953,Ca.4344752,CHCEWXEHZESSDDWV,"Cadbury Bournville Cranberry 50% Dark Chocolate Dark Chocolate 78 g {""customer_note"":""Image/design may vary""} {""ean"":""7622202325939""} 105",1,XISEYJ3
2026-10-07 14:40:53,B0V65YX4,Ca.4035953,Ca.4344752,CHCEWXEHNYCYNMU2,"Cadbury Dairy Milk Crackle Chocolate Milk Chocolate 36 g {""customer_note"":""Image/design may vary""} {""ean"":""7622202324901, 7622202329586, 7622201149543""} 45",2,XISE8S8
2026-10-07 14:41:31,B0V7SNG8,ca.4263309,Ca.4344752,CHCEWXEHYE2WDURK,"Cadbury Temptations Almond Treat Chocolate Milk Chocolate 70 g {""customer_note"":""""} {""ean"":""7622202335624""} 128",1,XISKS22
2026-10-07 14:41:31,B0V7SNG8,ca.4263309,Ca.4344752,CHCGPYESFQ36MMCW,"GALAXY Fusions Dark Chocolate Bar With 70% Cocoa, 56g Dark Chocolate 56 g {"""":""""} 8902433005763 140",1,XIQ56UZ
2026-10-07 14:41:31,B0V7SNG8,ca.4263309,Ca.4344752,CHCH9JXBWGXSYAZB,"Nestle Classic Classic Fruit N Nut, Great Classic Taste With Almond & Raisins Chocolate Fruit and Nuts Chocolate 65 g {"""":""""} {""ean"":""8901058013733, 8901058013740""} 50",1,XIR9FAY
2026-10-07 14:41:31,B0V7SNG8,ca.4263309,Ca.4344752,CHCEZX2N7Y6HHARF,"NESTLE KitKat 4 Fingers Choco Coated Wafer Milk Chocolate 38.5 g {"""":""""} 8901058903164, 8901058903614 35",5,XIOGBDN
2026-10-07 14:41:31,B0V7SNG8,ca.4263309,Ca.4344752,BUTFBQSTM8HVSPWJ,Delicious NA Fat Spread 100 g 8901262140041 25,8,XISZ9O2
2026-10-07 14:41:31,B0V7SNG8,ca.4263309,Ca.4344752,CHCGGHVVJEQ6S499,"Amul Sugar Free Dark Chocolate Dark Chocolate 35 g {"""":""""} {""ean"":""8901262070324""} 42",3,XIS1GQB
2026-10-07 14:41:31,B0V7SNG8,ca.4263309,Ca.4344752,BUTEZ3B93EPCJTTV,Amul NA Unsalted Butter 100 g 8901262010085 65,12,XIS4TPV
2026-10-07 14:41:31,B0V7SNG8,ca.4263309,Ca.4344752,CHCHDPFGDPEZFUTJ,"Kitkat Delights Hazelnut Chocolate Dark Chocolate 120 g {"""":""""} {""ean"":""8901058023329""} 210",1,XISRGZJ
2026-10-07 14:41:31,B0V7SNG8,ca.4263309,Ca.4344752,CHCG25S7RZVHNFGN,"Amul Dark Chocolate Dark Chocolate 35 g {"""":""""} {""ean"":""8901262070454""} 45",6,XISZ8ZT
2026-10-07 14:41:31,B0V7SNG8,ca.4263309,Ca.4344752,CHCEWXEHHJGN3YXZ,"Cadbury Dairy Milk Silk Oreo Chocolate Milk Chocolate 58.5 g {""customer_note"":""Image/design may vary""} {""ean"":""7622201762193, 7622202290572, 7622202326110, 8901233033525""} 95",1,XISLLC7
2026-10-07 14:41:31,B0V7SNG8,ca.4263309,Ca.4344752,CHCEX42BBBNRHUN8,"SNICKERS Peanut, Nougat & Caramel Chocolate Milk Chocolate 40 g {"""":""""} {""ean"":""8902433030109""} 45",2,XISGWU9
2026-10-07 14:46:17,B0V7SNJ0,ca.4263309,Ca.4344752,PTFH5HKUTSSUZGWG,"Frubon Fresh Paneer 180 g 8906129283527, 8906129282285 95",1,XIT4BPM
2026-10-07 14:46:17,B0V7SNJ0,ca.4263309,Ca.4344752,CHEEZWYRZQGXA5FA,Go NA Processed cheese Slices 200 g 1 8906001020196 169,1,XISMDB5
2026-10-07 14:46:17,B0V7SNJ0,ca.4263309,Ca.4344752,CHCGZ5RFCHEBQXTH,"NESTLE Milkybar Choo Strawberry Treats Milk Chocolate 80 g {"""":""""} {""ean"":""8901058009002""} 50",3,XIS3S0V
2026-10-07 14:46:17,B0V7SNJ0,ca.4263309,Ca.4344752,CHCEWXEHQJDGFCNJ,"Cadbury Dairy Milk Chocolate Milk Chocolate 20.2 g {""customer_note"":""Image/design may vary""} {""ean"":""7622202398698, 7622202328800, 7622202272639, 7622201149406, 7622202818363, 7622202324260""} 20",17,XISYJIS
2026-10-07 14:46:17,B0V7SNJ0,ca.4263309,Ca.4344752,CHEHBF8AFRQHFHG5,Amul A+ Processed cheese Slices 200 g 1 8901262020367 170,5,XISNTNG
2026-10-07 14:46:17,B0V7SNJ0,ca.4263309,Ca.4344752,PTFH9WBCCWQXZ5HU,"ProPlant Plain Tofu 200 g 8908003398006, 8908003398532 80",2,XISWU66
2026-10-07 14:46:17,B0V7SNJ0,ca.4263309,Ca.4344752,BUTFZ9C8YVUCHRHG,Nutralite Doodhshakti Probiotic Butter Spread 100 g 8901548310397 63,2,XISUEAF
2026-10-07 14:46:17,B0V7SNJ0,ca.4263309,Ca.4344752,PTFHE2E9HXDKMAGK,Frubon High Protein Paneer 200 g 8906129282742 110,15,XIT4BR8
2026-10-07 14:46:17,B0V7SNJ0,ca.4263309,Ca.4344752,CHCF5PFCHHBRMDRH,"Cadbury Dairy Milk Silk Mini Treats Milk Chocolate 135 g {""customer_note"":""Image/design may vary""} {""ean"":""7622202292927, 8901233033563, 7622201758042""} 240",1,XISF028
2026-10-07 14:46:17,B0V7SNJ0,ca.4263309,Ca.4344752,WFWEU7NTGPMUDW85,"NESTLE Kitkat Coated Wafer Chocolate Milk Chocolate 18.5 g {"""":""""} {""ean"":""8901058016116, 8901058015171, 8901058033045""} 20",33,XIRCDOO
2026-10-07 14:46:17,B0V7SNJ0,ca.4263309,Ca.4344752,CHCGMMKRURUTHVNZ,"Cadbury Perk Mini Treats Chocolate Milk Chocolate 115.5 g {""customer_note"":""Image/design may vary""} {""ean"":""7622202031830, 7622202265457, 7622202047886, 7622202336058""} 88",2,XISJ4K5
2026-10-07 14:46:17,B0V7SNJ0,ca.4263309,Ca.4344752,CHCG9XXK6GP5YGUK,"Cadbury Fuse Peanut & Caramel Filled Mini Treats Chocolate Milk Chocolate 117 g {""customer_note"":""Image/design may vary""} {""ean"":""7622202325250, 7622202810206, 7622201521905""} 107",2,XIRSAGT
2026-10-07 14:46:17,B0V7SNJ0,ca.4263309,Ca.4344752,BUTHD5VFBHKYPAAT,Nutralite Yummy Spread | Healthy Table Spread for Cooking & Spreading Butter Spread 500 g 8901548100080 145,3,XIREGFJ
2026-10-07 14:47:23,B0V7SN6I,Ca.4035953,Ca.4344752,CHCEWXEHYE2WDURK,"Cadbury Temptations Almond Treat Chocolate Milk Chocolate 70 g {""customer_note"":""""} {""ean"":""7622202335624""} 128",1,XISKS22
2026-10-07 14:47:23,B0V7SN6I,Ca.4035953,Ca.4344752,CHCGZ5RFCHEBQXTH,"NESTLE Milkybar Choo Strawberry Treats Milk Chocolate 80 g {"""":""""} {""ean"":""8901058009002""} 50",1,XIS3S0V
2026-10-07 14:47:23,B0V7SN6I,Ca.4035953,Ca.4344752,CHCFBD76YEMAZHRF,"Cadbury Dairy Milk Silk Hazelnut Chocolate Milk Chocolate 54 g {""customer_note"":""Image/design may vary""} {""ean"":""7622202290459, 7622202842269, 7622202326141""} 85",1,XISM4QJ
2026-10-07 14:47:23,B0V7SN6I,Ca.4035953,Ca.4344752,CHCFBQSRBCY2HF2P,"Amul India Twilight Tryst Single Origin Dark Chocolate Dark Chocolate 125 g {"""":""""} {""ean"":""8901262071703, 8901262072670""} 200",1,XIRT1HT
2026-10-07 14:47:23,B0V7SN6I,Ca.4035953,Ca.4344752,CHCEWXEHUT2GZHXJ,"Cadbury Dairy Milk Shots Balls Chocolate Milk Chocolate 185.6 g {""customer_note"":""Image/design may vary""} {""ean"":""7622202307195, 7622201448837""} 116",1,XISJ5CW
2026-10-07 14:47:23,B0V7SN6I,Ca.4035953,Ca.4344752,SAMEZ3BUDTUGHQHG,Amul Shrikhand Flavored Curd 200 g 8901262040105 60,1,XIR2ABQ
2026-10-07 14:47:23,B0V7SN6I,Ca.4035953,Ca.4344752,CHCHG9CRX7KYWJR2,"Cadbury Bournville Intense Orange 70% Dark Chocolate Dark Chocolate 75 g {""customer_note"":""""} {""ean"":""7622202823862""} 150",2,XIRZCM5
2026-10-07 14:47:23,B0V7SN6I,Ca.4035953,Ca.4344752,CHCEZX2N7Y6HHARF,"NESTLE KitKat 4 Fingers Choco Coated Wafer Milk Chocolate 38.5 g {"""":""""} 8901058903164, 8901058903614 35",7,XIOGBDN
2026-10-07 14:47:23,B0V7SN6I,Ca.4035953,Ca.4344752,CHCEWXEHGEDJZAB6,"Cadbury Temptations Rum & Raisins Chocolate Milk Chocolate 70 g {""customer_note"":""""} {""ean"":""7622202335655""} 100",2,XISSQV1
2026-10-07 14:47:23,B0V7SN6I,Ca.4035953,Ca.4344752,CHCEWXEHCXFFJZNG,"Cadbury Bournville 50% Cocoa Chocolate Dark Chocolate 30 g {""customer_note"":""Image/design may vary""} {""ean"":""8901233021645, 7622202294365, 7622202294365, 7622202030727""} 60",1,XIRXP7R
2026-10-07 14:47:23,B0V7SN6I,Ca.4035953,Ca.4344752,CHCGZEBPTUGUAQH5,"Cadbury Bournville Fruit & Nut 50% Dark Chocolate Fruit and Nuts Chocolate 30 g {""customer_note"":""Image/design may vary""} {""ean"":""7622202294396, 7622202294396, 7622202220999""} 55",1,XIS2Y55
2026-10-07 14:47:23,B0V7SN6I,Ca.4035953,Ca.4344752,PTFHE2E9HXDKMAGK,Frubon High Protein Paneer 200 g 8906129282742 110,9,XIT4BR8
2026-10-07 14:47:23,B0V7SN6I,Ca.4035953,Ca.4344752,CHCEWXEHUJJEZKJJ,"Cadbury Dairy Milk Silk Chocolate Milk Chocolate 60 g {""customer_note"":""Image/design may vary""} {""ean"":""7622201710255, 7622201762315, 7622201757380, 7622202206689, 7622202216831, 7622202342196""} 80",1,XISJ6S8
2026-10-07 14:47:23,B0V7SN6I,Ca.4035953,Ca.4344752,CHCEWXEHYHSEGYVD,"Cadbury Dairy Milk Fruit And Nut Chocolate Milk Chocolate 36 g {""customer_note"":""Image/design may vary""} {""ean"":""7622201150181, 7622202324871""} 40",2,XIRPA2F
2026-10-07 14:47:23,B0V7SN6I,Ca.4035953,Ca.4344752,CHEH4DJ4C6SN3EB6,Dlecta NA Processed cheese Spread 150 g 1 8906010090906 99,2,XIS3710
2026-10-07 14:47:23,B0V7SN6I,Ca.4035953,Ca.4344752,CUYF4Z6GDY2CZGQS,EPIGAMIA NA Greek Yogurt 85 g 8906059635090 50,4,XIT2HCA
2026-10-07 14:47:23,B0V7SN6I,Ca.4035953,Ca.4344752,CHCEWXEHPH4AZWQ5,"Cadbury Fuse Peanut & Caramel Filled Chocolate Milk Chocolate 43 g {""customer_note"":""Image/design may vary""} {""ean"":""7622202846816, 7622202330384, 7622202215995""} 50",1,XIRUJL0
2026-10-07 14:47:23,B0V7SN6I,Ca.4035953,Ca.4344752,CHCGMMKRURUTHVNZ,"Cadbury Perk Mini Treats Chocolate Milk Chocolate 115.5 g {""customer_note"":""Image/design may vary""} {""ean"":""7622202031830, 7622202265457, 7622202047886, 7622202336058""} 88",4,XISJ4K5
2026-10-07 14:47:23,B0V7SN6I,Ca.4035953,Ca.4344752,CHCFSEGJBQYPU5H6,"Cadbury Bournville 70% Cocoa Chocolate Dark Chocolate 75 g {""customer_note"":""Image/design may vary""} {""ean"":""7622202325960, 7622201138363, 7622202030789""} 130",2,XISJ5K2
2026-10-07 14:47:23,B0V7SN6I,Ca.4035953,Ca.4344752,CHCFHHUNVZRPRZGG,"Cadbury Dairy Milk Silk Roast Almond Chocolate Milk Chocolate 134 g {""customer_note"":""Image/design may vary""} {""ean"":""7622202326264, 7622202842450, 7622202290480""} 220",1,XIRRD8F
2026-10-07 14:47:23,B0V7SN6I,Ca.4035953,Ca.4344752,SAMG4H44PFNE5Y9Z,Amul Kaju Katri Kaju Katli 500 g 8901262220392 525,1,XIS8UT2
2026-10-07 14:47:23,B0V7SN6I,Ca.4035953,Ca.4344752,CHCEX42BBBNRHUN8,"SNICKERS Peanut, Nougat & Caramel Chocolate Milk Chocolate 40 g {"""":""""} {""ean"":""8902433030109""} 45",1,XISGWU9
2026-10-07 14:47:23,B0V7SN6I,Ca.4035953,Ca.4344752,CHCEWXEH4Z8Z3Z85,"Cadbury Dairy Milk Fruit And Nut Chocolate Milk Chocolate 75 g {""customer_note"":""Image/design may vary""} {""ean"":""7622202324840, 7622202318771""} 100",1,XIRS1PQ
2026-10-07 14:47:23,B0V7SN6I,Ca.4035953,Ca.4344752,CHCGFRWG4NKBUZD9,"NESTLE Munch Max Crunchy Wafer Milk Chocolate 38.5 g {"""":""""} {""ean"":""8901058904093, 8901058005080""} 10",10,XISK125
2026-10-07 14:47:23,B0V7SN6I,Ca.4035953,Ca.4344752,CHCHDHZNYDSGBGBG,"Cadbury Dairy Milk Milkinis Chocolate Milk Chocolate 34 g {""customer_note"":""""} {""ean"":""7622202328749, 7622202847622""} 36",3,XISM544
2026-10-07 14:47:23,B0V7SN6I,Ca.4035953,Ca.4344752,CHCEWXEHNUTNFAQU,"Cadbury Dairy Milk Silk Fruit & Nut Chocolate Milk Chocolate 51 g {""customer_note"":""Image/design may vary""} {""ean"":""7622202326028, 7622202842368""} 95",2,XISIJT9
2026-10-07 14:47:23,B0V7SN6I,Ca.4035953,Ca.4344752,CHCEWXEHTHT9EQMB,"Cadbury Dairy Milk Silk Bubbly Chocolate Milk Chocolate 46 g {""customer_note"":""Image/design may vary""} {""ean"":""7622201757991, 7622201761820, 7622202271861, 8901233034300""} 95",2,XISEXOF
2026-10-07 14:47:23,B0V7SN6I,Ca.4035953,Ca.4344752,CHEEZWYRZQGXA5FA,Go NA Processed cheese Slices 200 g 1 8906001020196 169,1,XISMDB5
2026-10-07 14:47:23,B0V7SN6I,Ca.4035953,Ca.4344752,CHCGGHVVPFRGWV9Z,"Amul Milk Chocolate Milk Chocolate 35 g {"""":""""} {""ean"":""8901262070010""} 45",1,XIRQNIC
2026-10-07 14:47:23,B0V7SN6I,Ca.4035953,Ca.4344752,CHCG25S7RZVHNFGN,"Amul Dark Chocolate Dark Chocolate 35 g {"""":""""} {""ean"":""8901262070454""} 45",9,XISZ8ZT
2026-10-07 14:47:23,B0V7SN6I,Ca.4035953,Ca.4344752,CHCHGHZFU4BDVDHK,"NESTLE Munch Max Crunchies Chocolate Compound Chocolate 45 g {"""":""""} {""ean"":""8901058027778""} 40",3,XIRF468
2026-10-07 14:47:23,B0V7SN6I,Ca.4035953,Ca.4344752,CHEHBF8AFRQHFHG5,Amul A+ Processed cheese Slices 200 g 1 8901262020367 170,2,XISNTNG
2026-10-07 14:47:23,B0V7SN6I,Ca.4035953,Ca.4344752,CHEGJYJ7QKRUFQWM,"D'lecta NA Mozzarella cheese Block 200 g 1 8906010090128, 8906010090869 169",1,XISJ1X4
2026-10-07 14:47:23,B0V7SN6I,Ca.4035953,Ca.4344752,PTFH9WBCACJ9MYDA,"ProPlant Masala Tofu 200 g 8908003398549, 8908003398020 90",3,XIT0P9T
2026-10-07 14:47:23,B0V7SN6I,Ca.4035953,Ca.4344752,CHCH9JXBWGXSYAZB,"Nestle Classic Classic Fruit N Nut, Great Classic Taste With Almond & Raisins Chocolate Fruit and Nuts Chocolate 65 g {"""":""""} {""ean"":""8901058013733, 8901058013740""} 50",2,XIR9FAY
2026-10-07 14:47:23,B0V7SN6I,Ca.4035953,Ca.4344752,CHEG74UHB2GJKYAK,"Dlecta NA Processed cheese Slices 200 g 1 8906010090074, 8906010090777 189",1,XIS21VB
2026-10-07 14:47:23,B0V7SN6I,Ca.4035953,Ca.4344752,CHCEWXEHZESSDDWV,"Cadbury Bournville Cranberry 50% Dark Chocolate Dark Chocolate 78 g {""customer_note"":""Image/design may vary""} {""ean"":""7622202325939""} 105",2,XISEYJ3
2026-10-07 14:47:23,B0V7SN6I,Ca.4035953,Ca.4344752,CHCG8SUY6FD7V8TM,"Cadbury Dairy Milk Maha Chocolate Milk Chocolate 46 g {""customer_note"":""Image/design may vary""} {""ean"":""7622202398735, 7622201822163, 7622202245589""} 55",2,XIRXP4V
2026-10-07 14:47:23,B0V7SN6I,Ca.4035953,Ca.4344752,CUYH5HHHFG3KGYTG,"Frubon NA Fruit Yogurt 100 g 8906129282032, 8906129282032 35",1,XISGWKI
2026-10-07 14:47:23,B0V7SN6I,Ca.4035953,Ca.4344752,CHCH8VS6WKRGUDGG,"Amul India Origin Milk Chocolate Milk Chocolate 125 g {"""":""""} {""ean"":""8901262072052""} 200",1,XIRWTY3
2026-10-07 14:47:23,B0V7SN6I,Ca.4035953,Ca.4344752,CHCFXMEYSTEZEHFP,"Cadbury Dairy Milk Silk Mousse Chocolate Milk Chocolate 48.5 g {""customer_note"":""Image/design may vary""} {""ean"":""7622202290695, 7622201762254, 7622201114879, 7622202326059""} 100",1,XISFB2H
2026-10-07 14:47:23,B0V7SN6I,Ca.4035953,Ca.4344752,CHCEWXEHNYCYNMU2,"Cadbury Dairy Milk Crackle Chocolate Milk Chocolate 36 g {""customer_note"":""Image/design may vary""} {""ean"":""7622202324901, 7622202329586, 7622201149543""} 45",1,XISE8S8
2026-10-07 14:47:23,B0V7SN6I,Ca.4035953,Ca.4344752,CUYF79ZZRRY3TV5U,EPIGAMIA Artisanal Mishti Doi Sweet Curd 80 g 8906059638329 30,3,XISZ3XL
2026-10-07 14:47:52,B0V7SNAE,ca.4344735,Ca.4344752,CHCHCC8GWJWU83RC,"Cadbury Dairy Milk Chocolate Milk Chocolate 25 g {""customer_note"":""""} {""ean"":""7622202328770, 7622202375989, 7622300136055, 7622202851032""} 20",4,XISJAAN
2026-10-07 14:47:52,B0V7SNAE,ca.4344735,Ca.4344752,CHEEZ6A8EG68GZM4,Amul NA Processed cheese Slices 200 g 10 8901262020015 145,4,XISSUTS
2026-10-07 14:47:52,B0V7SNAE,ca.4344735,Ca.4344752,CHCEZ3BNH4HBDGYY,"Amul Sugar Free Dark Chocolate Dark Chocolate 150 g {"""":""""} {""ean"":""8901262071048""} 250",1,XIS3I3J
2026-10-07 14:47:52,B0V7SNAE,ca.4344735,Ca.4344752,CHCEZX2N7Y6HHARF,"NESTLE KitKat 4 Fingers Choco Coated Wafer Milk Chocolate 38.5 g {"""":""""} 8901058903164, 8901058903614 35",2,XIOGBDN
2026-10-07 14:47:52,B0V7SNAE,ca.4344735,Ca.4344752,CHCEWA2ZC7KNEQBR,"Amul Dark Chocolate Dark Chocolate 150 g {"""":""""} {""ean"":""8901262071536, 8901262070676, 8901262071567, 8901262072670""} 180",3,XIRWWA6
2026-10-07 14:47:52,B0V7SNAE,ca.4344735,Ca.4344752,CHCGZEBPTUGUAQH5,"Cadbury Bournville Fruit & Nut 50% Dark Chocolate Fruit and Nuts Chocolate 30 g {""customer_note"":""Image/design may vary""} {""ean"":""7622202294396, 7622202294396, 7622202220999""} 55",5,XIS2Y55
2026-10-07 14:47:52,B0V7SNAE,ca.4344735,Ca.4344752,CHCEWXEHYHSEGYVD,"Cadbury Dairy Milk Fruit And Nut Chocolate Milk Chocolate 36 g {""customer_note"":""Image/design may vary""} {""ean"":""7622201150181, 7622202324871""} 40",5,XIRPA2F
2026-10-07 14:47:52,B0V7SNAE,ca.4344735,Ca.4344752,CHCFGZZVCEBYYG8H,"NESTLE KitKat Share & Snap 2x3 Fingers Wafer Milk Chocolate 57 g {"""":""""} {""ean"":""8901058905113""} 50",4,XIQUXCI
2026-10-07 14:47:52,B0V7SNAE,ca.4344735,Ca.4344752,CUYF4Z6GDY2CZGQS,EPIGAMIA NA Greek Yogurt 85 g 8906059635090 50,1,XIT2HCA
2026-10-07 14:47:52,B0V7SNAE,ca.4344735,Ca.4344752,CUYF4Z6G3BBB3ZEZ,EPIGAMIA NA Greek Yogurt 85 g 8906059635069 60,5,XIT1EQ0
2026-10-07 14:47:52,B0V7SNAE,ca.4344735,Ca.4344752,CHCFSEGJBQYPU5H6,"Cadbury Bournville 70% Cocoa Chocolate Dark Chocolate 75 g {""customer_note"":""Image/design may vary""} {""ean"":""7622202325960, 7622201138363, 7622202030789""} 130",5,XISJ5K2
2026-10-07 14:47:52,B0V7SNAE,ca.4344735,Ca.4344752,CUYH5HHHWURHGMDG,"Frubon Premium Dahi Plain Curd 400 g 8906129282476, 8906129282476 50",1,XIT4BU2
2026-10-07 14:47:52,B0V7SNAE,ca.4344735,Ca.4344752,CHCGFRWG4NKBUZD9,"NESTLE Munch Max Crunchy Wafer Milk Chocolate 38.5 g {"""":""""} {""ean"":""8901058904093, 8901058005080""} 10",10,XISK125
2026-10-07 14:47:52,B0V7SNAE,ca.4344735,Ca.4344752,CHCHDHZNYDSGBGBG,"Cadbury Dairy Milk Milkinis Chocolate Milk Chocolate 34 g {""customer_note"":""""} {""ean"":""7622202328749, 7622202847622""} 36",4,XISM544
2026-10-07 14:47:52,B0V7SNAE,ca.4344735,Ca.4344752,CUYHZUFHBZAHYXDS,Amul Mango Shrikhand Shrikhand 100 g 8901262040075 30,1,XISZ9VG
2026-10-07 14:47:52,B0V7SNAE,ca.4344735,Ca.4344752,CHCEWXEHUTZQHCQR,"Cadbury Gems Surprise Ball Chocolate Milk Chocolate 14.69 g {""customer_note"":""Image/design may vary""} {""ean"":""7622202332241, 7622202030987, 8901233022369, 7622202030987, 7622201808549""} 45",1,XIRW33Z
2026-10-07 14:47:52,B0V7SNAE,ca.4344735,Ca.4344752,CUYF4Z6GVZ5C8CAU,EPIGAMIA Alphonso Mango yogurt Greek Yogurt 85 g 8906059635014 55,2,XIT01LM
2026-10-07 14:47:52,B0V7SNAE,ca.4344735,Ca.4344752,CHCG6G6JZMRVTZ5Q,"NESTLE Milkybar Creamy White Chocolate Tablet Milk Chocolate 12.5 g {"""":""""} 8901058875577, 8901058875584 10",5,XINSDXL
2026-10-07 14:47:52,B0V7SNAE,ca.4344735,Ca.4344752,CHCG25S7RZVHNFGN,"Amul Dark Chocolate Dark Chocolate 35 g {"""":""""} {""ean"":""8901262070454""} 45",10,XISZ8ZT
2026-10-07 14:47:52,B0V7SNAE,ca.4344735,Ca.4344752,CHCEWXEH65KJ8NWD,"Cadbury Dairy Milk Roast Almond Chocolate Milk Chocolate 36 g {""customer_note"":""Image/design may vary""} {""ean"":""7622202324819, 7622202329524""} 55",11,XIRIJA6
2026-10-07 14:47:52,B0V7SNAE,ca.4344735,Ca.4344752,CHCGVVRNEUYN9RKJ,"Cadbury Dairy Milk Roast Almond Chocolate Milk Chocolate 75 g {""customer_note"":""Image/design may vary""} {""ean"":""7622202397288, 7622202324789, 7622202318801""} 90",3,XIRI2AB
2026-10-07 14:47:52,B0V7SNAE,ca.4344735,Ca.4344752,CUYHZUFHSJ732DGT,Amul Kesar Shrikhand Shrikhand 100 g 8901262040068 30,1,XISZ9UW
2026-10-07 14:47:52,B0V7SNAE,ca.4344735,Ca.4344752,CHCG8SUY6FD7V8TM,"Cadbury Dairy Milk Maha Chocolate Milk Chocolate 46 g {""customer_note"":""Image/design may vary""} {""ean"":""7622202398735, 7622201822163, 7622202245589""} 55",1,XIRXP4V
2026-10-07 14:47:52,B0V7SNAE,ca.4344735,Ca.4344752,CUYH5HHHFG3KGYTG,"Frubon NA Fruit Yogurt 100 g 8906129282032, 8906129282032 35",3,XISGWKI
2026-10-07 14:47:52,B0V7SNAE,ca.4344735,Ca.4344752,CHCH8VS6WKRGUDGG,"Amul India Origin Milk Chocolate Milk Chocolate 125 g {"""":""""} {""ean"":""8901262072052""} 200",1,XIRWTY3
2026-10-07 14:47:52,B0V7SNAE,ca.4344735,Ca.4344752,CHCEWXEHHJGN3YXZ,"Cadbury Dairy Milk Silk Oreo Chocolate Milk Chocolate 58.5 g {""customer_note"":""Image/design may vary""} {""ean"":""7622201762193, 7622202290572, 7622202326110, 8901233033525""} 95",2,XISLLC7
2026-10-07 14:47:52,B0V7SNAE,ca.4344735,Ca.4344752,CHCEWXEHNYCYNMU2,"Cadbury Dairy Milk Crackle Chocolate Milk Chocolate 36 g {""customer_note"":""Image/design may vary""} {""ean"":""7622202324901, 7622202329586, 7622201149543""} 45",3,XISE8S8
2026-10-07 14:47:52,B0V7SNAE,ca.4344735,Ca.4344752,CHCGP3736ARAJNNB,"Cadbury Dairy Milk Family Chocolate Milk Chocolate 112 g {""customer_note"":""Image/design may vary""} {""ean"":""7622202324604, 7622202346385, 7622202025426, 7622202245619""} 130",2,XIREFJL
2026-10-07 14:50:41,B0V88O48,Ca.4344752,Ca.4344752,RMDFSM98EMTPYAUF,SAFAL Greenpeas 1 kg 8901722060100 300,3,XISTACJ
2026-10-07 14:50:41,B0V88O48,Ca.4344752,Ca.4344752,ICEHBDZ2RDWZTQ6X,"Amul Asli Aam Gold Ice Cream Stick 8901262300551, 8901262178235 30",6,XISKPU0
2026-10-07 14:50:41,B0V88O48,Ca.4344752,Ca.4344752,ICEHACQJW4GB6SHW,Amul Gold Tricone Ice Cream 8901262178648 40,6,XISSNLF
2026-10-07 14:50:41,B0V88O48,Ca.4344752,Ca.4344752,RMDFSM96SJBKWYSK,"SAFAL Frozen Mixed Vegetables 500 g 8901722061053, 8901722066355, 8901722061077 80",1,XISCR0K
2026-10-07 14:50:41,B0V88O48,Ca.4344752,Ca.4344752,ICEHACQJAKF5HFU5,Amul Frostik Ice Cream 8901262177016 35,2,XISVR8E
2026-10-07 14:50:41,B0V88O48,Ca.4344752,Ca.4344752,CHEGB6Y6BFP6WQ3G,Amul NA Mozzarella and Cheddar Cheese Diced 200 g 1 8901262020558 125,6,XISX1VJ
2026-10-07 14:50:41,B0V88O48,Ca.4344752,Ca.4344752,ICEHAHKTGMNXH8E5,Vadilal Cassata 8901777852125 65,3,XISOYP6
2026-10-07 14:54:29,B0V80HXY,ca.4344735,Ca.4344752,ICEHACQJYCHWG6GH,Amul Tricone Ice Cream 8901262178204 40,5,XIT56SI
2026-10-07 14:54:29,B0V80HXY,ca.4344735,Ca.4344752,ICEHAHKTHFHGEYCU,Vadilal Chocolate Chips Cake 8901777752135 300,1,XISJW35
2026-10-07 14:54:29,B0V80HXY,ca.4344735,Ca.4344752,RMDH9ECCQZTBGH7D,SPT Greenpeas 500 g 8906068330160 169,2,XISD7QG
2026-10-07 14:54:29,B0V80HXY,ca.4344735,Ca.4344752,ICEHAHKT4ZRS2WCK,Vadilal NA 8901777868072 60,1,XISCG15
2026-10-07 14:55:32,B0V7SN54,ca.4263309,Ca.4344752,CHCEWXEHGEDJZAB6,"Cadbury Temptations Rum & Raisins Chocolate Milk Chocolate 70 g {""customer_note"":""""} {""ean"":""7622202335655""} 100",3,XISSQV1
2026-10-07 14:55:32,B0V7SN54,ca.4263309,Ca.4344752,CHCHQ4ZEBQU8QW2A,"Kinder Lantern Pack Milk Chocolate 100.4 g {""customer_note"":""""} {""ean"":""8000500478929""} 499",1,XIT0UO2
2026-10-07 14:55:32,B0V7SN54,ca.4263309,Ca.4344752,CHCGMMKRURUTHVNZ,"Cadbury Perk Mini Treats Chocolate Milk Chocolate 115.5 g {""customer_note"":""Image/design may vary""} {""ean"":""7622202031830, 7622202265457, 7622202047886, 7622202336058""} 88",2,XISJ4K5
2026-10-07 14:57:29,B0V88O66,Ca.4344752,Ca.4344752,ICEGYGTX2THX5ZFM,Amul Choco Crunch 8901262177139 35,20,XISVS1M
2026-10-07 14:58:13,B0V88NWG,Ca.4035953,Ca.4344752,RMDGHUGDXRCNDK7T,Prasuma Chicken Spring Rolls 240 g 8906107170290 200,6,XISG2XU
2026-10-07 14:58:13,B0V88NWG,Ca.4035953,Ca.4344752,ICEH8VUQZZMHAA7B,HAVMOR ICE CREAM Cookies N Cream 8904089326834 50,8,XISKUV2
2026-10-07 14:58:13,B0V88NWG,Ca.4035953,Ca.4344752,ICEHBDZ2GDMXXEGG,"Amul Sundae Khatta Meetha Icecream 8901262177429, 8901262177436 28",2,XIQYD16
2026-10-07 14:58:13,B0V88NWG,Ca.4035953,Ca.4344752,ICEHAP88MHJG4PYU,Kwality Wall's Magnum Brownie 8909106034952 80,1,XISQKPX
2026-10-07 14:58:13,B0V88NWG,Ca.4035953,Ca.4344752,ICEH8GAUFHHNUZUA,Kwality Wall's Cornetto 8909106032941 40,2,XISF5AU
2026-10-07 14:58:13,B0V88NWG,Ca.4035953,Ca.4344752,ICEH2DJ7TCGTBQSV,Go Zero Mocha Brownie Fudge Guilt Free Ice Cream Cup 8908019757446 135,1,XIQQ9NB
2026-10-07 14:58:13,B0V88NWG,Ca.4035953,Ca.4344752,ICEH8VUQYMJEWGZJ,HAVMOR ICE CREAM Zulubar 8904089300353 50,2,XISUA3A
2026-10-07 14:58:13,B0V88NWG,Ca.4035953,Ca.4344752,ICEHHWEZJCGK5GC9,Giani's Ice Cream Cone 8906057440634 70,4,XISVZ5S
2026-10-07 14:58:13,B0V88NWG,Ca.4035953,Ca.4344752,ICEHAHKTVSDUNZBV,"Vadilal Ice Cream 8901777750063, 8901777750049 60",1,XISM8EW
2026-10-07 14:58:13,B0V88NWG,Ca.4035953,Ca.4344752,ICEHAHKTTDTG6HYA,Vadilal Ice Cream Cone 8901777751060 40,2,XISKPPF
2026-10-07 14:58:13,B0V88NWG,Ca.4035953,Ca.4344752,RCSHNGFK5BYWKAYP,Prasuma Frozen Chicken Chilli Salami 200 g 8906107170078 205,2,XISG2SD
2026-10-07 14:58:13,B0V88NWG,Ca.4035953,Ca.4344752,SAMHG3HJGAW5VNMG,Amul Angoori Rasmalai Rasmalai 500 g 8901262301701 250,1,XIQDP9D
2026-10-07 14:58:13,B0V88NWG,Ca.4035953,Ca.4344752,ICEGF3Z38DQNMS84,Kwality Walls and Cream Cup 8901030787867 55,1,XISK3I6
2026-10-07 14:58:13,B0V88NWG,Ca.4035953,Ca.4344752,RMDGCXJCGJFZYBGD,SWITZ Puff Dough Paratha 5 Pieces 400 g 8906018140429 83,1,XIRXS45
2026-10-07 14:59:37,B0V88O2U,ca.4344735,Ca.4344752,ICEGYYWFBAWHYPDJ,Amul Gold 8901262174244 230,1,XIT57QX
2026-10-07 14:59:37,B0V88O2U,ca.4344735,Ca.4344752,RMDH9ECCNGXCHAGY,SPT Sweet Corn 500 g 8906068330184 135,2,XISF7O8
2026-10-07 14:59:37,B0V88O2U,ca.4344735,Ca.4344752,ICEH8VUQJYXSFEKP,HAVMOR ICE CREAM Cakes 8904089308045 340,3,XISF7V1
2026-10-07 14:59:37,B0V88O2U,ca.4344735,Ca.4344752,ICEHNETBFUERZXPJ,Hocco Leemo 8906214810027 100,1,XIQXOR7
2026-10-07 14:59:37,B0V88O2U,ca.4344735,Ca.4344752,ICEHBDZ2RDWZTQ6X,"Amul Asli Aam Gold Ice Cream Stick 8901262300551, 8901262178235 30",2,XISKPU0
2026-10-07 14:59:37,B0V88O2U,ca.4344735,Ca.4344752,ICEHACQJW4GB6SHW,Amul Gold Tricone Ice Cream 8901262178648 40,3,XISSNLF
2026-10-07 14:59:37,B0V88O2U,ca.4344735,Ca.4344752,ICCH6ACWWM7W5YXY,BURRF Tube Ice 792649594704,3,XILJYOF
2026-10-07 14:59:37,B0V88O2U,ca.4344735,Ca.4344752,ICEHACQJAKF5HFU5,Amul Frostik Ice Cream 8901262177016 35,20,XISVR8E
2026-10-07 14:59:37,B0V88O2U,ca.4344735,Ca.4344752,CHEGB6Y6BFP6WQ3G,Amul NA Mozzarella and Cheddar Cheese Diced 200 g 1 8901262020558 125,2,XISX1VJ
2026-10-07 14:59:37,B0V88O2U,ca.4344735,Ca.4344752,ICEHAHKTGMNXH8E5,Vadilal Cassata 8901777852125 65,2,XISOYP6
2026-10-07 14:59:37,B0V88O2U,ca.4344735,Ca.4344752,ICEGY6MTGH75PGNB,Amul Ice Cream 8901262175845 40,3,XIT57LX
2026-10-07 15:02:27,B0V7SN9K,ca.4263309,Ca.4344752,ICEGYYWJGG2GAMNS,Amul Caramel Gold 8901262174145 260,1,XIQK1PX
2026-10-07 15:02:27,B0V7SN9K,ca.4263309,Ca.4344752,ICEGY6MTZ55TXGDV,Amul Fantasy 8901262173483 215,4,XISTI0F
2026-10-07 15:02:27,B0V7SN9K,ca.4263309,Ca.4344752,RMDHJCDYYYNEGXVV,Delish Frozen Green Peas 500 g 8904293755512 190,1,XISS4YB
2026-10-07 15:02:27,B0V7SN9K,ca.4263309,Ca.4344752,ICEHGWTNXMEJENZM,Vadilal Ice Cream Cone 8901777801420 50,1,XISJ413
2026-10-07 15:02:27,B0V7SN9K,ca.4263309,Ca.4344752,RMDHF7AC8MVKJ3QG,McCain French Fries 1 kg 8906000612682 307,2,XIS8TP6
2026-10-07 15:02:27,B0V7SN9K,ca.4263309,Ca.4344752,RMDHJCDYHTJJQGDT,Delish Frozen Sweet Corn 1 kg 8904293755604 320,1,XIRZY6Z
2026-10-07 15:02:27,B0V7SN9K,ca.4263309,Ca.4344752,ICEHAHKTPYFPZHDV,"Vadilal Ice Cream Tub 8901777689141, 8901777709177, 8901777729175, 8901777652176 150",1,XISJTZQ
2026-10-07 15:02:27,B0V7SN9K,ca.4263309,Ca.4344752,ICEHJY9TGNHUYFGD,MOTHER DAIRY Badam Rabri Tub 8901648001188 250,1,XIS5CJV
2026-10-07 15:02:27,B0V7SN9K,ca.4263309,Ca.4344752,ICEGF3Z3WQXYV4PV,"Kwality Wall's Cornetto 8901030771484, 8901030891847 48",2,XIS8WFT
2026-10-07 15:02:27,B0V7SN9K,ca.4263309,Ca.4344752,CHEH4DJ4SGWPBDJP,Dlecta NA Mozzarella cheese Shredded 140 g 1 8906010090739 109,1,XIS5N48
2026-10-07 15:02:27,B0V7SN9K,ca.4263309,Ca.4344752,ICEHMVVFPZFGGF3F,Amul tru Tropical Pineapple 8901262302081 50,1,XIRX0BF
2026-10-07 15:02:27,B0V7SN9K,ca.4263309,Ca.4344752,ICEHHWEZCH6PHHZQ,Giani's Ice Cream Cup 8906057440009 60,1,XISTCXX
2026-10-07 15:03:32,B0V88O6Q,Ca.4344752,Ca.4344752,ICEGYYWF22GVZGTE,Amul Lactose Free Ice Cream 8901262178341 35,1,XIR2KF5
2026-10-07 15:04:22,B0V88OGQ,Ca.4035953,Ca.4344752,RMDFSM96BGK3FB9W,SAFAL Greenpeas 200 g 8901722060001 42,2,XISQQZ5
2026-10-07 15:04:22,B0V88OGQ,Ca.4035953,Ca.4344752,ICEHDHKCXSHQ4VNH,Hocco Aamchi 8906172545016 200,4,XIS5AT7
2026-10-07 15:04:22,B0V88OGQ,Ca.4035953,Ca.4344752,CHEHFFZBFDZMBGM5,"Go Mozzarella and Cheddar Four Cheese Shredded 200 g 1 8906001024798, 8906001025887 180",1,XIS8TO4
2026-10-07 15:04:22,B0V88OGQ,Ca.4035953,Ca.4344752,ICCH4X7MJH6NGWUY,Rock Ice Party Ice Regular Cubes,4,XIJRDTU
2026-10-07 15:04:22,B0V88OGQ,Ca.4035953,Ca.4344752,ICEH8VUQYMJEWGZJ,HAVMOR ICE CREAM Zulubar 8904089300353 50,2,XISUA3A
2026-10-07 15:04:22,B0V88OGQ,Ca.4035953,Ca.4344752,ICEH8VUQZZMHAA7B,HAVMOR ICE CREAM Cookies N Cream 8904089326834 50,1,XISKUV2
2026-10-07 15:04:22,B0V88OGQ,Ca.4035953,Ca.4344752,ICEHGWTNXMEJENZM,Vadilal Ice Cream Cone 8901777801420 50,3,XISJ413
2026-10-07 15:04:22,B0V88OGQ,Ca.4035953,Ca.4344752,ICEHHWEZJCGK5GC9,Giani's Ice Cream Cone 8906057440634 70,1,XISVZ5S
2026-10-07 15:04:22,B0V88OGQ,Ca.4035953,Ca.4344752,ICEHAHKTVSDUNZBV,"Vadilal Ice Cream 8901777750063, 8901777750049 60",1,XISM8EW
2026-10-07 15:04:22,B0V88OGQ,Ca.4035953,Ca.4344752,ICCH6ACWWM7W5YXY,BURRF Tube Ice 792649594704,1,XILJYOF
2026-10-07 15:04:22,B0V88OGQ,Ca.4035953,Ca.4344752,ICEHAHKTCPAKSZX8,Vadilal Choco Crunch Ice Cream 8901777948040 50,1,XISE2LI
2026-10-07 15:04:22,B0V88OGQ,Ca.4035953,Ca.4344752,ICEHAHKTWJUY5MSE,Vadilal Crunchy Gourmet Ice Cream Tub 8901777816172 210,3,XISKNS5
2026-10-07 15:04:22,B0V88OGQ,Ca.4035953,Ca.4344752,ICEHHWEZA73ZG6YH,Giani's Ice Cream Cup 8906057440092 65,1,XISZX40
2026-10-07 15:06:55,B0V88O3O,ca.4263309,Ca.4344752,ICEHACQJPTFGYVYY,Amul Kulfi 8901262176521 30,20,XIT56OY
2026-10-07 15:06:55,B0V88O3O,ca.4263309,Ca.4344752,ICEHBDZ2MU8XQGBM,Amul Ice Cream 8901262300339 300,1,XIS5O04
2026-10-07 15:06:55,B0V88O3O,ca.4263309,Ca.4344752,RMDHJCDYYYNEGXVV,Delish Frozen Green Peas 500 g 8904293755512 190,4,XISS4YB
2026-10-07 15:06:55,B0V88O3O,ca.4263309,Ca.4344752,ICEGY6MTZ55TXGDV,Amul Fantasy 8901262173483 215,1,XISTI0F
2026-10-07 15:06:55,B0V88O3O,ca.4263309,Ca.4344752,RMDHJCDYWZHVXJHH,Delish Frozen Green Peas 1 kg 8904293755222 3350,4,XIRZY3C
2026-10-07 15:06:55,B0V88O3O,ca.4263309,Ca.4344752,ICEGYYWFBAWHYPDJ,Amul Gold 8901262174244 230,3,XISTJJI
2026-10-07 15:06:55,B0V88O3O,ca.4263309,Ca.4344752,ICEH9DCMGHFMMHYC,Hocco Chillo Dark Cone Ice Cream 8906172540912 50,1,XISPEB2
2026-10-07 15:06:55,B0V88O3O,ca.4263309,Ca.4344752,RMDFSM96BDTTHK7M,"McCain Chilli Garlic Potato Bites 420 g 8906000610084, 8906000612811, 8906000612545 125",2,XISCRP9
2026-10-07 15:06:55,B0V88O3O,ca.4263309,Ca.4344752,RMDFSM96ZYFPWPZT,McCain Veggie Finger 400 g 8906000610923 130,2,XIRP76N
2026-10-07 15:06:55,B0V88O3O,ca.4263309,Ca.4344752,ICEGY6MTGH75PGNB,Amul Ice Cream 8901262175845 40,1,XIT57LX
2026-10-07 15:07:55,B0V88OI4,ca.4344735,Ca.4344752,ICEGYYWF22GVZGTE,Amul Lactose Free Ice Cream 8901262178341 35,1,XIR2KF5
2026-10-07 15:09:59,B0V88O4I,ca.4344735,Ca.4344752,ICEGYYWF22GVZGTE,Amul Lactose Free Ice Cream 8901262178341 35,4,XIR2KF5
2026-10-07 15:10:14,B0V80HXE,Ca.4035953,Ca.4344752,ICEGYYWJDPFMR2FW,Amul Ice Cream 8901262172493 230,4,XISX2GK
2026-10-07 15:10:14,B0V80HXE,Ca.4035953,Ca.4344752,ICEHAKZ65UB58GHB,Kwality Wall's Ice Cream 8901030735097 145,2,XISIH6M
2026-10-07 15:10:14,B0V80HXE,Ca.4035953,Ca.4344752,ICEH2DJ7SHCJGX2V,Go Zero Belgian Dark Chocolate Guilt Free Ice Cream Cup 8908019757385 120,1,XIQTMKH
2026-10-07 15:10:14,B0V80HXE,Ca.4035953,Ca.4344752,ICEGYYWFBAWHYPDJ,Amul Gold 8901262174244 230,4,XISTJJI
2026-10-07 15:10:14,B0V80HXE,Ca.4035953,Ca.4344752,ICEHAHKTZXFCYHYV,Vadilal Gourmet Ice Cream Cup 8901777979105 60,1,XISLJEW
2026-10-07 15:10:14,B0V80HXE,Ca.4035953,Ca.4344752,ICEHACQJW4GB6SHW,Amul Gold Tricone Ice Cream 8901262178648 40,6,XISSNLF
2026-10-07 15:10:14,B0V80HXE,Ca.4035953,Ca.4344752,ICEH9DCMGHFMMHYC,Hocco Chillo Dark Cone Ice Cream 8906172540912 50,6,XISPEB2
2026-10-07 15:11:20,B0V88O3E,ca.4344735,Ca.4344752,ICEHACQJYCHWG6GH,Amul Tricone Ice Cream 8901262178204 40,2,XIT56SI
2026-10-07 15:11:20,B0V88O3E,ca.4344735,Ca.4344752,ICEGYYWFCVKPBNXZ,Amul Gold 8901262174107 235,1,XISWZ02
2026-10-07 15:11:20,B0V88O3E,ca.4344735,Ca.4344752,ICEHAHKTUE3HREHS,Vadilal Gourmet Ice Cream Tub 8901777729175 270,1,XISJW7Z
2026-10-07 15:11:20,B0V88O3E,ca.4344735,Ca.4344752,ICEGYYWJKGTXMDYM,Amul Brownie Ice Cream 8901262172448 230,2,XISWB3C
2026-10-07 15:11:20,B0V88O3E,ca.4344735,Ca.4344752,ICEHAHKT4ZRS2WCK,Vadilal NA 8901777868072 60,3,XISCG15
2026-10-07 15:12:28,B0V88OKM,ca.4263309,Ca.4344752,ICEGY6MTZ55TXGDV,Amul Fantasy 8901262173483 215,1,XISTI0F
2026-10-07 15:12:28,B0V88OKM,ca.4263309,Ca.4344752,ICEGYYWFBAWHYPDJ,Amul Gold 8901262174244 230,5,XISTJJI
2026-10-07 15:12:28,B0V88OKM,ca.4263309,Ca.4344752,ICEH9DCMAMJN4HK3,Hocco Ice Cream 8906172540318 300,1,XISU9U0
2026-10-07 15:12:28,B0V88OKM,ca.4263309,Ca.4344752,ICEHMVVFPZFGGF3F,Amul tru Tropical Pineapple 8901262302081 50,2,XIRX0BF
2026-10-07 15:13:46,B0V88OBQ,Ca.4035953,Ca.4344752,SAMG66E4KPJHZHZA,"Amul Khoa Khova 200 g 8901262301138, 8901262050173 105",1,XISX28O
2026-10-07 15:13:46,B0V88OBQ,Ca.4035953,Ca.4344752,ICEHGWTNXMEJENZM,Vadilal Ice Cream Cone 8901777801420 50,10,XISJ413
2026-10-07 15:13:46,B0V88OBQ,Ca.4035953,Ca.4344752,ICEHAHKTMYCKZFDP,"Vadilal Flingo Ice Cream Cone 8901777729083, 8901777751022 40",2,XISOYHD
2026-10-07 15:13:46,B0V88OBQ,Ca.4035953,Ca.4344752,ICEHBDZ2SARBNR7H,Amul Gold Ice Cream 8901262301428 350,1,XIS5LG4
2026-10-07 15:13:46,B0V88OBQ,Ca.4035953,Ca.4344752,ICEHAHKTPYFPZHDV,"Vadilal Ice Cream Tub 8901777689141, 8901777709177, 8901777729175, 8901777652176 150",2,XISJTZQ
2026-10-07 15:13:46,B0V88OBQ,Ca.4035953,Ca.4344752,ICEHMQFW9KCPS6QD,Giani's Ice Cream Cup 8906057441747 70,1,XIS79KO
2026-10-07 15:13:46,B0V88OBQ,Ca.4035953,Ca.4344752,RMDFSM96AKAHPSJE,"McCain Samosa Cheese Corn 240 g 8906000611494, 8906000611487 165",4,XISE6WL
2026-10-07 15:13:46,B0V88OBQ,Ca.4035953,Ca.4344752,RMDH9ECC7ZZMXNVG,SPT Sweet Corn 200 g 8906068330009 55,3,XIRP9VV
2026-10-07 15:13:46,B0V88OBQ,Ca.4035953,Ca.4344752,ICEH8VUQYX7GEXHE,HAVMOR ICE CREAM NA 8904089301497 65,2,XISJYL7
2026-10-07 15:13:46,B0V88OBQ,Ca.4035953,Ca.4344752,ICEHGXNGZEWZ53QR,MAGNUM Caramel Pop 8721274500233 70,1,XISFW8V
2026-10-07 15:13:46,B0V88OBQ,Ca.4035953,Ca.4344752,ICEHAHKTPCUTUPHB,"Vadilal Sandwich Ice Cream 8901777751114, 8901777760024 30",4,XISJX29
2026-10-07 15:13:46,B0V88OBQ,Ca.4035953,Ca.4344752,CHEH4DJ4SGWPBDJP,Dlecta NA Mozzarella cheese Shredded 140 g 1 8906010090739 109,1,XISEE2E
2026-10-07 15:13:46,B0V88OBQ,Ca.4035953,Ca.4344752,ICEHACQJZFGKHVJH,Amul Tricone Ice Cream 8901262178211 50,3,XISK4FO
2026-10-07 15:14:52,B0V88O34,ca.4263309,Ca.4344752,ICEGYYWJDPFMR2FW,Amul Ice Cream 8901262172493 230,4,XISX2GK
2026-10-07 15:14:52,B0V88O34,ca.4263309,Ca.4344752,ICEHACQJYCHWG6GH,Amul Tricone Ice Cream 8901262178204 40,1,XIT56SI
2026-10-07 15:14:52,B0V88O34,ca.4263309,Ca.4344752,ICEGYYWFCVKPBNXZ,Amul Gold 8901262174107 235,1,XISWZ02
2026-10-07 15:14:52,B0V88O34,ca.4263309,Ca.4344752,ICEHAHKTUE3HREHS,Vadilal Gourmet Ice Cream Tub 8901777729175 270,3,XISJW7Z
2026-10-07 15:14:52,B0V88O34,ca.4263309,Ca.4344752,ICEHBDZ2RDWZTQ6X,"Amul Asli Aam Gold Ice Cream Stick 8901262300551, 8901262178235 30",4,XISKPU0
2026-10-07 15:14:52,B0V88O34,ca.4263309,Ca.4344752,ICEHACQJW4GB6SHW,Amul Gold Tricone Ice Cream 8901262178648 40,1,XISSNLF
2026-10-07 15:14:52,B0V88O34,ca.4263309,Ca.4344752,ICEHACQJAKF5HFU5,Amul Frostik Ice Cream 8901262177016 35,20,XISVR8E
2026-10-07 15:14:52,B0V88O34,ca.4263309,Ca.4344752,ICEGYYWJKGTXMDYM,Amul Brownie Ice Cream 8901262172448 230,1,XISWB3C
2026-10-07 15:14:52,B0V88O34,ca.4263309,Ca.4344752,ICEHAHKT4ZRS2WCK,Vadilal NA 8901777868072 60,1,XISCG15
2026-10-07 15:14:52,B0V88O34,ca.4263309,Ca.4344752,ICEGY6MTGH75PGNB,Amul Ice Cream 8901262175845 40,6,XIT57LX
2026-10-07 15:18:56,B0V88O3Y,ca.4344735,Ca.4344752,ICEHACQJYCHWG6GH,Amul Tricone Ice Cream 8901262178204 40,1,XIT56SI
2026-10-07 15:18:56,B0V88O3Y,ca.4344735,Ca.4344752,RMDFSM98HXUHWTDG,SAFAL Sweet Corn 1 kg 8901722066409 180,1,XIS1J3B
2026-10-07 15:18:56,B0V88O3Y,ca.4344735,Ca.4344752,RMDFSM98EMTPYAUF,SAFAL Greenpeas 1 kg 8901722060100 300,1,XISTACJ
2026-10-07 15:18:56,B0V88O3Y,ca.4344735,Ca.4344752,RMDFSM96SJBKWYSK,"SAFAL Frozen Mixed Vegetables 500 g 8901722061053, 8901722066355, 8901722061077 80",2,XISCR0K
2026-10-07 15:18:56,B0V88O3Y,ca.4344735,Ca.4344752,RMDH9ECCQZTBGH7D,SPT Greenpeas 500 g 8906068330160 169,2,XISD7QG
2026-10-07 15:18:56,B0V88O3Y,ca.4344735,Ca.4344752,ICEGYYWJKGTXMDYM,Amul Brownie Ice Cream 8901262172448 230,2,XISWB3C
2026-10-07 15:18:56,B0V88O3Y,ca.4344735,Ca.4344752,CHEGB6Y6BFP6WQ3G,Amul NA Mozzarella and Cheddar Cheese Diced 200 g 1 8901262020558 125,4,XISX1VJ
2026-10-07 15:29:10,B0V88OJS,Ca.4035953,ca.4263309,RMDFSM96BGK3FB9W,SAFAL Greenpeas 200 g 8901722060001 42,8,XISQQZ5
2026-10-07 15:29:10,B0V88OJS,Ca.4035953,ca.4263309,RMDHJCDYYYNEGXVV,Delish Frozen Green Peas 500 g 8904293755512 190,6,XISS4YB
2026-10-07 15:29:10,B0V88OJS,Ca.4035953,ca.4263309,RMDHF7AC8MVKJ3QG,McCain French Fries 1 kg 8906000612682 307,3,XIS8TP6
2026-10-07 15:29:10,B0V88OJS,Ca.4035953,ca.4263309,ICEHAHKTWJUY5MSE,Vadilal Crunchy Gourmet Ice Cream Tub 8901777816172 210,2,XISKNS5
2026-10-07 15:29:10,B0V88OJS,Ca.4035953,ca.4263309,RMDFSM96BDTTHK7M,"McCain Chilli Garlic Potato Bites 420 g 8906000610084, 8906000612811, 8906000612545 125",4,XISCRP9
2026-10-07 15:32:27,B0V88OBG,Ca.4035953,Ca.4344752,ICEGYYWJDPFMR2FW,Amul Ice Cream 8901262172493 230,4,XISX2GK
2026-10-07 15:32:27,B0V88OBG,Ca.4035953,Ca.4344752,ICEHACQJKCHY246Z,Amul Malai Kulfi 8901262176446 30,20,XISZ76I
2026-10-07 15:32:27,B0V88OBG,Ca.4035953,Ca.4344752,ICEHACQJYCHWG6GH,Amul Tricone Ice Cream 8901262178204 40,3,XIT56SI
2026-10-07 15:32:27,B0V88OBG,Ca.4035953,Ca.4344752,RMDH8KECAYFQQXRX,"Amul Happy Treats Aloo Tikki 400 g 8901262178853, 8901262178846 89",2,XIRZEJ5
2026-10-07 15:32:27,B0V88OBG,Ca.4035953,Ca.4344752,ICEHAHKTFHHCAHQP,"Vadilal Ice Cream Cone 8901777751091, 8901777957080 35",5,XISJTQ2
2026-10-07 15:32:27,B0V88OBG,Ca.4035953,Ca.4344752,ICEHBDZ2RDWZTQ6X,"Amul Asli Aam Gold Ice Cream Stick 8901262300551, 8901262178235 30",2,XISKPU0
2026-10-07 15:32:27,B0V88OBG,Ca.4035953,Ca.4344752,ICEHAHKTZXFCYHYV,Vadilal Gourmet Ice Cream Cup 8901777979105 60,1,XISLJEW
2026-10-07 15:32:27,B0V88OBG,Ca.4035953,Ca.4344752,CHEGB6Y6BFP6WQ3G,Amul NA Mozzarella and Cheddar Cheese Diced 200 g 1 8901262020558 125,5,XISX1VJ
2026-10-07 15:32:27,B0V88OBG,Ca.4035953,Ca.4344752,ICEGY6MTGH75PGNB,Amul Ice Cream 8901262175845 40,5,XIT57LX
2026-10-07 15:37:32,B0V88O8E,Ca.4344752,Ca.4344752,ICEHCTZNSZPGVGVZ,Go Zero Mocha Brownie Fudge Guilt Free Ice Cream Tub 8908019757132 350,1,XISF2RM
2026-10-07 15:37:32,B0V88O8E,Ca.4344752,Ca.4344752,ICEH8VUQZZMHAA7B,HAVMOR ICE CREAM Cookies N Cream 8904089326834 50,5,XISKUV2
2026-10-07 15:37:32,B0V88O8E,Ca.4344752,Ca.4344752,ICEHGWTNXMEJENZM,Vadilal Ice Cream Cone 8901777801420 50,4,XISJ413
2026-10-07 15:37:32,B0V88O8E,Ca.4344752,Ca.4344752,ICEHBDZ2DARQSVXY,Amul Gold Ice Cream 8901262301251 260,1,XIS77FK
2026-10-07 15:37:32,B0V88O8E,Ca.4344752,Ca.4344752,ICEHAHKTFHHCAHQP,"Vadilal Ice Cream Cone 8901777751091, 8901777957080 35",3,XISJTQ2
2026-10-07 15:37:32,B0V88O8E,Ca.4344752,Ca.4344752,ICEH8VUQM5HSGPKN,HAVMOR ICE CREAM Cone 8904089322560 50,3,XISPZ97
2026-10-07 15:37:32,B0V88O8E,Ca.4344752,Ca.4344752,ICEHAHKTPYFPZHDV,"Vadilal Ice Cream Tub 8901777689141, 8901777709177, 8901777729175, 8901777652176 150",4,XISJTZQ
2026-10-07 15:37:32,B0V88O8E,Ca.4344752,Ca.4344752,ICEHMQFW9KCPS6QD,Giani's Ice Cream Cup 8906057441747 70,1,XIS79KO
2026-10-07 15:37:32,B0V88O8E,Ca.4344752,Ca.4344752,ICEH2HFETWMNYQ3U,Baskin Robbins Ice Cream 8906006852495 90,1,XIRSZ03
2026-10-07 15:37:32,B0V88O8E,Ca.4344752,Ca.4344752,ICEHKBGYCVHYCYZE,Huber & Holly Duet 8906172546501 50,1,XISU9Y6
2026-10-07 15:37:32,B0V88O8E,Ca.4344752,Ca.4344752,RMDFSZQ6YB9EEJDF,SAFAL Frozen Greenpeas 500 g 8901722060056 102,1,XIT0053
2026-10-07 15:37:32,B0V88O8E,Ca.4344752,Ca.4344752,ICEHMVVFMGZT8XF3,Amul tru Crush 8901262302050 50,1,XIRYD5W
2026-10-07 15:37:32,B0V88O8E,Ca.4344752,Ca.4344752,RMDHG93D2F9GTWSF,McCain Korean Fries 325 g 8906000612774 120,1,XIRP8M2
2026-10-07 15:37:32,B0V88O8E,Ca.4344752,Ca.4344752,ICEH2HFEKGVS5KDS,Baskin Robbins Ice Cream 8906006852969 55,1,XIR9IPD
2026-10-07 15:37:32,B0V88O8E,Ca.4344752,Ca.4344752,ICEHHFDQMTSVNPNF,"MOTHER DAIRY Kulfi 8901648005261, 8901648002260 26",2,XIS6XF5
2026-10-07 15:37:32,B0V88O8E,Ca.4344752,Ca.4344752,ICEHHWEZJCGK5GC9,Giani's Ice Cream Cone 8906057440634 70,4,XISVZ5S
2026-10-07 15:37:32,B0V88O8E,Ca.4344752,Ca.4344752,ICEHMVVFBDMWNGQ6,Amul tru Litchi Lovely Litchi 8901262302470 270,1,XIRDQC7
2026-10-07 15:37:32,B0V88O8E,Ca.4344752,Ca.4344752,ICEHAHKTPCUTUPHB,"Vadilal Sandwich Ice Cream 8901777751114, 8901777760024 30",3,XISJX29
2026-10-07 15:37:32,B0V88O8E,Ca.4344752,Ca.4344752,ICEHNETBATH5UKF7,Hocco Bix Bun Maska 8906172547447 70,1,XIQX0FX
2026-10-07 15:37:32,B0V88O8E,Ca.4344752,Ca.4344752,ICEHACQJZFGKHVJH,Amul Tricone Ice Cream 8901262178211 50,2,XISK4FO
2026-10-07 15:38:01,B0V80I1A,Ca.3975065,Ca.4344752,ICEHACQJKCHY246Z,Amul Malai Kulfi 8901262176446 30,4,XISZ76I
2026-10-07 15:38:01,B0V80I1A,Ca.3975065,Ca.4344752,ICEHACQJYCHWG6GH,Amul Tricone Ice Cream 8901262178204 40,1,XIT56SI
2026-10-07 15:38:01,B0V80I1A,Ca.3975065,Ca.4344752,ICEGY6MTPAHHU8YQ,"Amul Ice Cream 8901262176552, 8901262176736 25",20,XIT571V
2026-10-07 15:38:01,B0V80I1A,Ca.3975065,Ca.4344752,ICEGYGTX2THX5ZFM,Amul Choco Crunch 8901262177139 35,20,XISVS1M
2026-10-07 15:38:01,B0V80I1A,Ca.3975065,Ca.4344752,ICEHACQJAKF5HFU5,Amul Frostik Ice Cream 8901262177016 35,20,XISVR8E
2026-10-07 15:38:01,B0V80I1A,Ca.3975065,Ca.4344752,ICEHACQJ83HFXMEZ,Amul Kulfi 8901262176545 25,2,XISTHNX
2026-10-07 15:38:01,B0V80I1A,Ca.3975065,Ca.4344752,ICEHAHKTGMNXH8E5,Vadilal Cassata 8901777852125 65,2,XISOYP6
2026-10-07 15:39:44,B0V80I06,Ca.4035953,Ca.4344752,ICEHACQJPTFGYVYY,Amul Kulfi 8901262176521 30,20,XIT56OY
2026-10-07 15:39:44,B0V80I06,Ca.4035953,Ca.4344752,ICEGYYWFBAWHYPDJ,Amul Gold 8901262174244 230,1,XIT57QX
2026-10-07 15:39:44,B0V80I06,Ca.4035953,Ca.4344752,ICCH4X7MJH6NGWUY,Rock Ice Party Ice Regular Cubes,1,XIJRDTU
2026-10-07 15:39:44,B0V80I06,Ca.4035953,Ca.4344752,ICEH2DJ7SHCJGX2V,Go Zero Belgian Dark Chocolate Guilt Free Ice Cream Cup 8908019757385 120,1,XIQTMKH
2026-10-07 15:39:44,B0V80I06,Ca.4035953,Ca.4344752,ICCH6ACWWM7W5YXY,BURRF Tube Ice 792649594704,2,XILJYOF
2026-10-07 15:39:44,B0V80I06,Ca.4035953,Ca.4344752,ICEHAKZ6GWAXFYAW,Kwality Wall's Ice Cream Tub 8901030735110 150,2,XISVVTN
2026-10-07 15:39:44,B0V80I06,Ca.4035953,Ca.4344752,ICEGYYWJDPFMR2FW,Amul Ice Cream 8901262172493 230,1,XISX2GK
2026-10-07 15:39:44,B0V80I06,Ca.4035953,Ca.4344752,RMDH9ECCNGXCHAGY,SPT Sweet Corn 500 g 8906068330184 135,2,XISF7O8
2026-10-07 15:39:44,B0V80I06,Ca.4035953,Ca.4344752,ICEHAHKTZXFCYHYV,Vadilal Gourmet Ice Cream Cup 8901777979105 60,1,XISLJEW
2026-10-07 15:39:44,B0V80I06,Ca.4035953,Ca.4344752,ICEHACQJW4GB6SHW,Amul Gold Tricone Ice Cream 8901262178648 40,1,XISSNLF
2026-10-07 15:39:44,B0V80I06,Ca.4035953,Ca.4344752,ICEHACQJAKF5HFU5,Amul Frostik Ice Cream 8901262177016 35,20,XISVR8E
2026-10-07 15:39:44,B0V80I06,Ca.4035953,Ca.4344752,CHEGB6Y6BFP6WQ3G,Amul NA Mozzarella and Cheddar Cheese Diced 200 g 1 8901262020558 125,3,XISX1VJ
2026-10-07 15:39:44,B0V80I06,Ca.4035953,Ca.4344752,ICEH8VUQNJ9H74HX,HAVMOR ICE CREAM Cookie Cake 8904089320399 280,1,XISKPXE
2026-10-07 15:39:44,B0V80I06,Ca.4035953,Ca.4344752,ICEHMVVFPZFGGF3F,Amul tru Tropical Pineapple 8901262302081 50,3,XIRX0BF
2026-10-07 15:43:56,B0V80HIE,Ca.4035953,Ca.4344752,ICEGY6MTZ55TXGDV,Amul Fantasy 8901262173483 215,1,XISTI0F
2026-10-07 15:43:56,B0V80HIE,Ca.4035953,Ca.4344752,ICCH4X7MJH6NGWUY,Rock Ice Party Ice Regular Cubes,2,XIJRDTU
2026-10-07 15:43:56,B0V80HIE,Ca.4035953,Ca.4344752,ICEH8VUQZZMHAA7B,HAVMOR ICE CREAM Cookies N Cream 8904089326834 50,2,XISKUV2
2026-10-07 15:43:56,B0V80HIE,Ca.4035953,Ca.4344752,RMDH3KBHSYGJVCP3,IFB Fresh Catch Prawns Large 200 g 813210000407 215,2,XISPEXI
2026-10-07 15:43:56,B0V80HIE,Ca.4035953,Ca.4344752,ICEH8VUQM5HSGPKN,HAVMOR ICE CREAM Cone 8904089322560 50,6,XISPZ97
2026-10-07 15:43:56,B0V80HIE,Ca.4035953,Ca.4344752,ICCH6ACWWM7W5YXY,BURRF Tube Ice 792649594704,2,XILJYOF
2026-10-07 15:43:56,B0V80HIE,Ca.4035953,Ca.4344752,ICEHAHKTPYFPZHDV,"Vadilal Ice Cream Tub 8901777689141, 8901777709177, 8901777729175, 8901777652176 150",1,XISJTZQ
2026-10-07 15:43:56,B0V80HIE,Ca.4035953,Ca.4344752,ICEGF3Z3WQXYV4PV,"Kwality Wall's Cornetto 8901030771484, 8901030891847 48",3,XIS8WFT
2026-10-07 15:43:56,B0V80HIE,Ca.4035953,Ca.4344752,ICEHMVVFMGZT8XF3,Amul tru Crush 8901262302050 50,1,XIRYD5W
2026-10-07 15:43:56,B0V80HIE,Ca.4035953,Ca.4344752,ICEH8GAUFHHNUZUA,Kwality Wall's Cornetto 8909106032941 40,3,XISF5AU
2026-10-07 15:43:56,B0V80HIE,Ca.4035953,Ca.4344752,ICEH9DCMAMJN4HK3,Hocco Ice Cream 8906172540318 300,1,XISU9U0
2026-10-07 15:43:56,B0V80HIE,Ca.4035953,Ca.4344752,ICEH8VUQGFQGHPQZ,HAVMOR ICE CREAM Ice Cream Cakes 8904089326384 399,2,XISFBQ9
2026-10-07 15:43:56,B0V80HIE,Ca.4035953,Ca.4344752,RMDFSM96BGK3FB9W,SAFAL Greenpeas 200 g 8901722060001 42,2,XISQQZ5
2026-10-07 15:43:56,B0V80HIE,Ca.4035953,Ca.4344752,ICEH9DCMDETG3ZZJ,"Hocco Bix Ice Cream 8906172541209, 8906172542114 84",1,XISUA9J
2026-10-07 15:43:56,B0V80HIE,Ca.4035953,Ca.4344752,ICEH8VUQYMJEWGZJ,HAVMOR ICE CREAM Zulubar 8904089300353 50,2,XISUA3A
2026-10-07 15:43:56,B0V80HIE,Ca.4035953,Ca.4344752,RMDH9ECC7ZZMXNVG,SPT Sweet Corn 200 g 8906068330009 55,1,XIRP9VV
2026-10-07 15:43:56,B0V80HIE,Ca.4035953,Ca.4344752,ICEHJY9THDNSZHVA,Mother Dairy Mewa 8901648012955 35,2,XIRLLIP
2026-10-07 15:43:56,B0V80HIE,Ca.4035953,Ca.4344752,ICEHMVVFPZFGGF3F,Amul tru Tropical Pineapple 8901262302081 50,1,XIRX0BF
2026-10-07 15:44:38,B0V80I10,Ca.3975065,Ca.4344752,SAMG66E4KPJHZHZA,"Amul Khoa Khova 200 g 8901262301138, 8901262050173 105",1,XISX28O
2026-10-07 15:44:38,B0V80I10,Ca.3975065,Ca.4344752,ICEHAP88MHJG4PYU,Kwality Wall's Magnum Brownie 8909106034952 80,1,XISQKPX
2026-10-07 15:44:38,B0V80I10,Ca.3975065,Ca.4344752,ICEHAHKTWJUY5MSE,Vadilal Crunchy Gourmet Ice Cream Tub 8901777816172 210,2,XISKNS5
2026-10-07 15:44:38,B0V80I10,Ca.3975065,Ca.4344752,ICEGF3Z3WQXYV4PV,"Kwality Wall's Cornetto 8901030771484, 8901030891847 48",2,XIS8WFT
2026-10-07 15:44:38,B0V80I10,Ca.3975065,Ca.4344752,ICEH8GAUFHHNUZUA,Kwality Wall's Cornetto 8909106032941 40,3,XISF5AU
2026-10-07 15:44:38,B0V80I10,Ca.3975065,Ca.4344752,RMDFSM96BGK3FB9W,SAFAL Greenpeas 200 g 8901722060001 42,1,XISQQZ5
2026-10-07 15:44:38,B0V80I10,Ca.3975065,Ca.4344752,ICEH8VUQYMJEWGZJ,HAVMOR ICE CREAM Zulubar 8904089300353 50,2,XISUA3A
2026-10-07 15:44:38,B0V80I10,Ca.3975065,Ca.4344752,ICEGF3Z3E8NTJSQX,Kwality Wall's Disc Oreo Cornetto 8901030771699 65,1,XIS3RD6
2026-10-07 15:44:38,B0V80I10,Ca.3975065,Ca.4344752,ICEH8VUQYX7GEXHE,HAVMOR ICE CREAM NA 8904089301497 65,2,XISJYL7
2026-10-07 15:44:38,B0V80I10,Ca.3975065,Ca.4344752,ICEH8GBYYYGHJUCF,Kwality Wall's Choco Sandwich 8901030744563 38,1,XISPYQY
2026-10-07 15:44:38,B0V80I10,Ca.3975065,Ca.4344752,RMDHJCDYYYNEGXVV,Delish Frozen Green Peas 500 g 8904293755512 190,1,XISS4YB
2026-10-07 15:44:38,B0V80I10,Ca.3975065,Ca.4344752,ICEGY6MTZ55TXGDV,Amul Fantasy 8901262173483 215,2,XISTI0F
2026-10-07 15:44:38,B0V80I10,Ca.3975065,Ca.4344752,ICEH8VUQZZMHAA7B,HAVMOR ICE CREAM Cookies N Cream 8904089326834 50,5,XISKUV2
2026-10-07 15:44:38,B0V80I10,Ca.3975065,Ca.4344752,ICEHGWTNXMEJENZM,Vadilal Ice Cream Cone 8901777801420 50,2,XISJ413
2026-10-07 15:44:38,B0V80I10,Ca.3975065,Ca.4344752,RMDHF7AC8MVKJ3QG,McCain French Fries 1 kg 8906000612682 307,1,XIS8TP6
2026-10-07 15:44:38,B0V80I10,Ca.3975065,Ca.4344752,ICEH8GAUTMJHTKMH,Kwality Wall's Aamras Stick 8901030739002 30,1,XIS8V9C
2026-10-07 15:44:38,B0V80I10,Ca.3975065,Ca.4344752,ICEHAHKTPYFPZHDV,"Vadilal Ice Cream Tub 8901777689141, 8901777709177, 8901777729175, 8901777652176 150",2,XISJTZQ
2026-10-07 15:44:38,B0V80I10,Ca.3975065,Ca.4344752,ICEHAKZ6AR2ZGQFC,Kwality Wall's Icecream 8901030735103 190,3,XIR1W5M
2026-10-07 15:44:38,B0V80I10,Ca.3975065,Ca.4344752,RMDH9ECC7ZZMXNVG,SPT Sweet Corn 200 g 8906068330009 55,1,XIRP9VV
2026-10-07 15:44:38,B0V80I10,Ca.3975065,Ca.4344752,ICEHJY9THDNSZHVA,Mother Dairy Mewa 8901648012955 35,2,XIRLLIP
2026-10-07 15:44:38,B0V80I10,Ca.3975065,Ca.4344752,ICEHAHKTTDTG6HYA,Vadilal Ice Cream Cone 8901777751060 40,2,XISKPPF
2026-10-07 15:44:38,B0V80I10,Ca.3975065,Ca.4344752,CHEG7KN8B6GJW2RZ,Go Mozzarella & Cheddar Pizza Cheese Block 200 g 1 8906001023807 150,1,XISIH1C
2026-10-07 15:44:38,B0V80I10,Ca.3975065,Ca.4344752,ICEHAHKTPCUTUPHB,"Vadilal Sandwich Ice Cream 8901777751114, 8901777760024 30",2,XISJX29
2026-10-07 15:44:38,B0V80I10,Ca.3975065,Ca.4344752,ICEGF3Z38DQNMS84,Kwality Walls and Cream Cup 8901030787867 55,1,XISK3I6
2026-10-07 15:44:38,B0V80I10,Ca.3975065,Ca.4344752,ICEHACQJZFGKHVJH,Amul Tricone Ice Cream 8901262178211 50,1,XISK4FO
2026-10-07 15:48:59,B0V88O52,Ca.4035953,Ca.4344752,ICEHACQJPTFGYVYY,Amul Kulfi 8901262176521 30,20,XIT56OY
2026-10-07 15:48:59,B0V88O52,Ca.4035953,Ca.4344752,ICEGY6MTPAHHU8YQ,"Amul Ice Cream 8901262176552, 8901262176736 25",20,XIT571V
2026-10-07 15:48:59,B0V88O52,Ca.4035953,Ca.4344752,ICEHMVVF563JZAVZ,Amul tru Pineapple Tropical Pineapple 8901262302487 270,1,XIRK3BQ
2026-10-07 15:48:59,B0V88O52,Ca.4035953,Ca.4344752,RMDH9ECCX5JWGYFB,"SPT Greenpeas 200 g 8906068330016, 8906068330153 79",2,XIRWPFP
2026-10-07 15:48:59,B0V88O52,Ca.4035953,Ca.4344752,ICEHAHKT4ZRS2WCK,Vadilal NA 8901777868072 60,3,XISCG15
2026-10-07 15:48:59,B0V88O52,Ca.4035953,Ca.4344752,ICEHACQJ83HFXMEZ,Amul Kulfi 8901262176545 25,8,XISTHNX
2026-10-07 15:48:59,B0V88O52,Ca.4035953,Ca.4344752,ICEGYYWJDPFMR2FW,Amul Ice Cream 8901262172493 230,1,XISX2GK
2026-10-07 15:48:59,B0V88O52,Ca.4035953,Ca.4344752,ICEHACQJYCHWG6GH,Amul Tricone Ice Cream 8901262178204 40,1,XIT56SI
2026-10-07 15:48:59,B0V88O52,Ca.4035953,Ca.4344752,ICEGYYWFCVKPBNXZ,Amul Gold 8901262174107 235,1,XISWZ02
2026-10-07 15:48:59,B0V88O52,Ca.4035953,Ca.4344752,ICEGYYWFBAWHYPDJ,Amul Gold 8901262174244 230,2,XISTJJI
2026-10-07 15:48:59,B0V88O52,Ca.4035953,Ca.4344752,ICEHACQJW4GB6SHW,Amul Gold Tricone Ice Cream 8901262178648 40,2,XISSNLF
2026-10-07 15:48:59,B0V88O52,Ca.4035953,Ca.4344752,ICEHACQJAKF5HFU5,Amul Frostik Ice Cream 8901262177016 35,2,XISVR8E
2026-10-07 15:48:59,B0V88O52,Ca.4035953,Ca.4344752,CHEGB6Y6BFP6WQ3G,Amul NA Mozzarella and Cheddar Cheese Diced 200 g 1 8901262020558 125,10,XISX1VJ
2026-10-07 15:48:59,B0V88O52,Ca.4035953,Ca.4344752,ICEGY6MTGH75PGNB,Amul Ice Cream 8901262175845 40,4,XIT57LX
2026-10-07 15:50:47,B0V88OLQ,Ca.4344752,Ca.4344752,ICEH8GAUTMJHTKMH,Kwality Wall's Aamras Stick 8901030739002 35,1,XIRNV6I
2026-10-07 15:50:47,B0V88OLQ,Ca.4344752,Ca.4344752,RMDHJCDYYYNEGXVV,Delish Frozen Green Peas 500 g 8904293755512 190,2,XISS4YB
2026-10-07 15:50:47,B0V88OLQ,Ca.4344752,Ca.4344752,ICEGY6MTZ55TXGDV,Amul Fantasy 8901262173483 215,2,XISTI0F
2026-10-07 15:50:47,B0V88OLQ,Ca.4344752,Ca.4344752,ICCH4X7MJH6NGWUY,Rock Ice Party Ice Regular Cubes,2,XIJRDTU
2026-10-07 15:50:47,B0V88OLQ,Ca.4344752,Ca.4344752,RMDFSM96GZYSBS6H,"McCain Aloo Tikki 400 g 8906000610336, 8906000612842",1,XIPKYPH
2026-10-07 15:50:47,B0V88OLQ,Ca.4344752,Ca.4344752,RMDHF7AC8MVKJ3QG,McCain French Fries 1 kg 8906000612682 307,1,XIS8TP6
2026-10-07 15:50:47,B0V88OLQ,Ca.4344752,Ca.4344752,RMDHE47MTMGWB3A9,Chill Fill French Fries 400 g 8908020813148 150,1,XIRSZWW
2026-10-07 15:50:47,B0V88OLQ,Ca.4344752,Ca.4344752,ICEGF3Z3VCDMNFAS,"Kwality Wall's Double Cornetto 8901030891830, 8901030541650 48",2,XIS8QH8
2026-10-07 15:50:47,B0V88OLQ,Ca.4344752,Ca.4344752,ICEHAHKTWJUY5MSE,Vadilal Crunchy Gourmet Ice Cream Tub 8901777816172 210,1,XISKNS5
2026-10-07 15:50:47,B0V88OLQ,Ca.4344752,Ca.4344752,ICEH8VUQGFQGHPQZ,HAVMOR ICE CREAM Ice Cream Cakes 8904089326384 399,1,XISFBQ9
2026-10-07 15:50:47,B0V88OLQ,Ca.4344752,Ca.4344752,RMDFSM96BGK3FB9W,SAFAL Greenpeas 200 g 8901722060001 42,1,XISQQZ5
2026-10-07 15:50:47,B0V88OLQ,Ca.4344752,Ca.4344752,RMDHJCDYWZHVXJHH,Delish Frozen Green Peas 1 kg 8904293755222 3350,1,XIRZY3C
2026-10-07 15:50:47,B0V88OLQ,Ca.4344752,Ca.4344752,ICEHJY9THDNSZHVA,Mother Dairy Mewa 8901648012955 35,1,XIRLLIP
2026-10-07 15:50:47,B0V88OLQ,Ca.4344752,Ca.4344752,RMDFSM963UHDFS7V,McCain Veggie Nuggets 325 g 8906000610374 169,1,XIRWY9P
2026-10-07 15:50:47,B0V88OLQ,Ca.4344752,Ca.4344752,ICEHMVVFFYYXZBYA,Amul tru Crush 8901262302456 270,2,XIRLKFL
2026-10-07 15:50:47,B0V88OLQ,Ca.4344752,Ca.4344752,CHEH4DJ4SGWPBDJP,Dlecta NA Mozzarella cheese Shredded 140 g 1 8906010090739 109,1,XIS5N48
2026-10-07 15:50:47,B0V88OLQ,Ca.4344752,Ca.4344752,ICEHMVVFPZFGGF3F,Amul tru Tropical Pineapple 8901262302081 50,2,XIRX0BF
2026-10-07 15:55:53,B0V88OK2,Ca.4035953,Ca.4344752,CHEHFFZBFDZMBGM5,"Go Mozzarella and Cheddar Four Cheese Shredded 200 g 1 8906001024798, 8906001025887 180",1,XIS8TO4
2026-10-07 15:55:53,B0V88OK2,Ca.4035953,Ca.4344752,ICEHMVVFSC6WRCTG,Amul tru Charm 8901262302425 50,1,XIRK0WO
2026-10-07 15:55:53,B0V88OK2,Ca.4035953,Ca.4344752,SAMG66E4KPJHZHZA,"Amul Khoa Khova 200 g 8901262301138, 8901262050173 105",1,XISX28O
2026-10-07 15:55:53,B0V88OK2,Ca.4035953,Ca.4344752,RMDHJCDYHTJJQGDT,Delish Frozen Sweet Corn 1 kg 8904293755604 320,1,XIRZY6Z
2026-10-07 15:55:53,B0V88OK2,Ca.4035953,Ca.4344752,ICEH8VUQM5HSGPKN,HAVMOR ICE CREAM Cone 8904089322560 50,1,XISPZ97
2026-10-07 15:55:53,B0V88OK2,Ca.4035953,Ca.4344752,ICEHAP88MHJG4PYU,Kwality Wall's Magnum Brownie 8909106034952 80,1,XISQKPX
2026-10-07 15:55:53,B0V88OK2,Ca.4035953,Ca.4344752,ICEHMVVFG5EZJZZZ,Amul tru Lovely Litchi 8901262302074 50,1,XIRZTCQ
2026-10-07 15:55:53,B0V88OK2,Ca.4035953,Ca.4344752,ICEHAHKTSRRNKADK,Vadilal Almond Fudge Groumet Ice Cream Cup 8901777758106 50,1,XIS25YG
2026-10-07 15:55:53,B0V88OK2,Ca.4035953,Ca.4344752,RMDFSZQ6YB9EEJDF,SAFAL Frozen Greenpeas 500 g 8901722060056 102,2,XIT0053
2026-10-07 15:55:53,B0V88OK2,Ca.4035953,Ca.4344752,ICEH8GAUFHHNUZUA,Kwality Wall's Cornetto 8909106032941 40,2,XISF5AU
2026-10-07 15:55:53,B0V88OK2,Ca.4035953,Ca.4344752,ICEHMVVFFT8GMPDP,Amul tru NA 8901262302432 50,2,XIS4UI5
2026-10-07 15:55:53,B0V88OK2,Ca.4035953,Ca.4344752,RMDFSM966DMNVVKE,"McCain French Fries 420 g 8906000612804, 8906000610053, 8906000612002 110",3,XIRUG96
2026-10-07 15:55:53,B0V88OK2,Ca.4035953,Ca.4344752,ICEHAKZ65UB58GHB,Kwality Wall's Ice Cream 8901030735097 145,3,XISIH6M
2026-10-07 15:55:53,B0V88OK2,Ca.4035953,Ca.4344752,ICEH8VUQYMJEWGZJ,HAVMOR ICE CREAM Zulubar 8904089300353 50,1,XISUA3A
2026-10-07 15:55:53,B0V88OK2,Ca.4035953,Ca.4344752,ICEHAHKTVSDUNZBV,"Vadilal Ice Cream 8901777750063, 8901777750049 60",1,XISM8EW
2026-10-07 15:55:53,B0V88OK2,Ca.4035953,Ca.4344752,ICEHKF7UHMWCVMZ4,Lotte Krunch yoghurt berry crispy crunchy bar 8904089327473 60,1,XIRM961
2026-10-07 15:55:53,B0V88OK2,Ca.4035953,Ca.4344752,ICEH8VUQYX7GEXHE,HAVMOR ICE CREAM NA 8904089301497 65,1,XISJYL7
2026-10-07 15:55:53,B0V88OK2,Ca.4035953,Ca.4344752,ICEHMYF3CBZHM7GB,Amul tru Joy Jackfruit 8901262302418 50,1,XIRLONP
2026-10-07 15:55:53,B0V88OK2,Ca.4035953,Ca.4344752,ICEH8GBYYYGHJUCF,Kwality Wall's Choco Sandwich 8901030744563 38,2,XISPYQY
2026-10-07 15:55:53,B0V88OK2,Ca.4035953,Ca.4344752,RMDGCXJCGJFZYBGD,SWITZ Puff Dough Paratha 5 Pieces 400 g 8906018140429 83,1,XIRXS45
2026-10-07 15:55:53,B0V88OK2,Ca.4035953,Ca.4344752,ICEH8VUQZZMHAA7B,HAVMOR ICE CREAM Cookies N Cream 8904089326834 50,1,XISKUV2
2026-10-07 15:55:53,B0V88OK2,Ca.4035953,Ca.4344752,ICEHGWTNXMEJENZM,Vadilal Ice Cream Cone 8901777801420 50,2,XISJ413
2026-10-07 15:55:53,B0V88OK2,Ca.4035953,Ca.4344752,ICEHMQFW2BU5QFPR,Giani's Ice Cream Cup 8906057440054 50,3,XISVZ2B
2026-10-07 15:55:53,B0V88OK2,Ca.4035953,Ca.4344752,ICEHAHKTFHHCAHQP,"Vadilal Ice Cream Cone 8901777751091, 8901777957080 35",2,XISJTQ2
2026-10-07 15:55:53,B0V88OK2,Ca.4035953,Ca.4344752,ICEHAHKTPYFPZHDV,"Vadilal Ice Cream Tub 8901777689141, 8901777709177, 8901777729175, 8901777652176 150",1,XISJTZQ
2026-10-07 15:55:53,B0V88OK2,Ca.4035953,Ca.4344752,ICEHKBGYYUH3UGHG,Huber & Holly Ice Cream 8906172546570 70,1,XIRUHLB
2026-10-07 15:55:53,B0V88OK2,Ca.4035953,Ca.4344752,ICEHMVVFMGZT8XF3,Amul tru Crush 8901262302050 50,1,XIRYD5W
2026-10-07 15:55:53,B0V88OK2,Ca.4035953,Ca.4344752,RMDH9ECC7ZZMXNVG,SPT Sweet Corn 200 g 8906068330009 55,2,XIRP9VV
2026-10-07 15:55:53,B0V88OK2,Ca.4035953,Ca.4344752,ICEHHWEZJCGK5GC9,Giani's Ice Cream Cone 8906057440634 70,4,XISVZ5S
2026-10-07 15:55:53,B0V88OK2,Ca.4035953,Ca.4344752,ICEHAHKTTDTG6HYA,Vadilal Ice Cream Cone 8901777751060 40,1,XISKPPF
2026-10-07 15:55:53,B0V88OK2,Ca.4035953,Ca.4344752,CHEG7KN8B6GJW2RZ,Go Mozzarella & Cheddar Pizza Cheese Block 200 g 1 8906001023807 150,2,XISIH1C
2026-10-07 15:55:53,B0V88OK2,Ca.4035953,Ca.4344752,ICEHMVVFBDMWNGQ6,Amul tru Litchi Lovely Litchi 8901262302470 270,1,XIRDQC7
2026-10-07 15:55:53,B0V88OK2,Ca.4035953,Ca.4344752,RMDFSM96HJ3RHYF4,McCain Burger Patty 360 g 8906000610251 130,1,XIRW3UW
2026-10-07 15:55:53,B0V88OK2,Ca.4035953,Ca.4344752,ICEHAHKTPCUTUPHB,"Vadilal Sandwich Ice Cream 8901777751114, 8901777760024 30",2,XISJX29
2026-10-07 15:55:53,B0V88OK2,Ca.4035953,Ca.4344752,ICEGF3Z38DQNMS84,Kwality Walls and Cream Cup 8901030787867 55,1,XISK3I6
2026-10-07 15:55:53,B0V88OK2,Ca.4035953,Ca.4344752,ICEHACQJZFGKHVJH,Amul Tricone Ice Cream 8901262178211 50,1,XISK4FO
2026-10-07 16:03:57,B0V80HKW,Ca.4035953,ca.4263309,SAMG66E4KPJHZHZA,"Amul Khoa Khova 200 g 8901262301138, 8901262050173 105",4,XISX28O
2026-10-07 16:03:57,B0V80HKW,Ca.4035953,ca.4263309,ICEH8VUQM5HSGPKN,HAVMOR ICE CREAM Cone 8904089322560 50,8,XISPZ97
2026-10-07 16:03:57,B0V80HKW,Ca.4035953,ca.4263309,ICEH8GBYCGZVYGSR,Kwality Wall's Magnum Ice Cream Stick 8909106032385 80,1,XIPWES4
2026-10-07 16:03:57,B0V80HKW,Ca.4035953,ca.4263309,ICEHAHKTSRRNKADK,Vadilal Almond Fudge Groumet Ice Cream Cup 8901777758106 50,3,XIS25YG
2026-10-07 16:03:57,B0V80HKW,Ca.4035953,ca.4263309,ICEH8AD8T2DQGUHP,Go Zero Guilt Free Ice Cream Cone 8908019757941 110,1,XIT0T7Q
2026-10-07 16:03:57,B0V80HKW,Ca.4035953,ca.4263309,ICEHHWEZA73ZG6YH,Giani's Ice Cream Cup 8906057440092 65,1,XISZX40
2026-10-07 16:03:57,B0V80HKW,Ca.4035953,ca.4263309,ICEH8GAUFHHNUZUA,Kwality Wall's Cornetto 8909106032941 40,4,XISF5AU
2026-10-07 16:03:57,B0V80HKW,Ca.4035953,ca.4263309,ICEH9DCMDETG3ZZJ,"Hocco Bix Ice Cream 8906172541209, 8906172542114 84",2,XISUA9J
2026-10-07 16:03:57,B0V80HKW,Ca.4035953,ca.4263309,ICEH8VUQYMJEWGZJ,HAVMOR ICE CREAM Zulubar 8904089300353 50,3,XISUA3A
2026-10-07 16:03:57,B0V80HKW,Ca.4035953,ca.4263309,ICEH8VUQYX7GEXHE,HAVMOR ICE CREAM NA 8904089301497 65,3,XISJYL7
2026-10-07 16:03:57,B0V80HKW,Ca.4035953,ca.4263309,ICEGYYWF22GVZGTE,Amul Lactose Free Ice Cream 8901262178341 35,4,XIR2KF5
2026-10-07 16:03:57,B0V80HKW,Ca.4035953,ca.4263309,ICEHGXNGZEWZ53QR,MAGNUM Caramel Pop 8721274500233 70,1,XISFW8V
2026-10-07 16:03:57,B0V80HKW,Ca.4035953,ca.4263309,ICEHMYF3HQHJFGHX,Amul tru Santra Mantra 8901262302647 50,1,XIRDQTI
2026-10-07 16:03:57,B0V80HKW,Ca.4035953,ca.4263309,ICEHJNHFJPSJFESU,"Kwality Walls Cornetto Crunch 8721274500400, 8721274500202 45",1,XIQLRE0
2026-10-07 16:03:57,B0V80HKW,Ca.4035953,ca.4263309,ICEH8VUQAVAWUVGF,HAVMOR ICE CREAM Cookies Sandwich 8904089310444 60,1,XISFBK5
2026-10-07 16:03:57,B0V80HKW,Ca.4035953,ca.4263309,ICEH8VUQUSXHGQJX,"HAVMOR ICE CREAM Zulubar Dark Crunch 8904089325943, 8904089311298 50",4,XISPZDG
2026-10-07 16:03:57,B0V80HKW,Ca.4035953,ca.4263309,ICEH8VUQZZMHAA7B,HAVMOR ICE CREAM Cookies N Cream 8904089326834 50,3,XISKUV2
2026-10-07 16:03:57,B0V80HKW,Ca.4035953,ca.4263309,ICEHBDZ2GDMXXEGG,"Amul Sundae Khatta Meetha Icecream 8901262177429, 8901262177436 28",1,XIQYD16
2026-10-07 16:03:57,B0V80HKW,Ca.4035953,ca.4263309,ICEHMQFW2BU5QFPR,Giani's Ice Cream Cup 8906057440054 50,1,XISVZ2B
2026-10-07 16:03:57,B0V80HKW,Ca.4035953,ca.4263309,ICEHMQFW9KCPS6QD,Giani's Ice Cream Cup 8906057441747 70,1,XIS79KO
2026-10-07 16:03:57,B0V80HKW,Ca.4035953,ca.4263309,ICEHKBGYYUH3UGHG,Huber & Holly Ice Cream 8906172546570 70,1,XIRUHLB
2026-10-07 16:03:57,B0V80HKW,Ca.4035953,ca.4263309,ICEHAHKTCPAKSZX8,Vadilal Choco Crunch Ice Cream 8901777948040 50,3,XISE2LI
2026-10-07 16:03:57,B0V80HKW,Ca.4035953,ca.4263309,ICEHKBGYVSVEZN96,Huber & Holly Spark Sorbet Candy 8906172546471 70,1,XIQL48J
2026-10-07 16:03:57,B0V80HKW,Ca.4035953,ca.4263309,ICEHHWEZJCGK5GC9,Giani's Ice Cream Cone 8906057440634 70,4,XISVZ5S
2026-10-07 16:03:57,B0V80HKW,Ca.4035953,ca.4263309,ICEHJY9THDNSZHVA,Mother Dairy Mewa 8901648012955 35,4,XIRLLIP
2026-10-07 16:03:57,B0V80HKW,Ca.4035953,ca.4263309,ICEHAHKTTDTG6HYA,Vadilal Ice Cream Cone 8901777751060 40,1,XISKPPF
2026-10-07 16:03:57,B0V80HKW,Ca.4035953,ca.4263309,RMDHFJ4E49CVV56B,Prasuma Cheesy Spicy Veg Momos 10 Pieces 8906107170375 195,4,XIS9TKF
2026-10-07 16:03:57,B0V80HKW,Ca.4035953,ca.4263309,ICEHAHKTPCUTUPHB,"Vadilal Sandwich Ice Cream 8901777751114, 8901777760024 30",2,XISJX29
2026-10-07 16:03:57,B0V80HKW,Ca.4035953,ca.4263309,ICEGF3Z38DQNMS84,Kwality Walls and Cream Cup 8901030787867 55,1,XISK3I6
2026-10-07 16:15:44,B0V7SMVY,Ca.4035953,Ca.3975065,CHCHF8CJYEBNZABZ,"NESTLE Kitkat Cele Break Mini Gift Box Chocolate Dark Chocolate 181.5 g {"""":""""} {""ean"":""8901058026658""} 157",1,XISGMU5
2026-10-07 16:15:44,B0V7SMVY,Ca.4035953,Ca.3975065,CHCEWXEHNUTNFAQU,"Cadbury Dairy Milk Silk Fruit & Nut Chocolate Milk Chocolate 51 g {""customer_note"":""Image/design may vary""} {""ean"":""7622202326028, 7622202842368""} 95",8,XISIJT9
2026-10-07 16:15:44,B0V7SMVY,Ca.4035953,Ca.3975065,CHCH6PWTX6D9ZRFH,"Cadbury Assorted Mini Treats Chocolate Milk Chocolate 126.7 g {""customer_note"":""Image/design may vary""} {""ean"":""7622202848742, 7622202815423, 7622202305856, 7622202335358""} 133",1,XISM3OO
2026-10-07 16:15:44,B0V7SMVY,Ca.4035953,Ca.3975065,CHEEZWYRZQGXA5FA,Go NA Processed cheese Slices 200 g 1 8906001020196 169,1,XISMDB5
2026-10-07 16:15:44,B0V7SMVY,Ca.4035953,Ca.3975065,CHCHMAP3W2RPMEMC,"Smoor Roasted Almond Cocoa Snaps Chocolate Dark Chocolate 60 g {"""":""""} {""ean"":""8904303415771, 8904303412619""} 260",1,XISOCJ8
2026-10-07 16:15:44,B0V7SMVY,Ca.4035953,Ca.3975065,BUTEZ3B93EPCJTTV,Amul NA Unsalted Butter 100 g 8901262010085 65,4,XIS4TPV
2026-10-07 16:15:44,B0V7SMVY,Ca.4035953,Ca.3975065,CHCEWXEHUT2GZHXJ,"Cadbury Dairy Milk Shots Balls Chocolate Milk Chocolate 185.6 g {""customer_note"":""Image/design may vary""} {""ean"":""7622202307195, 7622201448837""} 116",5,XISJ5CW
2026-10-07 16:15:44,B0V7SMVY,Ca.4035953,Ca.3975065,CHCEWXEHQJDGFCNJ,"Cadbury Dairy Milk Chocolate Milk Chocolate 20.2 g {""customer_note"":""Image/design may vary""} {""ean"":""7622202398698, 7622202328800, 7622202272639, 7622201149406, 7622202818363, 7622202324260""} 20",10,XISYJIS
2026-10-07 16:15:44,B0V7SMVY,Ca.4035953,Ca.3975065,CHCGZYFRQGHSRSVW,"Cadbury 5 Star Kitted Chocolate Milk Chocolate 96 g {""customer_note"":""Image/design may vary""} {""ean"":""7622202315237, 7622202218262, 7622202318320""} 60",8,XISM49K
2026-10-07 16:15:44,B0V7SMVY,Ca.4035953,Ca.3975065,PTFH9WBCCWQXZ5HU,"ProPlant Plain Tofu 200 g 8908003398006, 8908003398532 80",4,XISWU66
2026-10-07 16:15:44,B0V7SMVY,Ca.4035953,Ca.3975065,CHCHQ4ZEAAGG6Y5V,"Kinder Anar Pack Milk Chocolate 93.6 g {""customer_note"":""""} {""ean"":""8000500479247""} 399",1,XIT2I8Z
2026-10-07 16:15:44,B0V7SMVY,Ca.4035953,Ca.3975065,CHCGP3736ARAJNNB,"Cadbury Dairy Milk Family Chocolate Milk Chocolate 112 g {""customer_note"":""Image/design may vary""} {""ean"":""7622202324604, 7622202346385, 7622202025426, 7622202245619""} 130",3,XIRUH9U
2026-10-07 16:15:44,B0V7SMVY,Ca.4035953,Ca.3975065,PTFH9WBCACJ9MYDA,"ProPlant Masala Tofu 200 g 8908003398549, 8908003398020 90",3,XIT0P9T
2026-10-07 16:15:44,B0V7SMVY,Ca.4035953,Ca.3975065,CUYF4Z6GVZ5C8CAU,EPIGAMIA Alphonso Mango yogurt Greek Yogurt 85 g 8906059635014 55,1,XISZ0LV
2026-10-07 16:15:44,B0V7SMVY,Ca.4035953,Ca.3975065,BUTFBQSTM8HVSPWJ,Delicious NA Fat Spread 100 g 8901262140041 25,1,XISZ9O2
2026-10-07 16:15:44,B0V7SMVY,Ca.4035953,Ca.3975065,BUTFZ9C8YVUCHRHG,Nutralite Doodhshakti Probiotic Butter Spread 100 g 8901548310397 63,4,XISUEAF
2026-10-07 16:15:44,B0V7SMVY,Ca.4035953,Ca.3975065,PTFHE2E9HXDKMAGK,Frubon High Protein Paneer 200 g 8906129282742 110,2,XIT4BR8
2026-10-07 16:15:44,B0V7SMVY,Ca.4035953,Ca.3975065,WFWEU7NTGPMUDW85,"NESTLE Kitkat Coated Wafer Chocolate Milk Chocolate 18.5 g {"""":""""} {""ean"":""8901058016116, 8901058015171, 8901058033045""} 20",13,XIRCDOO
2026-10-07 16:15:44,B0V7SMVY,Ca.4035953,Ca.3975065,PTFEZWF2MHG2H5FK,Gowardhan Block Paneer 200 g 8906001021278 120,1,XISTA6X
2026-10-07 16:29:32,B0V7SNFY,Ca.4035953,Ca.3975065,ICEHBDZ2RDWZTQ6X,"Amul Asli Aam Gold Ice Cream Stick 8901262300551, 8901262178235 30",2,XISKPU0
2026-10-07 16:29:32,B0V7SNFY,Ca.4035953,Ca.3975065,ICEHACQJAKF5HFU5,Amul Frostik Ice Cream 8901262177016 35,20,XISVR8E
2026-10-07 16:29:32,B0V7SNFY,Ca.4035953,Ca.3975065,ICEGYYWJKGTXMDYM,Amul Brownie Ice Cream 8901262172448 230,3,XISWB3C
2026-10-07 16:29:32,B0V7SNFY,Ca.4035953,Ca.3975065,ICEHAHKT4ZRS2WCK,Vadilal NA 8901777868072 60,3,XISCG15
2026-10-07 16:29:32,B0V7SNFY,Ca.4035953,Ca.3975065,ICEHACQJ83HFXMEZ,Amul Kulfi 8901262176545 25,20,XISTHNX
2026-10-07 16:29:32,B0V7SNFY,Ca.4035953,Ca.3975065,ICEHK66833KFFGDE,Kwality Walls Kesar Bhog IC TUB 8721274500431 250,4,XIPZAOQ
2026-10-07 16:34:01,B0V80HZM,Ca.4035953,Ca.3975065,ICEHACQJAKF5HFU5,Amul Frostik Ice Cream 8901262177016 35,16,XISVR8E
2026-10-07 16:37:51,B0V88OKC,Ca.4035953,Ca.3975065,ICEGYYWFCVKPBNXZ,Amul Gold 8901262174107 235,2,XISWZ02
2026-10-07 16:37:51,B0V88OKC,Ca.4035953,Ca.3975065,ICEGYGTX2THX5ZFM,Amul Choco Crunch 8901262177139 35,40,XISVS1M
2026-10-07 16:37:51,B0V88OKC,Ca.4035953,Ca.3975065,RMDFSM96SJBKWYSK,"SAFAL Frozen Mixed Vegetables 500 g 8901722061053, 8901722066355, 8901722061077 80",2,XISCR0K
2026-10-07 16:37:51,B0V88OKC,Ca.4035953,Ca.3975065,ICEGYYWJKGTXMDYM,Amul Brownie Ice Cream 8901262172448 230,4,XISWB3C
2026-10-07 16:37:51,B0V88OKC,Ca.4035953,Ca.3975065,ICEHACQJ83HFXMEZ,Amul Kulfi 8901262176545 25,11,XISTHNX
2026-10-07 16:41:57,B0V80HSE,Ca.4035953,Ca.3975065,ICEGYYWFMHYWB7J2,Amul Ice Cream Gold 8901262174114 260,1,XIRLKHU
2026-10-07 16:41:57,B0V80HSE,Ca.4035953,Ca.3975065,ICEHACQJPTFGYVYY,Amul Kulfi 8901262176521 30,20,XIT56OY
2026-10-07 16:41:57,B0V80HSE,Ca.4035953,Ca.3975065,ICEGY6MTPAHHU8YQ,"Amul Ice Cream 8901262176552, 8901262176736 25",20,XIT571V
2026-10-07 16:41:57,B0V80HSE,Ca.4035953,Ca.3975065,ICEHBDZ2RDWZTQ6X,"Amul Asli Aam Gold Ice Cream Stick 8901262300551, 8901262178235 30",3,XISKPU0
2026-10-07 16:41:57,B0V80HSE,Ca.4035953,Ca.3975065,ICEHACQJ83HFXMEZ,Amul Kulfi 8901262176545 25,20,XISTHNX
2026-10-07 16:41:57,B0V80HSE,Ca.4035953,Ca.3975065,CHEGB6Y6BFP6WQ3G,Amul NA Mozzarella and Cheddar Cheese Diced 200 g 1 8901262020558 125,4,XISX1VJ
2026-10-07 16:41:57,B0V80HSE,Ca.4035953,Ca.3975065,ICEHAHKTGMNXH8E5,Vadilal Cassata 8901777852125 65,5,XISOYP6
2026-10-07 16:41:57,B0V80HSE,Ca.4035953,Ca.3975065,ICEGY6MTGH75PGNB,Amul Ice Cream 8901262175845 40,5,XIT57LX
2026-10-07 16:46:40,B0V88OGG,Ca.4035953,Ca.3975065,ICEHAHKTZYQY89XR,Vadilal Cassata Cake 8901777852132 340,1,XISOGU6
2026-10-07 16:48:53,B0V88ODE,Ca.4035953,Ca.3975065,ICEHAKZ65UB58GHB,Kwality Wall's Ice Cream 8901030735097 145,1,XISIH6M
2026-10-07 16:48:53,B0V88ODE,Ca.4035953,Ca.3975065,ICCH6ACWWM7W5YXY,BURRF Tube Ice 792649594704,3,XILJYOF
2026-10-07 16:48:53,B0V88ODE,Ca.4035953,Ca.3975065,ICEH9DCMGHFMMHYC,Hocco Chillo Dark Cone Ice Cream 8906172540912 50,12,XISPEB2
2026-10-07 16:48:53,B0V88ODE,Ca.4035953,Ca.3975065,ICEGF3Z53G8QMYBY,Kwality Wall's Tub 8901030735363 290,1,XISQL5O
2026-10-07 16:48:53,B0V88ODE,Ca.4035953,Ca.3975065,ICEHACQJAKF5HFU5,Amul Frostik Ice Cream 8901262177016 35,40,XISVR8E
2026-10-07 16:48:53,B0V88ODE,Ca.4035953,Ca.3975065,ICEGYYWJ3HZ5VYMX,Amul Sundae Magic 8901262178075 135,1,XIQUCJD
2026-10-07 16:53:58,B0V80HVG,Ca.4035953,Ca.3975065,ICEHHWEZJCGK5GC9,Giani's Ice Cream Cone 8906057440634 35,1,XISSTJU
2026-10-07 16:53:58,B0V80HVG,Ca.4035953,Ca.3975065,SAMG66E4KPJHZHZA,"Amul Khoa Khova 200 g 8901262301138, 8901262050173 105",2,XISX28O
2026-10-07 16:53:58,B0V80HVG,Ca.4035953,Ca.3975065,ICEHAHKTMYCKZFDP,"Vadilal Flingo Ice Cream Cone 8901777729083, 8901777751022 40",1,XISOYHD
2026-10-07 16:53:58,B0V80HVG,Ca.4035953,Ca.3975065,RMDHJCDYHTJJQGDT,Delish Frozen Sweet Corn 1 kg 8904293755604 320,1,XIRZY6Z
2026-10-07 16:53:58,B0V80HVG,Ca.4035953,Ca.3975065,ICEH8VUQM5HSGPKN,HAVMOR ICE CREAM Cone 8904089322560 50,8,XISPZ97
2026-10-07 16:53:58,B0V80HVG,Ca.4035953,Ca.3975065,ICEHMVVFG5EZJZZZ,Amul tru Lovely Litchi 8901262302074 50,1,XIRZTCQ
2026-10-07 16:53:58,B0V80HVG,Ca.4035953,Ca.3975065,ICEHAKZ6GWAXFYAW,Kwality Wall's Ice Cream Tub 8901030735110 150,1,XISVVTN
2026-10-07 16:53:58,B0V80HVG,Ca.4035953,Ca.3975065,ICEGF3Z3WQXYV4PV,"Kwality Wall's Cornetto 8901030771484, 8901030891847 48",1,XIS8WFT
2026-10-07 16:53:58,B0V80HVG,Ca.4035953,Ca.3975065,RMDFSZQ6YB9EEJDF,SAFAL Frozen Greenpeas 500 g 8901722060056 102,1,XIT0053
2026-10-07 16:53:58,B0V80HVG,Ca.4035953,Ca.3975065,ICEH8GAUFHHNUZUA,Kwality Wall's Cornetto 8909106032941 40,1,XISF5AU
2026-10-07 16:53:58,B0V80HVG,Ca.4035953,Ca.3975065,RMDFSM96BGK3FB9W,SAFAL Greenpeas 200 g 8901722060001 42,2,XISQQZ5
2026-10-07 16:53:58,B0V80HVG,Ca.4035953,Ca.3975065,ICEH8VUQYMJEWGZJ,HAVMOR ICE CREAM Zulubar 8904089300353 50,1,XISUA3A
2026-10-07 16:53:58,B0V80HVG,Ca.4035953,Ca.3975065,ICEGF3Z3E8NTJSQX,Kwality Wall's Disc Oreo Cornetto 8901030771699 65,1,XIS3RD6
2026-10-07 16:53:58,B0V80HVG,Ca.4035953,Ca.3975065,ICEH8VUQYX7GEXHE,HAVMOR ICE CREAM NA 8904089301497 65,1,XISJYL7
2026-10-07 16:53:58,B0V80HVG,Ca.4035953,Ca.3975065,ICEHJNHFJPSJFESU,"Kwality Walls Cornetto Crunch 8721274500400, 8721274500202 45",1,XIQLRE0
2026-10-07 16:53:58,B0V80HVG,Ca.4035953,Ca.3975065,ICEH8GBYYYGHJUCF,Kwality Wall's Choco Sandwich 8901030744563 38,1,XISPYQY
2026-10-07 16:53:58,B0V80HVG,Ca.4035953,Ca.3975065,ICEGY6MTZ55TXGDV,Amul Fantasy 8901262173483 215,1,XISTI0F
2026-10-07 16:53:58,B0V80HVG,Ca.4035953,Ca.3975065,ICEH8VUQZZMHAA7B,HAVMOR ICE CREAM Cookies N Cream 8904089326834 50,2,XISKUV2
2026-10-07 16:53:58,B0V80HVG,Ca.4035953,Ca.3975065,ICEHGWTNXMEJENZM,Vadilal Ice Cream Cone 8901777801420 50,2,XISJ413
2026-10-07 16:53:58,B0V80HVG,Ca.4035953,Ca.3975065,ICEHBDZ2GDMXXEGG,"Amul Sundae Khatta Meetha Icecream 8901262177429, 8901262177436 28",1,XIQYD16
2026-10-07 16:53:58,B0V80HVG,Ca.4035953,Ca.3975065,RMDHF7AC8MVKJ3QG,McCain French Fries 1 kg 8906000612682 307,1,XIS8TP6
2026-10-07 16:53:58,B0V80HVG,Ca.4035953,Ca.3975065,RMDHE47MTMGWB3A9,Chill Fill French Fries 400 g 8908020813148 150,1,XIRSZWW
2026-10-07 16:53:58,B0V80HVG,Ca.4035953,Ca.3975065,ICCH6ACWWM7W5YXY,BURRF Tube Ice 792649594704,3,XILJYOF
2026-10-07 16:53:58,B0V80HVG,Ca.4035953,Ca.3975065,ICEHAHKTPYFPZHDV,"Vadilal Ice Cream Tub 8901777689141, 8901777709177, 8901777729175, 8901777652176 150",2,XISJTZQ
2026-10-07 16:53:58,B0V80HVG,Ca.4035953,Ca.3975065,ICEHAHKTCPAKSZX8,Vadilal Choco Crunch Ice Cream 8901777948040 50,1,XISE2LI
2026-10-07 16:53:58,B0V80HVG,Ca.4035953,Ca.3975065,ICEHMVVFYGHGEGDK,Amul tru Mania 8901262302463 270,1,XIROIC4
2026-10-07 16:53:58,B0V80HVG,Ca.4035953,Ca.3975065,ICEHJY9THDNSZHVA,Mother Dairy Mewa 8901648012955 35,1,XIRLLIP
2026-10-07 16:53:58,B0V80HVG,Ca.4035953,Ca.3975065,ICEHAHKTTDTG6HYA,Vadilal Ice Cream Cone 8901777751060 40,3,XISKPPF
2026-10-07 16:53:58,B0V80HVG,Ca.4035953,Ca.3975065,ICEHAHKTPCUTUPHB,"Vadilal Sandwich Ice Cream 8901777751114, 8901777760024 30",2,XISJX29
2026-10-07 16:53:58,B0V80HVG,Ca.4035953,Ca.3975065,ICEGF3Z38DQNMS84,Kwality Walls and Cream Cup 8901030787867 55,1,XISK3I6
2026-10-07 17:03:10,B0V80HS4,Ca.4035953,Ca.3975065,ICEGYYWFBAWHYPDJ,Amul Gold 8901262174244 230,1,XIT57QX
2026-10-07 17:03:10,B0V80HS4,Ca.4035953,Ca.3975065,ICEGY6MTZ55TXGDV,Amul Fantasy 8901262173483 215,1,XISTI0F
2026-10-07 17:03:10,B0V80HS4,Ca.4035953,Ca.3975065,ICEH8VUQJYXSFEKP,HAVMOR ICE CREAM Cakes 8904089308045 340,1,XISF7V1
2026-10-07 17:03:10,B0V80HS4,Ca.4035953,Ca.3975065,ICEHNETBFUERZXPJ,Hocco Leemo 8906214810027 100,1,XIQXOR7
2026-10-07 17:03:10,B0V80HS4,Ca.4035953,Ca.3975065,ICCH6ACWWM7W5YXY,BURRF Tube Ice 792649594704,1,XILJYOF
2026-10-07 17:03:10,B0V80HS4,Ca.4035953,Ca.3975065,ICEHAKZ6GWAXFYAW,Kwality Wall's Ice Cream Tub 8901030735110 150,1,XISVVTN
2026-10-07 17:03:10,B0V80HS4,Ca.4035953,Ca.3975065,RMDFSM96TND6BHUH,SAFAL Sweet Corn 500 g 8901722066355 100,2,XISCQY3
2026-10-07 17:03:10,B0V80HS4,Ca.4035953,Ca.3975065,ICEH8VUQGFQGHPQZ,HAVMOR ICE CREAM Ice Cream Cakes 8904089326384 399,2,XISFBQ9
2026-10-07 17:03:10,B0V80HS4,Ca.4035953,Ca.3975065,RMDFSM96BGK3FB9W,SAFAL Greenpeas 200 g 8901722060001 42,6,XISQQZ5
2026-10-07 17:03:10,B0V80HS4,Ca.4035953,Ca.3975065,RMDFSM96FHFNKU8G,McCain Potato Cheese Shotz 250 g 8906000610688 165,3,XIRAC1X
2026-10-07 17:03:10,B0V80HS4,Ca.4035953,Ca.3975065,RMDHJCDYWZHVXJHH,Delish Frozen Green Peas 1 kg 8904293755222 3350,1,XIRZY3C
2026-10-07 17:03:10,B0V80HS4,Ca.4035953,Ca.3975065,ICEHAHKTZXFCYHYV,Vadilal Gourmet Ice Cream Cup 8901777979105 60,1,XISLJEW
2026-10-07 17:03:10,B0V80HS4,Ca.4035953,Ca.3975065,ICEHACQJW4GB6SHW,Amul Gold Tricone Ice Cream 8901262178648 40,5,XISSNLF
2026-10-07 17:03:10,B0V80HS4,Ca.4035953,Ca.3975065,ICEHACQJAKF5HFU5,Amul Frostik Ice Cream 8901262177016 35,20,XISVR8E
2026-10-07 17:07:22,B0V80I5Q,Ca.4035953,Ca.3975065,ICEHAHKTMYCKZFDP,"Vadilal Flingo Ice Cream Cone 8901777729083, 8901777751022 40",2,XISOYHD
2026-10-07 17:07:22,B0V80I5Q,Ca.4035953,Ca.3975065,ICEH8VUQJYXSFEKP,HAVMOR ICE CREAM Cakes 8904089308045 340,1,XISF7V1
2026-10-07 17:07:22,B0V80I5Q,Ca.4035953,Ca.3975065,ICEHMQFW2BU5QFPR,Giani's Ice Cream Cup 8906057440054 50,1,XISVZ2B
2026-10-07 17:07:22,B0V80I5Q,Ca.4035953,Ca.3975065,ICEH8VUQM5HSGPKN,HAVMOR ICE CREAM Cone 8904089322560 50,4,XISPZ97
2026-10-07 17:07:22,B0V80I5Q,Ca.4035953,Ca.3975065,ICEH9DCMGHFMMHYC,Hocco Chillo Dark Cone Ice Cream 8906172540912 50,3,XISPEB2
2026-10-07 17:07:22,B0V80I5Q,Ca.4035953,Ca.3975065,ICEGYGTX2THX5ZFM,Amul Choco Crunch 8901262177139 35,20,XISVS1M
2026-10-07 17:07:22,B0V80I5Q,Ca.4035953,Ca.3975065,ICEH8GAUFHHNUZUA,Kwality Wall's Cornetto 8909106032941 40,2,XISF5AU
2026-10-07 17:07:22,B0V80I5Q,Ca.4035953,Ca.3975065,ICEHACQJ83HFXMEZ,Amul Kulfi 8901262176545 25,11,XISTHNX
2026-10-07 17:07:22,B0V80I5Q,Ca.4035953,Ca.3975065,ICEHACQJYCHWG6GH,Amul Tricone Ice Cream 8901262178204 40,3,XIT56SI
2026-10-07 17:07:22,B0V80I5Q,Ca.4035953,Ca.3975065,ICEHHWEZJCGK5GC9,Giani's Ice Cream Cone 8906057440634 70,1,XISVZ5S
2026-10-07 17:07:22,B0V80I5Q,Ca.4035953,Ca.3975065,ICEH8VUQYX7GEXHE,HAVMOR ICE CREAM NA 8904089301497 65,1,XISJYL7
2026-10-07 17:07:22,B0V80I5Q,Ca.4035953,Ca.3975065,ICEHACQJAKF5HFU5,Amul Frostik Ice Cream 8901262177016 35,20,XISVR8E
2026-10-07 17:07:22,B0V80I5Q,Ca.4035953,Ca.3975065,ICEGY6MTGH75PGNB,Amul Ice Cream 8901262175845 40,3,XIT57LX
2026-10-07 17:15:21,B0V88OCA,Ca.4035953,Ca.3975065,ICEH8VUQAVAWUVGF,HAVMOR ICE CREAM Cookies Sandwich 8904089310444 60,1,XISFBK5
2026-10-07 17:15:21,B0V88OCA,Ca.4035953,Ca.3975065,ICEH8VUQUSXHGQJX,"HAVMOR ICE CREAM Zulubar Dark Crunch 8904089325943, 8904089311298 50",3,XISPZDG
2026-10-07 17:15:21,B0V88OCA,Ca.4035953,Ca.3975065,RMDHE47MAWYQVGZP,Chill Fill Veggie Fingers 400 g 8908020813209 175,4,XISQ1E1
2026-10-07 17:15:21,B0V88OCA,Ca.4035953,Ca.3975065,ICEH8VUQZZMHAA7B,HAVMOR ICE CREAM Cookies N Cream 8904089326834 50,12,XISKUV2
2026-10-07 17:15:21,B0V88OCA,Ca.4035953,Ca.3975065,ICEHMQFW2BU5QFPR,Giani's Ice Cream Cup 8906057440054 50,5,XISVZ2B
2026-10-07 17:15:21,B0V88OCA,Ca.4035953,Ca.3975065,ICEH9DCMWRJR9WMY,"Hocco Bix Ice Cream 8906172541193, 8906172542107, 8906172541193 80",1,XISU9V6
2026-10-07 17:15:21,B0V88OCA,Ca.4035953,Ca.3975065,ICEHAHKTSRRNKADK,Vadilal Almond Fudge Groumet Ice Cream Cup 8901777758106 50,1,XIS25YG
2026-10-07 17:15:21,B0V88OCA,Ca.4035953,Ca.3975065,RMDFSZQ6YB9EEJDF,SAFAL Frozen Greenpeas 500 g 8901722060056 102,2,XIT0053
2026-10-07 17:15:21,B0V88OCA,Ca.4035953,Ca.3975065,ICEH8GAUFHHNUZUA,Kwality Wall's Cornetto 8909106032941 40,3,XISF5AU
2026-10-07 17:15:21,B0V88OCA,Ca.4035953,Ca.3975065,ICEHMVVFFT8GMPDP,Amul tru NA 8901262302432 50,1,XIS4UI5
2026-10-07 17:15:21,B0V88OCA,Ca.4035953,Ca.3975065,ICEHAP887AQU99FH,Kwality Wall's Magnum Truffle 8909106034938 80,1,XISQT60
2026-10-07 17:15:21,B0V88OCA,Ca.4035953,Ca.3975065,ICEGF3Z3E8NTJSQX,Kwality Wall's Disc Oreo Cornetto 8901030771699 65,4,XIS3RD6
2026-10-07 17:15:21,B0V88OCA,Ca.4035953,Ca.3975065,ICEHHWEZJCGK5GC9,Giani's Ice Cream Cone 8906057440634 70,3,XISVZ5S
2026-10-07 17:15:21,B0V88OCA,Ca.4035953,Ca.3975065,ICEHJY9THDNSZHVA,Mother Dairy Mewa 8901648012955 35,2,XIRLLIP
2026-10-07 17:15:21,B0V88OCA,Ca.4035953,Ca.3975065,RMDHCKNHJE8FWFK5,Chill Fill French Fries 1000 g 8908020813438 299,2,XIRXRW0
2026-10-07 17:15:21,B0V88OCA,Ca.4035953,Ca.3975065,ICEHAHKTTDTG6HYA,Vadilal Ice Cream Cone 8901777751060 40,2,XISKPPF
2026-10-07 17:15:21,B0V88OCA,Ca.4035953,Ca.3975065,ICEH8VUQYX7GEXHE,HAVMOR ICE CREAM NA 8904089301497 65,1,XISJYL7
2026-10-07 17:15:21,B0V88OCA,Ca.4035953,Ca.3975065,ICEHMYF3HQHJFGHX,Amul tru Santra Mantra 8901262302647 50,1,XIRDQTI
2026-10-07 17:15:21,B0V88OCA,Ca.4035953,Ca.3975065,RMDH35VZKSGDZYEP,ITC Master Chef CHILLI GARLIC POTATO SHOTS 420 g 8901725017439 140,1,XIODY11
2026-10-07 17:15:21,B0V88OCA,Ca.4035953,Ca.3975065,ICEHAHKTPCUTUPHB,"Vadilal Sandwich Ice Cream 8901777751114, 8901777760024 30",2,XISJX29
2026-10-07 17:15:21,B0V88OCA,Ca.4035953,Ca.3975065,ICEHACQJZFGKHVJH,Amul Tricone Ice Cream 8901262178211 50,3,XISK4FO
2026-10-07 17:15:21,B0V88OCA,Ca.4035953,Ca.3975065,ICEHJNHFJPSJFESU,"Kwality Walls Cornetto Crunch 8721274500400, 8721274500202 45",1,XIQLRE0
2026-10-07 17:15:21,B0V88OCA,Ca.4035953,Ca.3975065,ICEH8GBYYYGHJUCF,Kwality Wall's Choco Sandwich 8901030744563 38,2,XISPYQY
2026-10-07 17:18:29,B0V88OG6,Ca.4035953,Ca.3975065,SAMG66E4KPJHZHZA,"Amul Khoa Khova 200 g 8901262301138, 8901262050173 105",4,XISX28O
2026-10-07 17:18:29,B0V88OG6,Ca.4035953,Ca.3975065,ICEH8VUQZZMHAA7B,HAVMOR ICE CREAM Cookies N Cream 8904089326834 50,6,XISKUV2
2026-10-07 17:18:29,B0V88OG6,Ca.4035953,Ca.3975065,ICEHMQFWFGAGNA5A,Giani's Butterscotch 8906057440023 60,1,XIRHYH2
2026-10-07 17:18:29,B0V88OG6,Ca.4035953,Ca.3975065,ICEHHHCZHKTF3HQJ,Vadilal Pista kunafa 8901777751404 80,1,XIQXLT8
2026-10-07 17:18:29,B0V88OG6,Ca.4035953,Ca.3975065,RMDFSZQ6YB9EEJDF,SAFAL Frozen Greenpeas 500 g 8901722060056 102,1,XIT0053
2026-10-07 17:18:29,B0V88OG6,Ca.4035953,Ca.3975065,ICEHHWEZA73ZG6YH,Giani's Ice Cream Cup 8906057440092 65,1,XISZX40
2026-10-07 17:18:29,B0V88OG6,Ca.4035953,Ca.3975065,ICEH8GAUFHHNUZUA,Kwality Wall's Cornetto 8909106032941 40,3,XISF5AU
2026-10-07 17:18:29,B0V88OG6,Ca.4035953,Ca.3975065,ICEHAKZ6AR2ZGQFC,Kwality Wall's Icecream 8901030735103 190,1,XIR1W5M
2026-10-07 17:18:29,B0V88OG6,Ca.4035953,Ca.3975065,ICEH8VUQYMJEWGZJ,HAVMOR ICE CREAM Zulubar 8904089300353 50,1,XISUA3A
2026-10-07 17:18:29,B0V88OG6,Ca.4035953,Ca.3975065,RMDHDYBDNEBGZDHC,Wow! Momo Chef's Choice Veg Premium Momo 50 Pieces 8908015692772 450,1,XIS7ZD6
2026-10-07 17:18:29,B0V88OG6,Ca.4035953,Ca.3975065,ICEH8VUQYX7GEXHE,HAVMOR ICE CREAM NA 8904089301497 65,1,XISJYL7
2026-10-07 17:18:29,B0V88OG6,Ca.4035953,Ca.3975065,ICEHAHKTTDTG6HYA,Vadilal Ice Cream Cone 8901777751060 40,3,XISKPPF
2026-10-07 17:18:29,B0V88OG6,Ca.4035953,Ca.3975065,ICEHMYF3HQHJFGHX,Amul tru Santra Mantra 8901262302647 50,1,XIRDQTI
2026-10-07 17:18:29,B0V88OG6,Ca.4035953,Ca.3975065,ICEHMVVFBDMWNGQ6,Amul tru Litchi Lovely Litchi 8901262302470 270,1,XIRDQC7
2026-10-07 17:18:29,B0V88OG6,Ca.4035953,Ca.3975065,ICEHAHKTPCUTUPHB,"Vadilal Sandwich Ice Cream 8901777751114, 8901777760024 30",1,XISJX29
2026-10-07 17:18:29,B0V88OG6,Ca.4035953,Ca.3975065,ICEHACQJZFGKHVJH,Amul Tricone Ice Cream 8901262178211 50,4,XISK4FO
2026-10-07 17:22:55,B0V7SNEU,Ca.4035953,Ca.3975065,ICEHAHKTJNFAFPVY,Vadilal Ice Cream 8901777751046 50,2,XIRZZBT
2026-10-07 17:22:55,B0V7SNEU,Ca.4035953,Ca.3975065,ICEHACQJYCHWG6GH,Amul Tricone Ice Cream 8901262178204 40,3,XIT56SI
2026-10-07 17:22:55,B0V7SNEU,Ca.4035953,Ca.3975065,ICEGY6MTPAHHU8YQ,"Amul Ice Cream 8901262176552, 8901262176736 25",20,XIT571V
2026-10-07 17:22:55,B0V7SNEU,Ca.4035953,Ca.3975065,ICEHBDZ2RDWZTQ6X,"Amul Asli Aam Gold Ice Cream Stick 8901262300551, 8901262178235 30",2,XISKPU0
2026-10-07 17:22:55,B0V7SNEU,Ca.4035953,Ca.3975065,ICEHAHKT4ZRS2WCK,Vadilal NA 8901777868072 60,1,XISCG15
2026-10-07 17:22:55,B0V7SNEU,Ca.4035953,Ca.3975065,CHEGB6Y6BFP6WQ3G,Amul NA Mozzarella and Cheddar Cheese Diced 200 g 1 8901262020558 125,7,XISX1VJ
2026-10-07 17:22:55,B0V7SNEU,Ca.4035953,Ca.3975065,ICEHAHKTGMNXH8E5,Vadilal Cassata 8901777852125 65,1,XISOYP6
